[03:47:10] INFO     [logger] configured: LoggingLevels(stderr_level=CRITICAL, file_level=DEBUG)            logger.py:171
[03:47:10] INFO     [logger] configured: LoggingLevels(stderr_level=CRITICAL, file_level=DEBUG)            logger.py:171
           INFO     [1;38;5;69m📂 CURV_REPO_DIR/                                                  term_tree_maker.py:965
                    [0m    # root of curvcpu/curv repository                                                            
           INFO     [94m┗━━ [0m[1;38;5;69m📂 riscv-soc/                                           term_tree_maker.py:965
                    [0m                                                                                                 
           INFO     [94m    [0m[94m┣━━ [0m[1;38;5;69m📂 ../                                       term_tree_maker.py:965
                    [0m                                                                                                 
           INFO     [94m    [0m[94m┃   [0m[94m┣━━ [0m[1;38;5;160m📄 ..                            term_tree_maker.py:965
                    [0m    # CURV_REPO_DIR                                                                              
           INFO     [94m    [0m[94m┃   [0m[94m┗━━ [0m[1;38;5;160m📄 common/                       term_tree_maker.py:965
                    [0m    # CURV_COMMON_DIR                                                                            
           INFO     [94m    [0m[94m┣━━ [0m[1;38;5;69m📂 config/                                   term_tree_maker.py:965
                    [0m    # CURV_CONFIG_DIR                                                                            
           INFO     [94m    [0m[94m┃   [0m[94m┣━━ [0m[1;38;5;69m📂 schema/                        term_tree_maker.py:965
                    [0m    # CURV_CONFIG_SCHEMA_DIR                                                                     
           INFO     [94m    [0m[94m┃   [0m[94m┃   [0m[94m┣━━ [0m[1;38;5;160m📄 schema.toml        term_tree_maker.py:965
                    [0m    # DEFAULT_SCHEMA_TOML_PATH                                                                   
           INFO     [94m    [0m[94m┃   [0m[94m┃   [0m[94m┗━━ [0m[1;38;5;160m📄                    term_tree_maker.py:965
                    tb-extras-schema.toml                               [0m    #                                        
                    DEFAULT_TB_SCHEMA_TOML_PATH                                                                         
           INFO     [94m    [0m[94m┃   [0m[94m┣━━ [0m[1;38;5;69m📂 profiles/                      term_tree_maker.py:965
                    [0m    # CURV_CONFIG_PROFILES_DIR                                                                   
           INFO     [94m    [0m[94m┃   [0m[94m┃   [0m[94m┣━━ [0m[1;38;5;69m📂 overlays/           term_tree_maker.py:965
                    [0m    # CURV_CONFIG_PROFILE_OVERLAYS_DIR                                                           
           INFO     [94m    [0m[94m┃   [0m[94m┃   [0m[94m┃   [0m[94m┗━━ [0m[1;38;5;160m📄 tb.toml term_tree_maker.py:965
                    [0m    # DEFAULT_TB_OVERLAY_TOML_PATH                                                               
           INFO     [94m    [0m[94m┃   [0m[94m┃   [0m[94m┗━━ [0m[1;38;5;160m📄 $(PROFILE).toml    term_tree_maker.py:965
                    [0m    # DEFAULT_PROFILE_TOML_PATH                                                                  
           INFO     [94m    [0m[94m┃   [0m[94m┗━━ [0m[1;38;5;160m📄 memmap/                       term_tree_maker.py:965
                    [0m    # CURV_CONFIG_MEMMAP_DIR                                                                     
           INFO     [94m    [0m[94m┣━━ [0m[1;38;5;69m📂 boards/                                   term_tree_maker.py:965
                    [0m    # CURV_BOARDS_DIR                                                                            
           INFO     [94m    [0m[94m┃   [0m[94m┗━━ [0m[1;38;5;69m📂 $(BOARD)/                      term_tree_maker.py:965
                    [0m                                                                                                 
           INFO     [94m    [0m[94m┃   [0m[94m    [0m[94m┗━━ [0m[1;38;5;160m📄 devices/           term_tree_maker.py:965
                    [0m    # CURV_CONFIG_DEVICES_DIR                                                                    
           INFO     [94m    [0m[94m┗━━ [0m[1;38;5;69m📂 riscv/                                    term_tree_maker.py:965
                    [0m    # CURV_RISCV_DIR                                                                             
           INFO     [94m    [0m[94m    [0m[94m┣━━ [0m[1;38;5;69m📂 firmware/                      term_tree_maker.py:965
                    [0m    # CURV_FIRMWARE_DIR                                                                          
           INFO     [94m    [0m[94m    [0m[94m┃   [0m[94m┗━━ [0m[1;38;5;69m📂 cache-prefills/     term_tree_maker.py:965
                    [0m                                                                                                 
           INFO     [94m    [0m[94m    [0m[94m┃   [0m[94m    [0m[94m┗━━ [0m[1;38;5;160m📄         term_tree_maker.py:965
                    $(CFG_CACHE_HEX_FILES_SRC_NAME)/                [0m    #                                            
                    BUILD_CACHE_PREFILL_INPUT_DIR                                                                       
           INFO     [94m    [0m[94m    [0m[94m┗━━ [0m[1;38;5;69m📂 tb/                            term_tree_maker.py:965
                    [0m                                                                                                 
           INFO     [94m    [0m[94m    [0m[94m    [0m[94m┗━━ [0m[1;38;5;69m📂 verilator/          term_tree_maker.py:965
                    [0m                                                                                                 
           INFO     [94m    [0m[94m    [0m[94m    [0m[94m    [0m[94m┗━━ [0m[1;38;5;69m📂          term_tree_maker.py:965
                    riscvcpu/                                       [0m                                                 
           INFO     [94m    [0m[94m    [0m[94m    [0m[94m    [0m[94m    [0m[94m┗━━                term_tree_maker.py:965
                    [0m[1;38;5;69m📂 build/                                      [0m                                    
           INFO     [94m    [0m[94m    [0m[94m    [0m[94m    [0m[94m    [0m[94m    [0m[94m┣━━     term_tree_maker.py:965
                    [0m[1;38;5;69m📂 generated/                              [0m    #                                   
                    BUILD_GENERATED_DIR                                                                                 
           INFO     [94m    [0m[94m    [0m[94m    [0m[94m    [0m[94m    [0m[94m    [0m[94m┃       term_tree_maker.py:965
                    [0m[94m┣━━ [0m[1;38;5;69m📂 config/                             [0m                                 
           INFO     [94m    [0m[94m    [0m[94m    [0m[94m    [0m[94m    [0m[94m    [0m[94m┃       term_tree_maker.py:965
                    [0m[94m┃   [0m[94m┗━━ [0m[1;38;5;160m📄 merged.toml                     [0m                         
                    # DEFAULT_MERGED_TOML_NAME                                                                          
           INFO     [94m    [0m[94m    [0m[94m    [0m[94m    [0m[94m    [0m[94m    [0m[94m┃       term_tree_maker.py:965
                    [0m[94m┣━━ [0m[1;38;5;69m📂 make/                               [0m                                 
           INFO     [94m    [0m[94m    [0m[94m    [0m[94m    [0m[94m    [0m[94m    [0m[94m┃       term_tree_maker.py:965
                    [0m[94m┃   [0m[94m┣━━ [0m[1;38;5;160m📄 config.mk.d                     [0m                         
                    # DEFAULT_DEP_FILE_NAME                                                                             
           INFO     [94m    [0m[94m    [0m[94m    [0m[94m    [0m[94m    [0m[94m    [0m[94m┃       term_tree_maker.py:965
                    [0m[94m┃   [0m[94m┗━━ [0m[1;38;5;160m📄 curv.mk                         [0m                         
                    # CONFIG_MK                                                                                         
           INFO     [94m    [0m[94m    [0m[94m    [0m[94m    [0m[94m    [0m[94m    [0m[94m┃       term_tree_maker.py:965
                    [0m[94m┣━━ [0m[1;38;5;69m📂 hdl/                                [0m                                 
           INFO     [94m    [0m[94m    [0m[94m    [0m[94m    [0m[94m    [0m[94m    [0m[94m┃       term_tree_maker.py:965
                    [0m[94m┃   [0m[94m┣━━ [0m[1;38;5;160m📄 curvcfgpkg.sv                   [0m                         
                    # CONFIG_SVPKG                                                                                      
           INFO     [94m    [0m[94m    [0m[94m    [0m[94m    [0m[94m    [0m[94m    [0m[94m┃       term_tree_maker.py:965
                    [0m[94m┃   [0m[94m┗━━ [0m[1;38;5;160m📄 curvcfg.svh                     [0m                         
                    # CONFIG_SVH                                                                                        
           INFO     [94m    [0m[94m    [0m[94m    [0m[94m    [0m[94m    [0m[94m    [0m[94m┃       term_tree_maker.py:965
                    [0m[94m┣━━ [0m[1;38;5;69m📂 docs/                               [0m                                 
           INFO     [94m    [0m[94m    [0m[94m    [0m[94m    [0m[94m    [0m[94m    [0m[94m┃       term_tree_maker.py:965
                    [0m[94m┃   [0m[94m┗━━ [0m[1;38;5;160m📄 MEMORY_MAP.md                   [0m                         
                    # MEMMAP_MD                                                                                         
           INFO     [94m    [0m[94m    [0m[94m    [0m[94m    [0m[94m    [0m[94m    [0m[94m┃       term_tree_maker.py:965
                    [0m[94m┗━━ [0m[1;38;5;69m📂 shell/                              [0m                                 
           INFO     [94m    [0m[94m    [0m[94m    [0m[94m    [0m[94m    [0m[94m    [0m[94m┃       term_tree_maker.py:965
                    [0m[94m    [0m[94m┗━━ [0m[1;38;5;160m📄 curv.env                        [0m                         
                    # CONFIG_ENV                                                                                        
           INFO     [94m    [0m[94m    [0m[94m    [0m[94m    [0m[94m    [0m[94m    [0m[94m┗━━     term_tree_maker.py:965
                    [0m[1;38;5;69m📂 fw/                                     [0m    #                                   
                    BUILD_FIRMWARE_DIR                                                                                  
           INFO     [94m    [0m[94m    [0m[94m    [0m[94m    [0m[94m    [0m[94m    [0m[94m        term_tree_maker.py:965
                    [0m[94m┣━━ [0m[1;38;5;69m📂 cache-prefills/                     [0m    #                            
                    BUILD_FW_CACHE_PREFILLS_DIR                                                                         
           INFO     [94m    [0m[94m    [0m[94m    [0m[94m    [0m[94m    [0m[94m    [0m[94m        term_tree_maker.py:965
                    [0m[94m┃   [0m[94m┣━━ [0m[1;38;5;69m📂 build/                          [0m                          
                    # BUILD_FW_CACHE_PREFILLS_BIN_DIR                                                                   
           INFO     [94m    [0m[94m    [0m[94m    [0m[94m    [0m[94m    [0m[94m    [0m[94m        term_tree_maker.py:965
                    [0m[94m┃   [0m[94m┃   [0m[94m┣━━ [0m[1;38;5;160m📄 cache_hex_files_paths.svh                        
                    [0m    # BUILD_CACHE_PREFILL_HEX_HDR_FILE                                                           
           INFO     [94m    [0m[94m    [0m[94m    [0m[94m    [0m[94m    [0m[94m    [0m[94m        term_tree_maker.py:965
                    [0m[94m┃   [0m[94m┃   [0m[94m┣━━ [0m[1;38;5;160m📄 text-section.hex                                 
                    [0m    # BUILD_SRC_ICACHE_HEX_FILE                                                                  
           INFO     [94m    [0m[94m    [0m[94m    [0m[94m    [0m[94m    [0m[94m    [0m[94m        term_tree_maker.py:965
                    [0m[94m┃   [0m[94m┃   [0m[94m┣━━ [0m[1;38;5;160m📄 data-section.hex                                 
                    [0m    # BUILD_SRC_DCACHE_HEX_FILE                                                                  
           INFO     [94m    [0m[94m    [0m[94m    [0m[94m    [0m[94m    [0m[94m    [0m[94m        term_tree_maker.py:965
                    [0m[94m┃   [0m[94m┃   [0m[94m┣━━ [0m[1;38;5;160m📄 icache_dcache.hex                                
                    [0m    # BUILD_WISHBONE_HEX_FILE                                                                    
           INFO     [94m    [0m[94m    [0m[94m    [0m[94m    [0m[94m    [0m[94m    [0m[94m        term_tree_maker.py:965
                    [0m[94m┃   [0m[94m┃   [0m[94m┗━━ [0m[1;38;5;160m📄 cache_readme.txt                                 
                    [0m    # BUILD_CACHE_README_FILE                                                                    
           INFO     [94m    [0m[94m    [0m[94m    [0m[94m    [0m[94m    [0m[94m    [0m[94m        term_tree_maker.py:965
                    [0m[94m┃   [0m[94m┗━━ [0m[1;38;5;69m📂 $(CFG_CACHE_HEX_FILES_SRC_NAME)/[0m                          
                    # BUILD_CACHE_OUTPUT_HEX_FILES_ROOT_DIR                                                             
           INFO     [94m    [0m[94m    [0m[94m    [0m[94m    [0m[94m    [0m[94m    [0m[94m        term_tree_maker.py:965
                    [0m[94m┃   [0m[94m    [0m[94m┣━━ [0m[1;38;5;69m📂 dcache/                                           
                    [0m    # BUILD_DCACHE_DIR                                                                           
           INFO     [94m    [0m[94m    [0m[94m    [0m[94m    [0m[94m    [0m[94m    [0m[94m        term_tree_maker.py:965
                    [0m[94m┃   [0m[94m    [0m[94m┃   [0m[94m┣━━ [0m[1;38;5;160m📄 cachelines/                           
                    [0m    # BUILD_DCACHE_CACHELINES_DIR                                                                
           INFO     [94m    [0m[94m    [0m[94m    [0m[94m    [0m[94m    [0m[94m    [0m[94m        term_tree_maker.py:965
                    [0m[94m┃   [0m[94m    [0m[94m┃   [0m[94m┗━━ [0m[1;38;5;160m📄 tagram/                               
                    [0m    # BUILD_DCACHE_TAGRAM_DIR                                                                    
           INFO     [94m    [0m[94m    [0m[94m    [0m[94m    [0m[94m    [0m[94m    [0m[94m        term_tree_maker.py:965
                    [0m[94m┃   [0m[94m    [0m[94m┗━━ [0m[1;38;5;69m📂 icache/                                           
                    [0m    # BUILD_ICACHE_DIR                                                                           
           INFO     [94m    [0m[94m    [0m[94m    [0m[94m    [0m[94m    [0m[94m    [0m[94m        term_tree_maker.py:965
                    [0m[94m┃   [0m[94m    [0m[94m    [0m[94m┣━━ [0m[1;38;5;160m📄 cachelines/                           
                    [0m    # BUILD_ICACHE_CACHELINES_DIR                                                                
           INFO     [94m    [0m[94m    [0m[94m    [0m[94m    [0m[94m    [0m[94m    [0m[94m        term_tree_maker.py:965
                    [0m[94m┃   [0m[94m    [0m[94m    [0m[94m┗━━ [0m[1;38;5;160m📄 tagram/                               
                    [0m    # BUILD_ICACHE_TAGRAM_DIR                                                                    
           INFO     [94m    [0m[94m    [0m[94m    [0m[94m    [0m[94m    [0m[94m    [0m[94m        term_tree_maker.py:965
                    [0m[94m┗━━ [0m[1;38;5;69m📂 bootrom/                            [0m                                 
           INFO     [94m    [0m[94m    [0m[94m    [0m[94m    [0m[94m    [0m[94m    [0m[94m        term_tree_maker.py:965
                    [0m[94m    [0m[94m┗━━ [0m[1;38;5;160m📄 build/                          [0m                         
                    # BUILD_FW_BOOTROM_DIR                                                                              
           INFO     [94m    [0m[94m    [0m[94m    [0m[94m    [0m[94m    [0m[94m    [0m[94m        term_tree_maker.py:965
                    [0m[94m    [0m[94m┗━━ [0m[1;38;5;69m📂 hex-files/                      [0m                          
                    # BUILD_BOOTROM_HEX_FILES_DIR                                                                       
           INFO     [94m    [0m[94m    [0m[94m    [0m[94m    [0m[94m    [0m[94m    [0m[94m        term_tree_maker.py:965
                    [0m[94m    [0m[94m    [0m[94m┗━━ [0m[1;38;5;160m📄 bootrom.hex                                      
                    [0m    # BUILD_BOOTROM_HEX_FILES                                                                    
[03:49:23] INFO     [logger] configured: LoggingLevels(stderr_level=CRITICAL, file_level=DEBUG)            logger.py:171
[03:49:23] INFO     [logger] configured: LoggingLevels(stderr_level=CRITICAL, file_level=DEBUG)            logger.py:171
           INFO     [1;38;5;69m📂 CURV_REPO_DIR/                                                  term_tree_maker.py:965
                    [0m    # root of curvcpu/curv repository                                                            
           INFO     [94m┗━━ [0m[1;38;5;69m📂 riscv-soc/                                           term_tree_maker.py:965
                    [0m                                                                                                 
           INFO     [94m    [0m[94m┣━━ [0m[1;38;5;69m📂 ../                                       term_tree_maker.py:965
                    [0m                                                                                                 
           INFO     [94m    [0m[94m┃   [0m[94m┣━━ [0m[1;38;5;160m📄 ..                            term_tree_maker.py:965
                    [0m    # CURV_REPO_DIR                                                                              
           INFO     [94m    [0m[94m┃   [0m[94m┗━━ [0m[1;38;5;160m📄 common/                       term_tree_maker.py:965
                    [0m    # CURV_COMMON_DIR                                                                            
           INFO     [94m    [0m[94m┣━━ [0m[1;38;5;69m📂 config/                                   term_tree_maker.py:965
                    [0m    # CURV_CONFIG_DIR                                                                            
           INFO     [94m    [0m[94m┃   [0m[94m┣━━ [0m[1;38;5;69m📂 schema/                        term_tree_maker.py:965
                    [0m    # CURV_CONFIG_SCHEMA_DIR                                                                     
           INFO     [94m    [0m[94m┃   [0m[94m┃   [0m[94m┣━━ [0m[1;38;5;160m📄 schema.toml        term_tree_maker.py:965
                    [0m    # DEFAULT_SCHEMA_TOML_PATH                                                                   
           INFO     [94m    [0m[94m┃   [0m[94m┃   [0m[94m┗━━ [0m[1;38;5;160m📄                    term_tree_maker.py:965
                    tb-extras-schema.toml                               [0m    #                                        
                    DEFAULT_TB_SCHEMA_TOML_PATH                                                                         
           INFO     [94m    [0m[94m┃   [0m[94m┣━━ [0m[1;38;5;69m📂 profiles/                      term_tree_maker.py:965
                    [0m    # CURV_CONFIG_PROFILES_DIR                                                                   
           INFO     [94m    [0m[94m┃   [0m[94m┃   [0m[94m┣━━ [0m[1;38;5;69m📂 overlays/           term_tree_maker.py:965
                    [0m    # CURV_CONFIG_PROFILE_OVERLAYS_DIR                                                           
           INFO     [94m    [0m[94m┃   [0m[94m┃   [0m[94m┃   [0m[94m┗━━ [0m[1;38;5;160m📄 tb.toml term_tree_maker.py:965
                    [0m    # DEFAULT_TB_OVERLAY_TOML_PATH                                                               
           INFO     [94m    [0m[94m┃   [0m[94m┃   [0m[94m┗━━ [0m[1;38;5;160m📄 $(PROFILE).toml    term_tree_maker.py:965
                    [0m    # DEFAULT_PROFILE_TOML_PATH                                                                  
           INFO     [94m    [0m[94m┃   [0m[94m┗━━ [0m[1;38;5;160m📄 memmap/                       term_tree_maker.py:965
                    [0m    # CURV_CONFIG_MEMMAP_DIR                                                                     
           INFO     [94m    [0m[94m┣━━ [0m[1;38;5;69m📂 boards/                                   term_tree_maker.py:965
                    [0m    # CURV_BOARDS_DIR                                                                            
           INFO     [94m    [0m[94m┃   [0m[94m┗━━ [0m[1;38;5;69m📂 $(BOARD)/                      term_tree_maker.py:965
                    [0m                                                                                                 
           INFO     [94m    [0m[94m┃   [0m[94m    [0m[94m┗━━ [0m[1;38;5;160m📄 devices/           term_tree_maker.py:965
                    [0m    # CURV_CONFIG_DEVICES_DIR                                                                    
           INFO     [94m    [0m[94m┗━━ [0m[1;38;5;69m📂 riscv/                                    term_tree_maker.py:965
                    [0m    # CURV_RISCV_DIR                                                                             
           INFO     [94m    [0m[94m    [0m[94m┣━━ [0m[1;38;5;69m📂 firmware/                      term_tree_maker.py:965
                    [0m    # CURV_FIRMWARE_DIR                                                                          
           INFO     [94m    [0m[94m    [0m[94m┃   [0m[94m┗━━ [0m[1;38;5;69m📂 cache-prefills/     term_tree_maker.py:965
                    [0m                                                                                                 
           INFO     [94m    [0m[94m    [0m[94m┃   [0m[94m    [0m[94m┗━━ [0m[1;38;5;160m📄         term_tree_maker.py:965
                    $(CFG_CACHE_HEX_FILES_SRC_NAME)/                [0m    #                                            
                    BUILD_CACHE_PREFILL_INPUT_DIR                                                                       
           INFO     [94m    [0m[94m    [0m[94m┗━━ [0m[1;38;5;69m📂 tb/                            term_tree_maker.py:965
                    [0m                                                                                                 
           INFO     [94m    [0m[94m    [0m[94m    [0m[94m┗━━ [0m[1;38;5;69m📂 verilator/          term_tree_maker.py:965
                    [0m                                                                                                 
           INFO     [94m    [0m[94m    [0m[94m    [0m[94m    [0m[94m┗━━ [0m[1;38;5;69m📂          term_tree_maker.py:965
                    riscvcpu/                                       [0m                                                 
           INFO     [94m    [0m[94m    [0m[94m    [0m[94m    [0m[94m    [0m[94m┗━━                term_tree_maker.py:965
                    [0m[1;38;5;69m📂 build/                                      [0m                                    
           INFO     [94m    [0m[94m    [0m[94m    [0m[94m    [0m[94m    [0m[94m    [0m[94m┣━━     term_tree_maker.py:965
                    [0m[1;38;5;69m📂 generated/                              [0m    #                                   
                    BUILD_GENERATED_DIR                                                                                 
           INFO     [94m    [0m[94m    [0m[94m    [0m[94m    [0m[94m    [0m[94m    [0m[94m┃       term_tree_maker.py:965
                    [0m[94m┣━━ [0m[1;38;5;69m📂 config/                             [0m                                 
           INFO     [94m    [0m[94m    [0m[94m    [0m[94m    [0m[94m    [0m[94m    [0m[94m┃       term_tree_maker.py:965
                    [0m[94m┃   [0m[94m┗━━ [0m[1;38;5;160m📄 merged.toml                     [0m                         
                    # DEFAULT_MERGED_TOML_NAME                                                                          
           INFO     [94m    [0m[94m    [0m[94m    [0m[94m    [0m[94m    [0m[94m    [0m[94m┃       term_tree_maker.py:965
                    [0m[94m┣━━ [0m[1;38;5;69m📂 make/                               [0m                                 
           INFO     [94m    [0m[94m    [0m[94m    [0m[94m    [0m[94m    [0m[94m    [0m[94m┃       term_tree_maker.py:965
                    [0m[94m┃   [0m[94m┣━━ [0m[1;38;5;160m📄 config.mk.d                     [0m                         
                    # DEFAULT_DEP_FILE_NAME                                                                             
           INFO     [94m    [0m[94m    [0m[94m    [0m[94m    [0m[94m    [0m[94m    [0m[94m┃       term_tree_maker.py:965
                    [0m[94m┃   [0m[94m┗━━ [0m[1;38;5;160m📄 curv.mk                         [0m                         
                    # CONFIG_MK                                                                                         
           INFO     [94m    [0m[94m    [0m[94m    [0m[94m    [0m[94m    [0m[94m    [0m[94m┃       term_tree_maker.py:965
                    [0m[94m┣━━ [0m[1;38;5;69m📂 hdl/                                [0m                                 
           INFO     [94m    [0m[94m    [0m[94m    [0m[94m    [0m[94m    [0m[94m    [0m[94m┃       term_tree_maker.py:965
                    [0m[94m┃   [0m[94m┣━━ [0m[1;38;5;160m📄 curvcfgpkg.sv                   [0m                         
                    # CONFIG_SVPKG                                                                                      
           INFO     [94m    [0m[94m    [0m[94m    [0m[94m    [0m[94m    [0m[94m    [0m[94m┃       term_tree_maker.py:965
                    [0m[94m┃   [0m[94m┗━━ [0m[1;38;5;160m📄 curvcfg.svh                     [0m                         
                    # CONFIG_SVH                                                                                        
           INFO     [94m    [0m[94m    [0m[94m    [0m[94m    [0m[94m    [0m[94m    [0m[94m┃       term_tree_maker.py:965
                    [0m[94m┣━━ [0m[1;38;5;69m📂 docs/                               [0m                                 
           INFO     [94m    [0m[94m    [0m[94m    [0m[94m    [0m[94m    [0m[94m    [0m[94m┃       term_tree_maker.py:965
                    [0m[94m┃   [0m[94m┗━━ [0m[1;38;5;160m📄 MEMORY_MAP.md                   [0m                         
                    # MEMMAP_MD                                                                                         
           INFO     [94m    [0m[94m    [0m[94m    [0m[94m    [0m[94m    [0m[94m    [0m[94m┃       term_tree_maker.py:965
                    [0m[94m┗━━ [0m[1;38;5;69m📂 shell/                              [0m                                 
           INFO     [94m    [0m[94m    [0m[94m    [0m[94m    [0m[94m    [0m[94m    [0m[94m┃       term_tree_maker.py:965
                    [0m[94m    [0m[94m┗━━ [0m[1;38;5;160m📄 curv.env                        [0m                         
                    # CONFIG_ENV                                                                                        
           INFO     [94m    [0m[94m    [0m[94m    [0m[94m    [0m[94m    [0m[94m    [0m[94m┗━━     term_tree_maker.py:965
                    [0m[1;38;5;69m📂 fw/                                     [0m    #                                   
                    BUILD_FIRMWARE_DIR                                                                                  
           INFO     [94m    [0m[94m    [0m[94m    [0m[94m    [0m[94m    [0m[94m    [0m[94m        term_tree_maker.py:965
                    [0m[94m┣━━ [0m[1;38;5;69m📂 cache-prefills/                     [0m    #                            
                    BUILD_FW_CACHE_PREFILLS_DIR                                                                         
           INFO     [94m    [0m[94m    [0m[94m    [0m[94m    [0m[94m    [0m[94m    [0m[94m        term_tree_maker.py:965
                    [0m[94m┃   [0m[94m┣━━ [0m[1;38;5;69m📂 build/                          [0m                          
                    # BUILD_FW_CACHE_PREFILLS_BIN_DIR                                                                   
           INFO     [94m    [0m[94m    [0m[94m    [0m[94m    [0m[94m    [0m[94m    [0m[94m        term_tree_maker.py:965
                    [0m[94m┃   [0m[94m┃   [0m[94m┣━━ [0m[1;38;5;160m📄 cache_hex_files_paths.svh                        
                    [0m    # BUILD_CACHE_PREFILL_HEX_HDR_FILE                                                           
           INFO     [94m    [0m[94m    [0m[94m    [0m[94m    [0m[94m    [0m[94m    [0m[94m        term_tree_maker.py:965
                    [0m[94m┃   [0m[94m┃   [0m[94m┣━━ [0m[1;38;5;160m📄 text-section.hex                                 
                    [0m    # BUILD_SRC_ICACHE_HEX_FILE                                                                  
           INFO     [94m    [0m[94m    [0m[94m    [0m[94m    [0m[94m    [0m[94m    [0m[94m        term_tree_maker.py:965
                    [0m[94m┃   [0m[94m┃   [0m[94m┣━━ [0m[1;38;5;160m📄 data-section.hex                                 
                    [0m    # BUILD_SRC_DCACHE_HEX_FILE                                                                  
           INFO     [94m    [0m[94m    [0m[94m    [0m[94m    [0m[94m    [0m[94m    [0m[94m        term_tree_maker.py:965
                    [0m[94m┃   [0m[94m┃   [0m[94m┣━━ [0m[1;38;5;160m📄 icache_dcache.hex                                
                    [0m    # BUILD_WISHBONE_HEX_FILE                                                                    
           INFO     [94m    [0m[94m    [0m[94m    [0m[94m    [0m[94m    [0m[94m    [0m[94m        term_tree_maker.py:965
                    [0m[94m┃   [0m[94m┃   [0m[94m┗━━ [0m[1;38;5;160m📄 cache_readme.txt                                 
                    [0m    # BUILD_CACHE_README_FILE                                                                    
           INFO     [94m    [0m[94m    [0m[94m    [0m[94m    [0m[94m    [0m[94m    [0m[94m        term_tree_maker.py:965
                    [0m[94m┃   [0m[94m┗━━ [0m[1;38;5;69m📂 $(CFG_CACHE_HEX_FILES_SRC_NAME)/[0m                          
                    # BUILD_CACHE_OUTPUT_HEX_FILES_ROOT_DIR                                                             
           INFO     [94m    [0m[94m    [0m[94m    [0m[94m    [0m[94m    [0m[94m    [0m[94m        term_tree_maker.py:965
                    [0m[94m┃   [0m[94m    [0m[94m┣━━ [0m[1;38;5;69m📂 dcache/                                           
                    [0m    # BUILD_DCACHE_DIR                                                                           
           INFO     [94m    [0m[94m    [0m[94m    [0m[94m    [0m[94m    [0m[94m    [0m[94m        term_tree_maker.py:965
                    [0m[94m┃   [0m[94m    [0m[94m┃   [0m[94m┣━━ [0m[1;38;5;160m📄 cachelines/                           
                    [0m    # BUILD_DCACHE_CACHELINES_DIR                                                                
           INFO     [94m    [0m[94m    [0m[94m    [0m[94m    [0m[94m    [0m[94m    [0m[94m        term_tree_maker.py:965
                    [0m[94m┃   [0m[94m    [0m[94m┃   [0m[94m┗━━ [0m[1;38;5;160m📄 tagram/                               
                    [0m    # BUILD_DCACHE_TAGRAM_DIR                                                                    
           INFO     [94m    [0m[94m    [0m[94m    [0m[94m    [0m[94m    [0m[94m    [0m[94m        term_tree_maker.py:965
                    [0m[94m┃   [0m[94m    [0m[94m┗━━ [0m[1;38;5;69m📂 icache/                                           
                    [0m    # BUILD_ICACHE_DIR                                                                           
           INFO     [94m    [0m[94m    [0m[94m    [0m[94m    [0m[94m    [0m[94m    [0m[94m        term_tree_maker.py:965
                    [0m[94m┃   [0m[94m    [0m[94m    [0m[94m┣━━ [0m[1;38;5;160m📄 cachelines/                           
                    [0m    # BUILD_ICACHE_CACHELINES_DIR                                                                
           INFO     [94m    [0m[94m    [0m[94m    [0m[94m    [0m[94m    [0m[94m    [0m[94m        term_tree_maker.py:965
                    [0m[94m┃   [0m[94m    [0m[94m    [0m[94m┗━━ [0m[1;38;5;160m📄 tagram/                               
                    [0m    # BUILD_ICACHE_TAGRAM_DIR                                                                    
           INFO     [94m    [0m[94m    [0m[94m    [0m[94m    [0m[94m    [0m[94m    [0m[94m        term_tree_maker.py:965
                    [0m[94m┗━━ [0m[1;38;5;69m📂 bootrom/                            [0m                                 
           INFO     [94m    [0m[94m    [0m[94m    [0m[94m    [0m[94m    [0m[94m    [0m[94m        term_tree_maker.py:965
                    [0m[94m    [0m[94m┗━━ [0m[1;38;5;160m📄 build/                          [0m                         
                    # BUILD_FW_BOOTROM_DIR                                                                              
           INFO     [94m    [0m[94m    [0m[94m    [0m[94m    [0m[94m    [0m[94m    [0m[94m        term_tree_maker.py:965
                    [0m[94m    [0m[94m┗━━ [0m[1;38;5;69m📂 hex-files/                      [0m                          
                    # BUILD_BOOTROM_HEX_FILES_DIR                                                                       
           INFO     [94m    [0m[94m    [0m[94m    [0m[94m    [0m[94m    [0m[94m    [0m[94m        term_tree_maker.py:965
                    [0m[94m    [0m[94m    [0m[94m┗━━ [0m[1;38;5;160m📄 bootrom.hex                                      
                    [0m    # BUILD_BOOTROM_HEX_FILES                                                                    
[03:49:34] INFO     [logger] configured: LoggingLevels(stderr_level=CRITICAL, file_level=DEBUG)            logger.py:171
[03:49:34] INFO     [logger] configured: LoggingLevels(stderr_level=CRITICAL, file_level=DEBUG)            logger.py:171
           INFO     [1;38;5;69m📂 CURV_REPO_DIR/                                                  term_tree_maker.py:965
                    [0m    # root of curvcpu/curv repository                                                            
           INFO     [94m┗━━ [0m[1;38;5;69m📂 my-designs/                                          term_tree_maker.py:965
                    [0m                                                                                                 
           INFO     [94m    [0m[94m┗━━ [0m[1;38;5;69m📂 riscv-soc/                                term_tree_maker.py:965
                    [0m                                                                                                 
           INFO     [94m    [0m[94m    [0m[94m┣━━ [0m[1;38;5;69m📂 ../                            term_tree_maker.py:965
                    [0m                                                                                                 
           INFO     [94m    [0m[94m    [0m[94m┃   [0m[94m┣━━ [0m[1;38;5;160m📄 ..                 term_tree_maker.py:965
                    [0m    # CURV_REPO_DIR                                                                              
           INFO     [94m    [0m[94m    [0m[94m┃   [0m[94m┗━━ [0m[1;38;5;160m📄 common/            term_tree_maker.py:965
                    [0m    # CURV_COMMON_DIR                                                                            
           INFO     [94m    [0m[94m    [0m[94m┣━━ [0m[1;38;5;69m📂 config/                        term_tree_maker.py:965
                    [0m    # CURV_CONFIG_DIR                                                                            
           INFO     [94m    [0m[94m    [0m[94m┃   [0m[94m┣━━ [0m[1;38;5;69m📂 schema/             term_tree_maker.py:965
                    [0m    # CURV_CONFIG_SCHEMA_DIR                                                                     
           INFO     [94m    [0m[94m    [0m[94m┃   [0m[94m┃   [0m[94m┣━━ [0m[1;38;5;160m📄         term_tree_maker.py:965
                    schema.toml                                         [0m    #                                        
                    DEFAULT_SCHEMA_TOML_PATH                                                                            
           INFO     [94m    [0m[94m    [0m[94m┃   [0m[94m┃   [0m[94m┗━━ [0m[1;38;5;160m📄         term_tree_maker.py:965
                    tb-extras-schema.toml                               [0m    #                                        
                    DEFAULT_TB_SCHEMA_TOML_PATH                                                                         
           INFO     [94m    [0m[94m    [0m[94m┃   [0m[94m┣━━ [0m[1;38;5;69m📂 profiles/           term_tree_maker.py:965
                    [0m    # CURV_CONFIG_PROFILES_DIR                                                                   
           INFO     [94m    [0m[94m    [0m[94m┃   [0m[94m┃   [0m[94m┣━━ [0m[1;38;5;69m📂          term_tree_maker.py:965
                    overlays/                                           [0m    #                                        
                    CURV_CONFIG_PROFILE_OVERLAYS_DIR                                                                    
           INFO     [94m    [0m[94m    [0m[94m┃   [0m[94m┃   [0m[94m┃   [0m[94m┗━━                term_tree_maker.py:965
                    [0m[1;38;5;160m📄 tb.toml                                         [0m    #                          
                    DEFAULT_TB_OVERLAY_TOML_PATH                                                                        
           INFO     [94m    [0m[94m    [0m[94m┃   [0m[94m┃   [0m[94m┗━━ [0m[1;38;5;160m📄         term_tree_maker.py:965
                    $(PROFILE).toml                                     [0m    #                                        
                    DEFAULT_PROFILE_TOML_PATH                                                                           
           INFO     [94m    [0m[94m    [0m[94m┃   [0m[94m┗━━ [0m[1;38;5;160m📄 memmap/            term_tree_maker.py:965
                    [0m    # CURV_CONFIG_MEMMAP_DIR                                                                     
           INFO     [94m    [0m[94m    [0m[94m┣━━ [0m[1;38;5;69m📂 boards/                        term_tree_maker.py:965
                    [0m    # CURV_BOARDS_DIR                                                                            
           INFO     [94m    [0m[94m    [0m[94m┃   [0m[94m┗━━ [0m[1;38;5;69m📂 $(BOARD)/           term_tree_maker.py:965
                    [0m                                                                                                 
           INFO     [94m    [0m[94m    [0m[94m┃   [0m[94m    [0m[94m┗━━ [0m[1;38;5;160m📄         term_tree_maker.py:965
                    devices/                                            [0m    #                                        
                    CURV_CONFIG_DEVICES_DIR                                                                             
           INFO     [94m    [0m[94m    [0m[94m┗━━ [0m[1;38;5;69m📂 riscv/                         term_tree_maker.py:965
                    [0m    # CURV_RISCV_DIR                                                                             
           INFO     [94m    [0m[94m    [0m[94m    [0m[94m┣━━ [0m[1;38;5;69m📂 firmware/           term_tree_maker.py:965
                    [0m    # CURV_FIRMWARE_DIR                                                                          
           INFO     [94m    [0m[94m    [0m[94m    [0m[94m┃   [0m[94m┗━━ [0m[1;38;5;69m📂          term_tree_maker.py:965
                    cache-prefills/                                     [0m                                             
           INFO     [94m    [0m[94m    [0m[94m    [0m[94m┃   [0m[94m    [0m[94m┗━━                term_tree_maker.py:965
                    [0m[1;38;5;160m📄 $(CFG_CACHE_HEX_FILES_SRC_NAME)/                [0m    #                          
                    BUILD_CACHE_PREFILL_INPUT_DIR                                                                       
           INFO     [94m    [0m[94m    [0m[94m    [0m[94m┗━━ [0m[1;38;5;69m📂 tb/                 term_tree_maker.py:965
                    [0m                                                                                                 
           INFO     [94m    [0m[94m    [0m[94m    [0m[94m    [0m[94m┗━━ [0m[1;38;5;69m📂          term_tree_maker.py:965
                    verilator/                                          [0m                                             
           INFO     [94m    [0m[94m    [0m[94m    [0m[94m    [0m[94m    [0m[94m┗━━                term_tree_maker.py:965
                    [0m[1;38;5;69m📂 riscvcpu/                                       [0m                                
           INFO     [94m    [0m[94m    [0m[94m    [0m[94m    [0m[94m    [0m[94m    [0m[94m┗━━     term_tree_maker.py:965
                    [0m[1;38;5;69m📂 build/                                      [0m                                    
           INFO     [94m    [0m[94m    [0m[94m    [0m[94m    [0m[94m    [0m[94m    [0m[94m        term_tree_maker.py:965
                    [0m[94m┣━━ [0m[1;38;5;69m📂 generated/                              [0m    #                        
                    BUILD_GENERATED_DIR                                                                                 
           INFO     [94m    [0m[94m    [0m[94m    [0m[94m    [0m[94m    [0m[94m    [0m[94m        term_tree_maker.py:965
                    [0m[94m┃   [0m[94m┣━━ [0m[1;38;5;69m📂 config/                                                      
                    [0m                                                                                                 
           INFO     [94m    [0m[94m    [0m[94m    [0m[94m    [0m[94m    [0m[94m    [0m[94m        term_tree_maker.py:965
                    [0m[94m┃   [0m[94m┃   [0m[94m┗━━ [0m[1;38;5;160m📄 merged.toml                                      
                    [0m    # DEFAULT_MERGED_TOML_NAME                                                                   
           INFO     [94m    [0m[94m    [0m[94m    [0m[94m    [0m[94m    [0m[94m    [0m[94m        term_tree_maker.py:965
                    [0m[94m┃   [0m[94m┣━━ [0m[1;38;5;69m📂 make/                                                        
                    [0m                                                                                                 
           INFO     [94m    [0m[94m    [0m[94m    [0m[94m    [0m[94m    [0m[94m    [0m[94m        term_tree_maker.py:965
                    [0m[94m┃   [0m[94m┃   [0m[94m┣━━ [0m[1;38;5;160m📄 config.mk.d                                      
                    [0m    # DEFAULT_DEP_FILE_NAME                                                                      
           INFO     [94m    [0m[94m    [0m[94m    [0m[94m    [0m[94m    [0m[94m    [0m[94m        term_tree_maker.py:965
                    [0m[94m┃   [0m[94m┃   [0m[94m┗━━ [0m[1;38;5;160m📄 curv.mk                                          
                    [0m    # CONFIG_MK                                                                                  
           INFO     [94m    [0m[94m    [0m[94m    [0m[94m    [0m[94m    [0m[94m    [0m[94m        term_tree_maker.py:965
                    [0m[94m┃   [0m[94m┣━━ [0m[1;38;5;69m📂 hdl/                                                         
                    [0m                                                                                                 
           INFO     [94m    [0m[94m    [0m[94m    [0m[94m    [0m[94m    [0m[94m    [0m[94m        term_tree_maker.py:965
                    [0m[94m┃   [0m[94m┃   [0m[94m┣━━ [0m[1;38;5;160m📄 curvcfgpkg.sv                                    
                    [0m    # CONFIG_SVPKG                                                                               
           INFO     [94m    [0m[94m    [0m[94m    [0m[94m    [0m[94m    [0m[94m    [0m[94m        term_tree_maker.py:965
                    [0m[94m┃   [0m[94m┃   [0m[94m┗━━ [0m[1;38;5;160m📄 curvcfg.svh                                      
                    [0m    # CONFIG_SVH                                                                                 
           INFO     [94m    [0m[94m    [0m[94m    [0m[94m    [0m[94m    [0m[94m    [0m[94m        term_tree_maker.py:965
                    [0m[94m┃   [0m[94m┣━━ [0m[1;38;5;69m📂 docs/                                                        
                    [0m                                                                                                 
           INFO     [94m    [0m[94m    [0m[94m    [0m[94m    [0m[94m    [0m[94m    [0m[94m        term_tree_maker.py:965
                    [0m[94m┃   [0m[94m┃   [0m[94m┗━━ [0m[1;38;5;160m📄 MEMORY_MAP.md                                    
                    [0m    # MEMMAP_MD                                                                                  
           INFO     [94m    [0m[94m    [0m[94m    [0m[94m    [0m[94m    [0m[94m    [0m[94m        term_tree_maker.py:965
                    [0m[94m┃   [0m[94m┗━━ [0m[1;38;5;69m📂 shell/                                                       
                    [0m                                                                                                 
           INFO     [94m    [0m[94m    [0m[94m    [0m[94m    [0m[94m    [0m[94m    [0m[94m        term_tree_maker.py:965
                    [0m[94m┃   [0m[94m    [0m[94m┗━━ [0m[1;38;5;160m📄 curv.env                                         
                    [0m    # CONFIG_ENV                                                                                 
           INFO     [94m    [0m[94m    [0m[94m    [0m[94m    [0m[94m    [0m[94m    [0m[94m        term_tree_maker.py:965
                    [0m[94m┗━━ [0m[1;38;5;69m📂 fw/                                     [0m    #                        
                    BUILD_FIRMWARE_DIR                                                                                  
           INFO     [94m    [0m[94m    [0m[94m    [0m[94m    [0m[94m    [0m[94m    [0m[94m        term_tree_maker.py:965
                    [0m[94m    [0m[94m┣━━ [0m[1;38;5;69m📂 cache-prefills/                                              
                    [0m    # BUILD_FW_CACHE_PREFILLS_DIR                                                                
           INFO     [94m    [0m[94m    [0m[94m    [0m[94m    [0m[94m    [0m[94m    [0m[94m        term_tree_maker.py:965
                    [0m[94m    [0m[94m┃   [0m[94m┣━━ [0m[1;38;5;69m📂 build/                                            
                    [0m    # BUILD_FW_CACHE_PREFILLS_BIN_DIR                                                            
           INFO     [94m    [0m[94m    [0m[94m    [0m[94m    [0m[94m    [0m[94m    [0m[94m        term_tree_maker.py:965
                    [0m[94m    [0m[94m┃   [0m[94m┃   [0m[94m┣━━ [0m[1;38;5;160m📄                                       
                    cache_hex_files_paths.svh   [0m    # BUILD_CACHE_PREFILL_HEX_HDR_FILE                               
           INFO     [94m    [0m[94m    [0m[94m    [0m[94m    [0m[94m    [0m[94m    [0m[94m        term_tree_maker.py:965
                    [0m[94m    [0m[94m┃   [0m[94m┃   [0m[94m┣━━ [0m[1;38;5;160m📄                                       
                    text-section.hex            [0m    # BUILD_SRC_ICACHE_HEX_FILE                                      
           INFO     [94m    [0m[94m    [0m[94m    [0m[94m    [0m[94m    [0m[94m    [0m[94m        term_tree_maker.py:965
                    [0m[94m    [0m[94m┃   [0m[94m┃   [0m[94m┣━━ [0m[1;38;5;160m📄                                       
                    data-section.hex            [0m    # BUILD_SRC_DCACHE_HEX_FILE                                      
           INFO     [94m    [0m[94m    [0m[94m    [0m[94m    [0m[94m    [0m[94m    [0m[94m        term_tree_maker.py:965
                    [0m[94m    [0m[94m┃   [0m[94m┃   [0m[94m┣━━ [0m[1;38;5;160m📄                                       
                    icache_dcache.hex           [0m    # BUILD_WISHBONE_HEX_FILE                                        
           INFO     [94m    [0m[94m    [0m[94m    [0m[94m    [0m[94m    [0m[94m    [0m[94m        term_tree_maker.py:965
                    [0m[94m    [0m[94m┃   [0m[94m┃   [0m[94m┗━━ [0m[1;38;5;160m📄                                       
                    cache_readme.txt            [0m    # BUILD_CACHE_README_FILE                                        
           INFO     [94m    [0m[94m    [0m[94m    [0m[94m    [0m[94m    [0m[94m    [0m[94m        term_tree_maker.py:965
                    [0m[94m    [0m[94m┃   [0m[94m┗━━ [0m[1;38;5;69m📂                                                   
                    $(CFG_CACHE_HEX_FILES_SRC_NAME)/[0m    #                                                            
                    BUILD_CACHE_OUTPUT_HEX_FILES_ROOT_DIR                                                               
           INFO     [94m    [0m[94m    [0m[94m    [0m[94m    [0m[94m    [0m[94m    [0m[94m        term_tree_maker.py:965
                    [0m[94m    [0m[94m┃   [0m[94m    [0m[94m┣━━ [0m[1;38;5;69m📂 dcache/                                
                    [0m    # BUILD_DCACHE_DIR                                                                           
           INFO     [94m    [0m[94m    [0m[94m    [0m[94m    [0m[94m    [0m[94m    [0m[94m        term_tree_maker.py:965
                    [0m[94m    [0m[94m┃   [0m[94m    [0m[94m┃   [0m[94m┣━━ [0m[1;38;5;160m📄                            
                    cachelines/             [0m    # BUILD_DCACHE_CACHELINES_DIR                                        
           INFO     [94m    [0m[94m    [0m[94m    [0m[94m    [0m[94m    [0m[94m    [0m[94m        term_tree_maker.py:965
                    [0m[94m    [0m[94m┃   [0m[94m    [0m[94m┃   [0m[94m┗━━ [0m[1;38;5;160m📄                            
                    tagram/                 [0m    # BUILD_DCACHE_TAGRAM_DIR                                            
           INFO     [94m    [0m[94m    [0m[94m    [0m[94m    [0m[94m    [0m[94m    [0m[94m        term_tree_maker.py:965
                    [0m[94m    [0m[94m┃   [0m[94m    [0m[94m┗━━ [0m[1;38;5;69m📂 icache/                                
                    [0m    # BUILD_ICACHE_DIR                                                                           
           INFO     [94m    [0m[94m    [0m[94m    [0m[94m    [0m[94m    [0m[94m    [0m[94m        term_tree_maker.py:965
                    [0m[94m    [0m[94m┃   [0m[94m    [0m[94m    [0m[94m┣━━ [0m[1;38;5;160m📄                            
                    cachelines/             [0m    # BUILD_ICACHE_CACHELINES_DIR                                        
           INFO     [94m    [0m[94m    [0m[94m    [0m[94m    [0m[94m    [0m[94m    [0m[94m        term_tree_maker.py:965
                    [0m[94m    [0m[94m┃   [0m[94m    [0m[94m    [0m[94m┗━━ [0m[1;38;5;160m📄                            
                    tagram/                 [0m    # BUILD_ICACHE_TAGRAM_DIR                                            
           INFO     [94m    [0m[94m    [0m[94m    [0m[94m    [0m[94m    [0m[94m    [0m[94m        term_tree_maker.py:965
                    [0m[94m    [0m[94m┗━━ [0m[1;38;5;69m📂 bootrom/                                                     
                    [0m                                                                                                 
           INFO     [94m    [0m[94m    [0m[94m    [0m[94m    [0m[94m    [0m[94m    [0m[94m        term_tree_maker.py:965
                    [0m[94m    [0m[94m    [0m[94m┗━━ [0m[1;38;5;160m📄 build/                                           
                    [0m    # BUILD_FW_BOOTROM_DIR                                                                       
           INFO     [94m    [0m[94m    [0m[94m    [0m[94m    [0m[94m    [0m[94m    [0m[94m        term_tree_maker.py:965
                    [0m[94m    [0m[94m    [0m[94m┗━━ [0m[1;38;5;69m📂 hex-files/                                        
                    [0m    # BUILD_BOOTROM_HEX_FILES_DIR                                                                
           INFO     [94m    [0m[94m    [0m[94m    [0m[94m    [0m[94m    [0m[94m    [0m[94m        term_tree_maker.py:965
                    [0m[94m    [0m[94m    [0m[94m    [0m[94m┗━━ [0m[1;38;5;160m📄 bootrom.hex                           
                    [0m    # BUILD_BOOTROM_HEX_FILES                                                                    
[03:50:00] INFO     [logger] configured: LoggingLevels(stderr_level=CRITICAL, file_level=DEBUG)            logger.py:171
[03:50:00] INFO     [logger] configured: LoggingLevels(stderr_level=CRITICAL, file_level=DEBUG)            logger.py:171
           INFO     [1;38;5;69m📂 CURV_REPO_DIR/                                                  term_tree_maker.py:965
                    [0m    # root of curvcpu/curv repository                                                            
           INFO     [94m┣━━ [0m[1;38;5;69m📂 ../                                                  term_tree_maker.py:965
                    [0m                                                                                                 
           INFO     [94m┃   [0m[94m┣━━ [0m[1;38;5;160m📄 ..                                       term_tree_maker.py:965
                    [0m    # CURV_REPO_DIR                                                                              
           INFO     [94m┃   [0m[94m┗━━ [0m[1;38;5;160m📄 common/                                  term_tree_maker.py:965
                    [0m    # CURV_COMMON_DIR                                                                            
           INFO     [94m┣━━ [0m[1;38;5;69m📂 config/                                              term_tree_maker.py:965
                    [0m    # CURV_CONFIG_DIR                                                                            
           INFO     [94m┃   [0m[94m┣━━ [0m[1;38;5;69m📂 schema/                                   term_tree_maker.py:965
                    [0m    # CURV_CONFIG_SCHEMA_DIR                                                                     
           INFO     [94m┃   [0m[94m┃   [0m[94m┣━━ [0m[1;38;5;160m📄 schema.toml                   term_tree_maker.py:965
                    [0m    # DEFAULT_SCHEMA_TOML_PATH                                                                   
           INFO     [94m┃   [0m[94m┃   [0m[94m┗━━ [0m[1;38;5;160m📄 tb-extras-schema.toml         term_tree_maker.py:965
                    [0m    # DEFAULT_TB_SCHEMA_TOML_PATH                                                                
           INFO     [94m┃   [0m[94m┣━━ [0m[1;38;5;69m📂 profiles/                                 term_tree_maker.py:965
                    [0m    # CURV_CONFIG_PROFILES_DIR                                                                   
           INFO     [94m┃   [0m[94m┃   [0m[94m┣━━ [0m[1;38;5;69m📂 overlays/                      term_tree_maker.py:965
                    [0m    # CURV_CONFIG_PROFILE_OVERLAYS_DIR                                                           
           INFO     [94m┃   [0m[94m┃   [0m[94m┃   [0m[94m┗━━ [0m[1;38;5;160m📄 tb.toml            term_tree_maker.py:965
                    [0m    # DEFAULT_TB_OVERLAY_TOML_PATH                                                               
           INFO     [94m┃   [0m[94m┃   [0m[94m┗━━ [0m[1;38;5;160m📄 $(PROFILE).toml               term_tree_maker.py:965
                    [0m    # DEFAULT_PROFILE_TOML_PATH                                                                  
           INFO     [94m┃   [0m[94m┗━━ [0m[1;38;5;160m📄 memmap/                                  term_tree_maker.py:965
                    [0m    # CURV_CONFIG_MEMMAP_DIR                                                                     
           INFO     [94m┣━━ [0m[1;38;5;69m📂 boards/                                              term_tree_maker.py:965
                    [0m    # CURV_BOARDS_DIR                                                                            
           INFO     [94m┃   [0m[94m┗━━ [0m[1;38;5;69m📂 $(BOARD)/                                 term_tree_maker.py:965
                    [0m                                                                                                 
           INFO     [94m┃   [0m[94m    [0m[94m┗━━ [0m[1;38;5;160m📄 devices/                      term_tree_maker.py:965
                    [0m    # CURV_CONFIG_DEVICES_DIR                                                                    
           INFO     [94m┗━━ [0m[1;38;5;69m📂 riscv/                                               term_tree_maker.py:965
                    [0m    # CURV_RISCV_DIR                                                                             
           INFO     [94m    [0m[94m┣━━ [0m[1;38;5;69m📂 firmware/                                 term_tree_maker.py:965
                    [0m    # CURV_FIRMWARE_DIR                                                                          
           INFO     [94m    [0m[94m┃   [0m[94m┗━━ [0m[1;38;5;69m📂 cache-prefills/                term_tree_maker.py:965
                    [0m                                                                                                 
           INFO     [94m    [0m[94m┃   [0m[94m    [0m[94m┗━━ [0m[1;38;5;160m📄                    term_tree_maker.py:965
                    $(CFG_CACHE_HEX_FILES_SRC_NAME)/                [0m    #                                            
                    BUILD_CACHE_PREFILL_INPUT_DIR                                                                       
           INFO     [94m    [0m[94m┗━━ [0m[1;38;5;69m📂 tb/                                       term_tree_maker.py:965
                    [0m                                                                                                 
           INFO     [94m    [0m[94m    [0m[94m┗━━ [0m[1;38;5;69m📂 verilator/                     term_tree_maker.py:965
                    [0m                                                                                                 
           INFO     [94m    [0m[94m    [0m[94m    [0m[94m┗━━ [0m[1;38;5;69m📂 riscvcpu/           term_tree_maker.py:965
                    [0m                                                                                                 
           INFO     [94m    [0m[94m    [0m[94m    [0m[94m    [0m[94m┗━━ [0m[1;38;5;69m📂 build/   term_tree_maker.py:965
                    [0m                                                                                                 
           INFO     [94m    [0m[94m    [0m[94m    [0m[94m    [0m[94m    [0m[94m┣━━                term_tree_maker.py:965
                    [0m[1;38;5;69m📂 generated/                              [0m    #                                   
                    BUILD_GENERATED_DIR                                                                                 
           INFO     [94m    [0m[94m    [0m[94m    [0m[94m    [0m[94m    [0m[94m┃   [0m[94m┣━━     term_tree_maker.py:965
                    [0m[1;38;5;69m📂 config/                             [0m                                            
           INFO     [94m    [0m[94m    [0m[94m    [0m[94m    [0m[94m    [0m[94m┃   [0m[94m┃       term_tree_maker.py:965
                    [0m[94m┗━━ [0m[1;38;5;160m📄 merged.toml                     [0m    #                               
                    DEFAULT_MERGED_TOML_NAME                                                                            
           INFO     [94m    [0m[94m    [0m[94m    [0m[94m    [0m[94m    [0m[94m┃   [0m[94m┣━━     term_tree_maker.py:965
                    [0m[1;38;5;69m📂 make/                               [0m                                            
           INFO     [94m    [0m[94m    [0m[94m    [0m[94m    [0m[94m    [0m[94m┃   [0m[94m┃       term_tree_maker.py:965
                    [0m[94m┣━━ [0m[1;38;5;160m📄 config.mk.d                     [0m    #                               
                    DEFAULT_DEP_FILE_NAME                                                                               
           INFO     [94m    [0m[94m    [0m[94m    [0m[94m    [0m[94m    [0m[94m┃   [0m[94m┃       term_tree_maker.py:965
                    [0m[94m┗━━ [0m[1;38;5;160m📄 curv.mk                         [0m    #                               
                    CONFIG_MK                                                                                           
           INFO     [94m    [0m[94m    [0m[94m    [0m[94m    [0m[94m    [0m[94m┃   [0m[94m┣━━     term_tree_maker.py:965
                    [0m[1;38;5;69m📂 hdl/                                [0m                                            
           INFO     [94m    [0m[94m    [0m[94m    [0m[94m    [0m[94m    [0m[94m┃   [0m[94m┃       term_tree_maker.py:965
                    [0m[94m┣━━ [0m[1;38;5;160m📄 curvcfgpkg.sv                   [0m    #                               
                    CONFIG_SVPKG                                                                                        
           INFO     [94m    [0m[94m    [0m[94m    [0m[94m    [0m[94m    [0m[94m┃   [0m[94m┃       term_tree_maker.py:965
                    [0m[94m┗━━ [0m[1;38;5;160m📄 curvcfg.svh                     [0m    #                               
                    CONFIG_SVH                                                                                          
           INFO     [94m    [0m[94m    [0m[94m    [0m[94m    [0m[94m    [0m[94m┃   [0m[94m┣━━     term_tree_maker.py:965
                    [0m[1;38;5;69m📂 docs/                               [0m                                            
           INFO     [94m    [0m[94m    [0m[94m    [0m[94m    [0m[94m    [0m[94m┃   [0m[94m┃       term_tree_maker.py:965
                    [0m[94m┗━━ [0m[1;38;5;160m📄 MEMORY_MAP.md                   [0m    #                               
                    MEMMAP_MD                                                                                           
           INFO     [94m    [0m[94m    [0m[94m    [0m[94m    [0m[94m    [0m[94m┃   [0m[94m┗━━     term_tree_maker.py:965
                    [0m[1;38;5;69m📂 shell/                              [0m                                            
           INFO     [94m    [0m[94m    [0m[94m    [0m[94m    [0m[94m    [0m[94m┃   [0m[94m        term_tree_maker.py:965
                    [0m[94m┗━━ [0m[1;38;5;160m📄 curv.env                        [0m    #                               
                    CONFIG_ENV                                                                                          
           INFO     [94m    [0m[94m    [0m[94m    [0m[94m    [0m[94m    [0m[94m┗━━                term_tree_maker.py:965
                    [0m[1;38;5;69m📂 fw/                                     [0m    #                                   
                    BUILD_FIRMWARE_DIR                                                                                  
           INFO     [94m    [0m[94m    [0m[94m    [0m[94m    [0m[94m    [0m[94m    [0m[94m┣━━     term_tree_maker.py:965
                    [0m[1;38;5;69m📂 cache-prefills/                     [0m    #                                       
                    BUILD_FW_CACHE_PREFILLS_DIR                                                                         
           INFO     [94m    [0m[94m    [0m[94m    [0m[94m    [0m[94m    [0m[94m    [0m[94m┃       term_tree_maker.py:965
                    [0m[94m┣━━ [0m[1;38;5;69m📂 build/                          [0m    #                                
                    BUILD_FW_CACHE_PREFILLS_BIN_DIR                                                                     
           INFO     [94m    [0m[94m    [0m[94m    [0m[94m    [0m[94m    [0m[94m    [0m[94m┃       term_tree_maker.py:965
                    [0m[94m┃   [0m[94m┣━━ [0m[1;38;5;160m📄 cache_hex_files_paths.svh   [0m    #                        
                    BUILD_CACHE_PREFILL_HEX_HDR_FILE                                                                    
           INFO     [94m    [0m[94m    [0m[94m    [0m[94m    [0m[94m    [0m[94m    [0m[94m┃       term_tree_maker.py:965
                    [0m[94m┃   [0m[94m┣━━ [0m[1;38;5;160m📄 text-section.hex            [0m    #                        
                    BUILD_SRC_ICACHE_HEX_FILE                                                                           
           INFO     [94m    [0m[94m    [0m[94m    [0m[94m    [0m[94m    [0m[94m    [0m[94m┃       term_tree_maker.py:965
                    [0m[94m┃   [0m[94m┣━━ [0m[1;38;5;160m📄 data-section.hex            [0m    #                        
                    BUILD_SRC_DCACHE_HEX_FILE                                                                           
           INFO     [94m    [0m[94m    [0m[94m    [0m[94m    [0m[94m    [0m[94m    [0m[94m┃       term_tree_maker.py:965
                    [0m[94m┃   [0m[94m┣━━ [0m[1;38;5;160m📄 icache_dcache.hex           [0m    #                        
                    BUILD_WISHBONE_HEX_FILE                                                                             
           INFO     [94m    [0m[94m    [0m[94m    [0m[94m    [0m[94m    [0m[94m    [0m[94m┃       term_tree_maker.py:965
                    [0m[94m┃   [0m[94m┗━━ [0m[1;38;5;160m📄 cache_readme.txt            [0m    #                        
                    BUILD_CACHE_README_FILE                                                                             
           INFO     [94m    [0m[94m    [0m[94m    [0m[94m    [0m[94m    [0m[94m    [0m[94m┃       term_tree_maker.py:965
                    [0m[94m┗━━ [0m[1;38;5;69m📂 $(CFG_CACHE_HEX_FILES_SRC_NAME)/[0m    #                                
                    BUILD_CACHE_OUTPUT_HEX_FILES_ROOT_DIR                                                               
           INFO     [94m    [0m[94m    [0m[94m    [0m[94m    [0m[94m    [0m[94m    [0m[94m┃       term_tree_maker.py:965
                    [0m[94m    [0m[94m┣━━ [0m[1;38;5;69m📂 dcache/                     [0m    #                         
                    BUILD_DCACHE_DIR                                                                                    
           INFO     [94m    [0m[94m    [0m[94m    [0m[94m    [0m[94m    [0m[94m    [0m[94m┃       term_tree_maker.py:965
                    [0m[94m    [0m[94m┃   [0m[94m┣━━ [0m[1;38;5;160m📄 cachelines/                                      
                    [0m    # BUILD_DCACHE_CACHELINES_DIR                                                                
           INFO     [94m    [0m[94m    [0m[94m    [0m[94m    [0m[94m    [0m[94m    [0m[94m┃       term_tree_maker.py:965
                    [0m[94m    [0m[94m┃   [0m[94m┗━━ [0m[1;38;5;160m📄 tagram/                                          
                    [0m    # BUILD_DCACHE_TAGRAM_DIR                                                                    
           INFO     [94m    [0m[94m    [0m[94m    [0m[94m    [0m[94m    [0m[94m    [0m[94m┃       term_tree_maker.py:965
                    [0m[94m    [0m[94m┗━━ [0m[1;38;5;69m📂 icache/                     [0m    #                         
                    BUILD_ICACHE_DIR                                                                                    
           INFO     [94m    [0m[94m    [0m[94m    [0m[94m    [0m[94m    [0m[94m    [0m[94m┃       term_tree_maker.py:965
                    [0m[94m    [0m[94m    [0m[94m┣━━ [0m[1;38;5;160m📄 cachelines/                                      
                    [0m    # BUILD_ICACHE_CACHELINES_DIR                                                                
           INFO     [94m    [0m[94m    [0m[94m    [0m[94m    [0m[94m    [0m[94m    [0m[94m┃       term_tree_maker.py:965
                    [0m[94m    [0m[94m    [0m[94m┗━━ [0m[1;38;5;160m📄 tagram/                                          
                    [0m    # BUILD_ICACHE_TAGRAM_DIR                                                                    
           INFO     [94m    [0m[94m    [0m[94m    [0m[94m    [0m[94m    [0m[94m    [0m[94m┗━━     term_tree_maker.py:965
                    [0m[1;38;5;69m📂 bootrom/                            [0m                                            
           INFO     [94m    [0m[94m    [0m[94m    [0m[94m    [0m[94m    [0m[94m    [0m[94m        term_tree_maker.py:965
                    [0m[94m┗━━ [0m[1;38;5;160m📄 build/                          [0m    #                               
                    BUILD_FW_BOOTROM_DIR                                                                                
           INFO     [94m    [0m[94m    [0m[94m    [0m[94m    [0m[94m    [0m[94m    [0m[94m        term_tree_maker.py:965
                    [0m[94m┗━━ [0m[1;38;5;69m📂 hex-files/                      [0m    #                                
                    BUILD_BOOTROM_HEX_FILES_DIR                                                                         
           INFO     [94m    [0m[94m    [0m[94m    [0m[94m    [0m[94m    [0m[94m    [0m[94m        term_tree_maker.py:965
                    [0m[94m    [0m[94m┗━━ [0m[1;38;5;160m📄 bootrom.hex                 [0m    #                        
                    BUILD_BOOTROM_HEX_FILES                                                                             
[03:50:25] INFO     [logger] configured: LoggingLevels(stderr_level=CRITICAL, file_level=DEBUG)            logger.py:171
[03:50:25] INFO     [logger] configured: LoggingLevels(stderr_level=CRITICAL, file_level=DEBUG)            logger.py:171
           INFO     [1;38;5;69m📂 CURV_REPO_DIR/                                                  term_tree_maker.py:966
                    [0m    # root of curvcpu/curv repository                                                            
           INFO     [94m┣━━ [0m[1;38;5;69m📂 ../                                                  term_tree_maker.py:966
                    [0m                                                                                                 
           INFO     [94m┃   [0m[94m┣━━ [0m[1;38;5;160m📄 ..                                       term_tree_maker.py:966
                    [0m    # CURV_REPO_DIR                                                                              
           INFO     [94m┃   [0m[94m┗━━ [0m[1;38;5;160m📄 common/                                  term_tree_maker.py:966
                    [0m    # CURV_COMMON_DIR                                                                            
           INFO     [94m┣━━ [0m[1;38;5;69m📂 config/                                              term_tree_maker.py:966
                    [0m    # CURV_CONFIG_DIR                                                                            
           INFO     [94m┃   [0m[94m┣━━ [0m[1;38;5;69m📂 schema/                                   term_tree_maker.py:966
                    [0m    # CURV_CONFIG_SCHEMA_DIR                                                                     
           INFO     [94m┃   [0m[94m┃   [0m[94m┣━━ [0m[1;38;5;160m📄 schema.toml                   term_tree_maker.py:966
                    [0m    # DEFAULT_SCHEMA_TOML_PATH                                                                   
           INFO     [94m┃   [0m[94m┃   [0m[94m┗━━ [0m[1;38;5;160m📄 tb-extras-schema.toml         term_tree_maker.py:966
                    [0m    # DEFAULT_TB_SCHEMA_TOML_PATH                                                                
           INFO     [94m┃   [0m[94m┣━━ [0m[1;38;5;69m📂 profiles/                                 term_tree_maker.py:966
                    [0m    # CURV_CONFIG_PROFILES_DIR                                                                   
           INFO     [94m┃   [0m[94m┃   [0m[94m┣━━ [0m[1;38;5;69m📂 overlays/                      term_tree_maker.py:966
                    [0m    # CURV_CONFIG_PROFILE_OVERLAYS_DIR                                                           
           INFO     [94m┃   [0m[94m┃   [0m[94m┃   [0m[94m┗━━ [0m[1;38;5;160m📄 tb.toml            term_tree_maker.py:966
                    [0m    # DEFAULT_TB_OVERLAY_TOML_PATH                                                               
           INFO     [94m┃   [0m[94m┃   [0m[94m┗━━ [0m[1;38;5;160m📄 $(PROFILE).toml               term_tree_maker.py:966
                    [0m    # DEFAULT_PROFILE_TOML_PATH                                                                  
           INFO     [94m┃   [0m[94m┗━━ [0m[1;38;5;160m📄 memmap/                                  term_tree_maker.py:966
                    [0m    # CURV_CONFIG_MEMMAP_DIR                                                                     
           INFO     [94m┣━━ [0m[1;38;5;69m📂 boards/                                              term_tree_maker.py:966
                    [0m    # CURV_BOARDS_DIR                                                                            
           INFO     [94m┃   [0m[94m┗━━ [0m[1;38;5;69m📂 $(BOARD)/                                 term_tree_maker.py:966
                    [0m                                                                                                 
           INFO     [94m┃   [0m[94m    [0m[94m┗━━ [0m[1;38;5;160m📄 devices/                      term_tree_maker.py:966
                    [0m    # CURV_CONFIG_DEVICES_DIR                                                                    
           INFO     [94m┗━━ [0m[1;38;5;69m📂 riscv/                                               term_tree_maker.py:966
                    [0m    # CURV_RISCV_DIR                                                                             
           INFO     [94m    [0m[94m┣━━ [0m[1;38;5;69m📂 firmware/                                 term_tree_maker.py:966
                    [0m    # CURV_FIRMWARE_DIR                                                                          
           INFO     [94m    [0m[94m┃   [0m[94m┗━━ [0m[1;38;5;69m📂 cache-prefills/                term_tree_maker.py:966
                    [0m                                                                                                 
           INFO     [94m    [0m[94m┃   [0m[94m    [0m[94m┗━━ [0m[1;38;5;160m📄                    term_tree_maker.py:966
                    $(CFG_CACHE_HEX_FILES_SRC_NAME)/                [0m    #                                            
                    BUILD_CACHE_PREFILL_INPUT_DIR                                                                       
           INFO     [94m    [0m[94m┗━━ [0m[1;38;5;69m📂 tb/                                       term_tree_maker.py:966
                    [0m                                                                                                 
           INFO     [94m    [0m[94m    [0m[94m┗━━ [0m[1;38;5;69m📂 verilator/                     term_tree_maker.py:966
                    [0m                                                                                                 
           INFO     [94m    [0m[94m    [0m[94m    [0m[94m┗━━ [0m[1;38;5;69m📂 riscvcpu/           term_tree_maker.py:966
                    [0m                                                                                                 
           INFO     [94m    [0m[94m    [0m[94m    [0m[94m    [0m[94m┗━━ [0m[1;38;5;69m📂 build/   term_tree_maker.py:966
                    [0m                                                                                                 
           INFO     [94m    [0m[94m    [0m[94m    [0m[94m    [0m[94m    [0m[94m┣━━                term_tree_maker.py:966
                    [0m[1;38;5;69m📂 generated/                              [0m    #                                   
                    BUILD_GENERATED_DIR                                                                                 
           INFO     [94m    [0m[94m    [0m[94m    [0m[94m    [0m[94m    [0m[94m┃   [0m[94m┣━━     term_tree_maker.py:966
                    [0m[1;38;5;69m📂 config/                             [0m                                            
           INFO     [94m    [0m[94m    [0m[94m    [0m[94m    [0m[94m    [0m[94m┃   [0m[94m┃       term_tree_maker.py:966
                    [0m[94m┗━━ [0m[1;38;5;160m📄 merged.toml                     [0m    #                               
                    DEFAULT_MERGED_TOML_NAME                                                                            
           INFO     [94m    [0m[94m    [0m[94m    [0m[94m    [0m[94m    [0m[94m┃   [0m[94m┣━━     term_tree_maker.py:966
                    [0m[1;38;5;69m📂 make/                               [0m                                            
           INFO     [94m    [0m[94m    [0m[94m    [0m[94m    [0m[94m    [0m[94m┃   [0m[94m┃       term_tree_maker.py:966
                    [0m[94m┣━━ [0m[1;38;5;160m📄 config.mk.d                     [0m    #                               
                    DEFAULT_DEP_FILE_NAME                                                                               
           INFO     [94m    [0m[94m    [0m[94m    [0m[94m    [0m[94m    [0m[94m┃   [0m[94m┃       term_tree_maker.py:966
                    [0m[94m┗━━ [0m[1;38;5;160m📄 curv.mk                         [0m    #                               
                    CONFIG_MK                                                                                           
           INFO     [94m    [0m[94m    [0m[94m    [0m[94m    [0m[94m    [0m[94m┃   [0m[94m┣━━     term_tree_maker.py:966
                    [0m[1;38;5;69m📂 hdl/                                [0m                                            
           INFO     [94m    [0m[94m    [0m[94m    [0m[94m    [0m[94m    [0m[94m┃   [0m[94m┃       term_tree_maker.py:966
                    [0m[94m┣━━ [0m[1;38;5;160m📄 curvcfgpkg.sv                   [0m    #                               
                    CONFIG_SVPKG                                                                                        
           INFO     [94m    [0m[94m    [0m[94m    [0m[94m    [0m[94m    [0m[94m┃   [0m[94m┃       term_tree_maker.py:966
                    [0m[94m┗━━ [0m[1;38;5;160m📄 curvcfg.svh                     [0m    #                               
                    CONFIG_SVH                                                                                          
           INFO     [94m    [0m[94m    [0m[94m    [0m[94m    [0m[94m    [0m[94m┃   [0m[94m┣━━     term_tree_maker.py:966
                    [0m[1;38;5;69m📂 docs/                               [0m                                            
           INFO     [94m    [0m[94m    [0m[94m    [0m[94m    [0m[94m    [0m[94m┃   [0m[94m┃       term_tree_maker.py:966
                    [0m[94m┗━━ [0m[1;38;5;160m📄 MEMORY_MAP.md                   [0m    #                               
                    MEMMAP_MD                                                                                           
           INFO     [94m    [0m[94m    [0m[94m    [0m[94m    [0m[94m    [0m[94m┃   [0m[94m┗━━     term_tree_maker.py:966
                    [0m[1;38;5;69m📂 shell/                              [0m                                            
           INFO     [94m    [0m[94m    [0m[94m    [0m[94m    [0m[94m    [0m[94m┃   [0m[94m        term_tree_maker.py:966
                    [0m[94m┗━━ [0m[1;38;5;160m📄 curv.env                        [0m    #                               
                    CONFIG_ENV                                                                                          
           INFO     [94m    [0m[94m    [0m[94m    [0m[94m    [0m[94m    [0m[94m┗━━                term_tree_maker.py:966
                    [0m[1;38;5;69m📂 fw/                                     [0m    #                                   
                    BUILD_FIRMWARE_DIR                                                                                  
           INFO     [94m    [0m[94m    [0m[94m    [0m[94m    [0m[94m    [0m[94m    [0m[94m┣━━     term_tree_maker.py:966
                    [0m[1;38;5;69m📂 cache-prefills/                     [0m    #                                       
                    BUILD_FW_CACHE_PREFILLS_DIR                                                                         
           INFO     [94m    [0m[94m    [0m[94m    [0m[94m    [0m[94m    [0m[94m    [0m[94m┃       term_tree_maker.py:966
                    [0m[94m┣━━ [0m[1;38;5;69m📂 build/                          [0m    #                                
                    BUILD_FW_CACHE_PREFILLS_BIN_DIR                                                                     
           INFO     [94m    [0m[94m    [0m[94m    [0m[94m    [0m[94m    [0m[94m    [0m[94m┃       term_tree_maker.py:966
                    [0m[94m┃   [0m[94m┣━━ [0m[1;38;5;160m📄 cache_hex_files_paths.svh   [0m    #                        
                    BUILD_CACHE_PREFILL_HEX_HDR_FILE                                                                    
           INFO     [94m    [0m[94m    [0m[94m    [0m[94m    [0m[94m    [0m[94m    [0m[94m┃       term_tree_maker.py:966
                    [0m[94m┃   [0m[94m┣━━ [0m[1;38;5;160m📄 text-section.hex            [0m    #                        
                    BUILD_SRC_ICACHE_HEX_FILE                                                                           
           INFO     [94m    [0m[94m    [0m[94m    [0m[94m    [0m[94m    [0m[94m    [0m[94m┃       term_tree_maker.py:966
                    [0m[94m┃   [0m[94m┣━━ [0m[1;38;5;160m📄 data-section.hex            [0m    #                        
                    BUILD_SRC_DCACHE_HEX_FILE                                                                           
           INFO     [94m    [0m[94m    [0m[94m    [0m[94m    [0m[94m    [0m[94m    [0m[94m┃       term_tree_maker.py:966
                    [0m[94m┃   [0m[94m┣━━ [0m[1;38;5;160m📄 icache_dcache.hex           [0m    #                        
                    BUILD_WISHBONE_HEX_FILE                                                                             
           INFO     [94m    [0m[94m    [0m[94m    [0m[94m    [0m[94m    [0m[94m    [0m[94m┃       term_tree_maker.py:966
                    [0m[94m┃   [0m[94m┗━━ [0m[1;38;5;160m📄 cache_readme.txt            [0m    #                        
                    BUILD_CACHE_README_FILE                                                                             
           INFO     [94m    [0m[94m    [0m[94m    [0m[94m    [0m[94m    [0m[94m    [0m[94m┃       term_tree_maker.py:966
                    [0m[94m┗━━ [0m[1;38;5;69m📂 $(CFG_CACHE_HEX_FILES_SRC_NAME)/[0m    #                                
                    BUILD_CACHE_OUTPUT_HEX_FILES_ROOT_DIR                                                               
           INFO     [94m    [0m[94m    [0m[94m    [0m[94m    [0m[94m    [0m[94m    [0m[94m┃       term_tree_maker.py:966
                    [0m[94m    [0m[94m┣━━ [0m[1;38;5;69m📂 dcache/                     [0m    #                         
                    BUILD_DCACHE_DIR                                                                                    
           INFO     [94m    [0m[94m    [0m[94m    [0m[94m    [0m[94m    [0m[94m    [0m[94m┃       term_tree_maker.py:966
                    [0m[94m    [0m[94m┃   [0m[94m┣━━ [0m[1;38;5;160m📄 cachelines/                                      
                    [0m    # BUILD_DCACHE_CACHELINES_DIR                                                                
           INFO     [94m    [0m[94m    [0m[94m    [0m[94m    [0m[94m    [0m[94m    [0m[94m┃       term_tree_maker.py:966
                    [0m[94m    [0m[94m┃   [0m[94m┗━━ [0m[1;38;5;160m📄 tagram/                                          
                    [0m    # BUILD_DCACHE_TAGRAM_DIR                                                                    
           INFO     [94m    [0m[94m    [0m[94m    [0m[94m    [0m[94m    [0m[94m    [0m[94m┃       term_tree_maker.py:966
                    [0m[94m    [0m[94m┗━━ [0m[1;38;5;69m📂 icache/                     [0m    #                         
                    BUILD_ICACHE_DIR                                                                                    
           INFO     [94m    [0m[94m    [0m[94m    [0m[94m    [0m[94m    [0m[94m    [0m[94m┃       term_tree_maker.py:966
                    [0m[94m    [0m[94m    [0m[94m┣━━ [0m[1;38;5;160m📄 cachelines/                                      
                    [0m    # BUILD_ICACHE_CACHELINES_DIR                                                                
           INFO     [94m    [0m[94m    [0m[94m    [0m[94m    [0m[94m    [0m[94m    [0m[94m┃       term_tree_maker.py:966
                    [0m[94m    [0m[94m    [0m[94m┗━━ [0m[1;38;5;160m📄 tagram/                                          
                    [0m    # BUILD_ICACHE_TAGRAM_DIR                                                                    
           INFO     [94m    [0m[94m    [0m[94m    [0m[94m    [0m[94m    [0m[94m    [0m[94m┗━━     term_tree_maker.py:966
                    [0m[1;38;5;69m📂 bootrom/                            [0m                                            
           INFO     [94m    [0m[94m    [0m[94m    [0m[94m    [0m[94m    [0m[94m    [0m[94m        term_tree_maker.py:966
                    [0m[94m┗━━ [0m[1;38;5;160m📄 build/                          [0m    #                               
                    BUILD_FW_BOOTROM_DIR                                                                                
           INFO     [94m    [0m[94m    [0m[94m    [0m[94m    [0m[94m    [0m[94m    [0m[94m        term_tree_maker.py:966
                    [0m[94m┗━━ [0m[1;38;5;69m📂 hex-files/                      [0m    #                                
                    BUILD_BOOTROM_HEX_FILES_DIR                                                                         
           INFO     [94m    [0m[94m    [0m[94m    [0m[94m    [0m[94m    [0m[94m    [0m[94m        term_tree_maker.py:966
                    [0m[94m    [0m[94m┗━━ [0m[1;38;5;160m📄 bootrom.hex                 [0m    #                        
                    BUILD_BOOTROM_HEX_FILES                                                                             
[03:50:51] INFO     [logger] configured: LoggingLevels(stderr_level=CRITICAL, file_level=DEBUG)            logger.py:171
[03:50:51] INFO     [logger] configured: LoggingLevels(stderr_level=CRITICAL, file_level=DEBUG)            logger.py:171
           INFO     [1;38;5;69m📂 CURV_REPO_DIR/                                                  term_tree_maker.py:966
                    [0m    # root of curvcpu/curv repository                                                            
           INFO     [94m┣━━ [0m[1;38;5;69m📂 ../                                                  term_tree_maker.py:966
                    [0m                                                                                                 
           INFO     [94m┃   [0m[94m┣━━ [0m[1;38;5;160m📄 ..                                       term_tree_maker.py:966
                    [0m    # CURV_REPO_DIR                                                                              
           INFO     [94m┃   [0m[94m┗━━ [0m[1;38;5;160m📄 common/                                  term_tree_maker.py:966
                    [0m    # CURV_COMMON_DIR                                                                            
           INFO     [94m┣━━ [0m[1;38;5;69m📂 config/                                              term_tree_maker.py:966
                    [0m    # CURV_CONFIG_DIR                                                                            
           INFO     [94m┃   [0m[94m┣━━ [0m[1;38;5;69m📂 schema/                                   term_tree_maker.py:966
                    [0m    # CURV_CONFIG_SCHEMA_DIR                                                                     
           INFO     [94m┃   [0m[94m┃   [0m[94m┣━━ [0m[1;38;5;160m📄 schema.toml                   term_tree_maker.py:966
                    [0m    # DEFAULT_SCHEMA_TOML_PATH                                                                   
           INFO     [94m┃   [0m[94m┃   [0m[94m┗━━ [0m[1;38;5;160m📄 tb-extras-schema.toml         term_tree_maker.py:966
                    [0m    # DEFAULT_TB_SCHEMA_TOML_PATH                                                                
           INFO     [94m┃   [0m[94m┣━━ [0m[1;38;5;69m📂 profiles/                                 term_tree_maker.py:966
                    [0m    # CURV_CONFIG_PROFILES_DIR                                                                   
           INFO     [94m┃   [0m[94m┃   [0m[94m┣━━ [0m[1;38;5;69m📂 overlays/                      term_tree_maker.py:966
                    [0m    # CURV_CONFIG_PROFILE_OVERLAYS_DIR                                                           
           INFO     [94m┃   [0m[94m┃   [0m[94m┃   [0m[94m┗━━ [0m[1;38;5;160m📄 tb.toml            term_tree_maker.py:966
                    [0m    # DEFAULT_TB_OVERLAY_TOML_PATH                                                               
           INFO     [94m┃   [0m[94m┃   [0m[94m┗━━ [0m[1;38;5;160m📄 $(PROFILE).toml               term_tree_maker.py:966
                    [0m    # DEFAULT_PROFILE_TOML_PATH                                                                  
           INFO     [94m┃   [0m[94m┗━━ [0m[1;38;5;160m📄 memmap/                                  term_tree_maker.py:966
                    [0m    # CURV_CONFIG_MEMMAP_DIR                                                                     
           INFO     [94m┣━━ [0m[1;38;5;69m📂 boards/                                              term_tree_maker.py:966
                    [0m    # CURV_BOARDS_DIR                                                                            
           INFO     [94m┃   [0m[94m┗━━ [0m[1;38;5;69m📂 $(BOARD)/                                 term_tree_maker.py:966
                    [0m                                                                                                 
           INFO     [94m┃   [0m[94m    [0m[94m┗━━ [0m[1;38;5;160m📄 devices/                      term_tree_maker.py:966
                    [0m    # CURV_CONFIG_DEVICES_DIR                                                                    
           INFO     [94m┗━━ [0m[1;38;5;69m📂 riscv/                                               term_tree_maker.py:966
                    [0m    # CURV_RISCV_DIR                                                                             
           INFO     [94m    [0m[94m┣━━ [0m[1;38;5;69m📂 firmware/                                 term_tree_maker.py:966
                    [0m    # CURV_FIRMWARE_DIR                                                                          
           INFO     [94m    [0m[94m┃   [0m[94m┗━━ [0m[1;38;5;69m📂 cache-prefills/                term_tree_maker.py:966
                    [0m                                                                                                 
           INFO     [94m    [0m[94m┃   [0m[94m    [0m[94m┗━━ [0m[1;38;5;160m📄                    term_tree_maker.py:966
                    $(CFG_CACHE_HEX_FILES_SRC_NAME)/                [0m    #                                            
                    BUILD_CACHE_PREFILL_INPUT_DIR                                                                       
           INFO     [94m    [0m[94m┗━━ [0m[1;38;5;69m📂 tb/                                       term_tree_maker.py:966
                    [0m                                                                                                 
           INFO     [94m    [0m[94m    [0m[94m┗━━ [0m[1;38;5;69m📂 verilator/                     term_tree_maker.py:966
                    [0m                                                                                                 
           INFO     [94m    [0m[94m    [0m[94m    [0m[94m┗━━ [0m[1;38;5;69m📂 riscvcpu/           term_tree_maker.py:966
                    [0m                                                                                                 
           INFO     [94m    [0m[94m    [0m[94m    [0m[94m    [0m[94m┗━━ [0m[1;38;5;69m📂 build/   term_tree_maker.py:966
                    [0m                                                                                                 
           INFO     [94m    [0m[94m    [0m[94m    [0m[94m    [0m[94m    [0m[94m┣━━                term_tree_maker.py:966
                    [0m[1;38;5;69m📂 generated/                              [0m    #                                   
                    BUILD_GENERATED_DIR                                                                                 
           INFO     [94m    [0m[94m    [0m[94m    [0m[94m    [0m[94m    [0m[94m┃   [0m[94m┣━━     term_tree_maker.py:966
                    [0m[1;38;5;69m📂 config/                             [0m                                            
           INFO     [94m    [0m[94m    [0m[94m    [0m[94m    [0m[94m    [0m[94m┃   [0m[94m┃       term_tree_maker.py:966
                    [0m[94m┗━━ [0m[1;38;5;160m📄 merged.toml                     [0m    #                               
                    DEFAULT_MERGED_TOML_NAME                                                                            
           INFO     [94m    [0m[94m    [0m[94m    [0m[94m    [0m[94m    [0m[94m┃   [0m[94m┣━━     term_tree_maker.py:966
                    [0m[1;38;5;69m📂 make/                               [0m                                            
           INFO     [94m    [0m[94m    [0m[94m    [0m[94m    [0m[94m    [0m[94m┃   [0m[94m┃       term_tree_maker.py:966
                    [0m[94m┣━━ [0m[1;38;5;160m📄 config.mk.d                     [0m    #                               
                    DEFAULT_DEP_FILE_NAME                                                                               
           INFO     [94m    [0m[94m    [0m[94m    [0m[94m    [0m[94m    [0m[94m┃   [0m[94m┃       term_tree_maker.py:966
                    [0m[94m┗━━ [0m[1;38;5;160m📄 curv.mk                         [0m    #                               
                    CONFIG_MK                                                                                           
           INFO     [94m    [0m[94m    [0m[94m    [0m[94m    [0m[94m    [0m[94m┃   [0m[94m┣━━     term_tree_maker.py:966
                    [0m[1;38;5;69m📂 hdl/                                [0m                                            
           INFO     [94m    [0m[94m    [0m[94m    [0m[94m    [0m[94m    [0m[94m┃   [0m[94m┃       term_tree_maker.py:966
                    [0m[94m┣━━ [0m[1;38;5;160m📄 curvcfgpkg.sv                   [0m    #                               
                    CONFIG_SVPKG                                                                                        
           INFO     [94m    [0m[94m    [0m[94m    [0m[94m    [0m[94m    [0m[94m┃   [0m[94m┃       term_tree_maker.py:966
                    [0m[94m┗━━ [0m[1;38;5;160m📄 curvcfg.svh                     [0m    #                               
                    CONFIG_SVH                                                                                          
           INFO     [94m    [0m[94m    [0m[94m    [0m[94m    [0m[94m    [0m[94m┃   [0m[94m┣━━     term_tree_maker.py:966
                    [0m[1;38;5;69m📂 docs/                               [0m                                            
           INFO     [94m    [0m[94m    [0m[94m    [0m[94m    [0m[94m    [0m[94m┃   [0m[94m┃       term_tree_maker.py:966
                    [0m[94m┗━━ [0m[1;38;5;160m📄 MEMORY_MAP.md                   [0m    #                               
                    MEMMAP_MD                                                                                           
           INFO     [94m    [0m[94m    [0m[94m    [0m[94m    [0m[94m    [0m[94m┃   [0m[94m┗━━     term_tree_maker.py:966
                    [0m[1;38;5;69m📂 shell/                              [0m                                            
           INFO     [94m    [0m[94m    [0m[94m    [0m[94m    [0m[94m    [0m[94m┃   [0m[94m        term_tree_maker.py:966
                    [0m[94m┗━━ [0m[1;38;5;160m📄 curv.env                        [0m    #                               
                    CONFIG_ENV                                                                                          
           INFO     [94m    [0m[94m    [0m[94m    [0m[94m    [0m[94m    [0m[94m┗━━                term_tree_maker.py:966
                    [0m[1;38;5;69m📂 fw/                                     [0m    #                                   
                    BUILD_FIRMWARE_DIR                                                                                  
           INFO     [94m    [0m[94m    [0m[94m    [0m[94m    [0m[94m    [0m[94m    [0m[94m┣━━     term_tree_maker.py:966
                    [0m[1;38;5;69m📂 cache-prefills/                     [0m    #                                       
                    BUILD_FW_CACHE_PREFILLS_DIR                                                                         
           INFO     [94m    [0m[94m    [0m[94m    [0m[94m    [0m[94m    [0m[94m    [0m[94m┃       term_tree_maker.py:966
                    [0m[94m┣━━ [0m[1;38;5;69m📂 build/                          [0m    #                                
                    BUILD_FW_CACHE_PREFILLS_BIN_DIR                                                                     
           INFO     [94m    [0m[94m    [0m[94m    [0m[94m    [0m[94m    [0m[94m    [0m[94m┃       term_tree_maker.py:966
                    [0m[94m┃   [0m[94m┣━━ [0m[1;38;5;160m📄 cache_hex_files_paths.svh   [0m    #                        
                    BUILD_CACHE_PREFILL_HEX_HDR_FILE                                                                    
           INFO     [94m    [0m[94m    [0m[94m    [0m[94m    [0m[94m    [0m[94m    [0m[94m┃       term_tree_maker.py:966
                    [0m[94m┃   [0m[94m┣━━ [0m[1;38;5;160m📄 text-section.hex            [0m    #                        
                    BUILD_SRC_ICACHE_HEX_FILE                                                                           
           INFO     [94m    [0m[94m    [0m[94m    [0m[94m    [0m[94m    [0m[94m    [0m[94m┃       term_tree_maker.py:966
                    [0m[94m┃   [0m[94m┣━━ [0m[1;38;5;160m📄 data-section.hex            [0m    #                        
                    BUILD_SRC_DCACHE_HEX_FILE                                                                           
           INFO     [94m    [0m[94m    [0m[94m    [0m[94m    [0m[94m    [0m[94m    [0m[94m┃       term_tree_maker.py:966
                    [0m[94m┃   [0m[94m┣━━ [0m[1;38;5;160m📄 icache_dcache.hex           [0m    #                        
                    BUILD_WISHBONE_HEX_FILE                                                                             
           INFO     [94m    [0m[94m    [0m[94m    [0m[94m    [0m[94m    [0m[94m    [0m[94m┃       term_tree_maker.py:966
                    [0m[94m┃   [0m[94m┗━━ [0m[1;38;5;160m📄 cache_readme.txt            [0m    #                        
                    BUILD_CACHE_README_FILE                                                                             
           INFO     [94m    [0m[94m    [0m[94m    [0m[94m    [0m[94m    [0m[94m    [0m[94m┃       term_tree_maker.py:966
                    [0m[94m┗━━ [0m[1;38;5;69m📂 $(CFG_CACHE_HEX_FILES_SRC_NAME)/[0m    #                                
                    BUILD_CACHE_OUTPUT_HEX_FILES_ROOT_DIR                                                               
           INFO     [94m    [0m[94m    [0m[94m    [0m[94m    [0m[94m    [0m[94m    [0m[94m┃       term_tree_maker.py:966
                    [0m[94m    [0m[94m┣━━ [0m[1;38;5;69m📂 dcache/                     [0m    #                         
                    BUILD_DCACHE_DIR                                                                                    
           INFO     [94m    [0m[94m    [0m[94m    [0m[94m    [0m[94m    [0m[94m    [0m[94m┃       term_tree_maker.py:966
                    [0m[94m    [0m[94m┃   [0m[94m┣━━ [0m[1;38;5;160m📄 cachelines/                                      
                    [0m    # BUILD_DCACHE_CACHELINES_DIR                                                                
           INFO     [94m    [0m[94m    [0m[94m    [0m[94m    [0m[94m    [0m[94m    [0m[94m┃       term_tree_maker.py:966
                    [0m[94m    [0m[94m┃   [0m[94m┗━━ [0m[1;38;5;160m📄 tagram/                                          
                    [0m    # BUILD_DCACHE_TAGRAM_DIR                                                                    
           INFO     [94m    [0m[94m    [0m[94m    [0m[94m    [0m[94m    [0m[94m    [0m[94m┃       term_tree_maker.py:966
                    [0m[94m    [0m[94m┗━━ [0m[1;38;5;69m📂 icache/                     [0m    #                         
                    BUILD_ICACHE_DIR                                                                                    
           INFO     [94m    [0m[94m    [0m[94m    [0m[94m    [0m[94m    [0m[94m    [0m[94m┃       term_tree_maker.py:966
                    [0m[94m    [0m[94m    [0m[94m┣━━ [0m[1;38;5;160m📄 cachelines/                                      
                    [0m    # BUILD_ICACHE_CACHELINES_DIR                                                                
           INFO     [94m    [0m[94m    [0m[94m    [0m[94m    [0m[94m    [0m[94m    [0m[94m┃       term_tree_maker.py:966
                    [0m[94m    [0m[94m    [0m[94m┗━━ [0m[1;38;5;160m📄 tagram/                                          
                    [0m    # BUILD_ICACHE_TAGRAM_DIR                                                                    
           INFO     [94m    [0m[94m    [0m[94m    [0m[94m    [0m[94m    [0m[94m    [0m[94m┗━━     term_tree_maker.py:966
                    [0m[1;38;5;69m📂 bootrom/                            [0m                                            
           INFO     [94m    [0m[94m    [0m[94m    [0m[94m    [0m[94m    [0m[94m    [0m[94m        term_tree_maker.py:966
                    [0m[94m┗━━ [0m[1;38;5;160m📄 build/                          [0m    #                               
                    BUILD_FW_BOOTROM_DIR                                                                                
           INFO     [94m    [0m[94m    [0m[94m    [0m[94m    [0m[94m    [0m[94m    [0m[94m        term_tree_maker.py:966
                    [0m[94m┗━━ [0m[1;38;5;69m📂 hex-files/                      [0m    #                                
                    BUILD_BOOTROM_HEX_FILES_DIR                                                                         
           INFO     [94m    [0m[94m    [0m[94m    [0m[94m    [0m[94m    [0m[94m    [0m[94m        term_tree_maker.py:966
                    [0m[94m    [0m[94m┗━━ [0m[1;38;5;160m📄 bootrom.hex                 [0m    #                        
                    BUILD_BOOTROM_HEX_FILES                                                                             
[03:51:10] INFO     [logger] configured: LoggingLevels(stderr_level=CRITICAL, file_level=DEBUG)            logger.py:171
[03:51:10] INFO     [logger] configured: LoggingLevels(stderr_level=CRITICAL, file_level=DEBUG)            logger.py:171
           INFO     [1;38;5;69m📄 CURV_REPO_DIR/[0m    # root of curvcpu/curv repository          term_tree_maker.py:966
[03:51:21] INFO     [logger] configured: LoggingLevels(stderr_level=CRITICAL, file_level=DEBUG)            logger.py:171
[03:51:21] INFO     [logger] configured: LoggingLevels(stderr_level=CRITICAL, file_level=DEBUG)            logger.py:171
           INFO     [1;38;5;69m📄 CURV_REPO_DIR/[0m    # root of curvcpu/curv repository          term_tree_maker.py:966
[03:51:31] INFO     [logger] configured: LoggingLevels(stderr_level=CRITICAL, file_level=DEBUG)            logger.py:171
[03:51:31] INFO     [logger] configured: LoggingLevels(stderr_level=CRITICAL, file_level=DEBUG)            logger.py:171
           INFO     [1;38;5;69m📂 CURV_REPO_DIR/                                                  term_tree_maker.py:966
                    [0m    # root of curvcpu/curv repository                                                            
           INFO     [94m┗━━ [0m[1;38;5;69m📂 my-designs/                                          term_tree_maker.py:966
                    [0m                                                                                                 
           INFO     [94m    [0m[94m┗━━ [0m[1;38;5;69m📂 riscv-soc/                                term_tree_maker.py:966
                    [0m                                                                                                 
           INFO     [94m    [0m[94m    [0m[94m┣━━ [0m[1;38;5;69m📂 ../                            term_tree_maker.py:966
                    [0m                                                                                                 
           INFO     [94m    [0m[94m    [0m[94m┃   [0m[94m┣━━ [0m[1;38;5;160m📄 ..                 term_tree_maker.py:966
                    [0m    # CURV_REPO_DIR                                                                              
           INFO     [94m    [0m[94m    [0m[94m┃   [0m[94m┗━━ [0m[1;38;5;160m📄 common/            term_tree_maker.py:966
                    [0m    # CURV_COMMON_DIR                                                                            
           INFO     [94m    [0m[94m    [0m[94m┣━━ [0m[1;38;5;69m📂 config/                        term_tree_maker.py:966
                    [0m    # CURV_CONFIG_DIR                                                                            
           INFO     [94m    [0m[94m    [0m[94m┃   [0m[94m┣━━ [0m[1;38;5;69m📂 schema/             term_tree_maker.py:966
                    [0m    # CURV_CONFIG_SCHEMA_DIR                                                                     
           INFO     [94m    [0m[94m    [0m[94m┃   [0m[94m┃   [0m[94m┣━━ [0m[1;38;5;160m📄         term_tree_maker.py:966
                    schema.toml                                         [0m    #                                        
                    DEFAULT_SCHEMA_TOML_PATH                                                                            
           INFO     [94m    [0m[94m    [0m[94m┃   [0m[94m┃   [0m[94m┗━━ [0m[1;38;5;160m📄         term_tree_maker.py:966
                    tb-extras-schema.toml                               [0m    #                                        
                    DEFAULT_TB_SCHEMA_TOML_PATH                                                                         
           INFO     [94m    [0m[94m    [0m[94m┃   [0m[94m┣━━ [0m[1;38;5;69m📂 profiles/           term_tree_maker.py:966
                    [0m    # CURV_CONFIG_PROFILES_DIR                                                                   
           INFO     [94m    [0m[94m    [0m[94m┃   [0m[94m┃   [0m[94m┣━━ [0m[1;38;5;69m📂          term_tree_maker.py:966
                    overlays/                                           [0m    #                                        
                    CURV_CONFIG_PROFILE_OVERLAYS_DIR                                                                    
           INFO     [94m    [0m[94m    [0m[94m┃   [0m[94m┃   [0m[94m┃   [0m[94m┗━━                term_tree_maker.py:966
                    [0m[1;38;5;160m📄 tb.toml                                         [0m    #                          
                    DEFAULT_TB_OVERLAY_TOML_PATH                                                                        
           INFO     [94m    [0m[94m    [0m[94m┃   [0m[94m┃   [0m[94m┗━━ [0m[1;38;5;160m📄         term_tree_maker.py:966
                    $(PROFILE).toml                                     [0m    #                                        
                    DEFAULT_PROFILE_TOML_PATH                                                                           
           INFO     [94m    [0m[94m    [0m[94m┃   [0m[94m┗━━ [0m[1;38;5;160m📄 memmap/            term_tree_maker.py:966
                    [0m    # CURV_CONFIG_MEMMAP_DIR                                                                     
           INFO     [94m    [0m[94m    [0m[94m┣━━ [0m[1;38;5;69m📂 boards/                        term_tree_maker.py:966
                    [0m    # CURV_BOARDS_DIR                                                                            
           INFO     [94m    [0m[94m    [0m[94m┃   [0m[94m┗━━ [0m[1;38;5;69m📂 $(BOARD)/           term_tree_maker.py:966
                    [0m                                                                                                 
           INFO     [94m    [0m[94m    [0m[94m┃   [0m[94m    [0m[94m┗━━ [0m[1;38;5;160m📄         term_tree_maker.py:966
                    devices/                                            [0m    #                                        
                    CURV_CONFIG_DEVICES_DIR                                                                             
           INFO     [94m    [0m[94m    [0m[94m┗━━ [0m[1;38;5;69m📂 riscv/                         term_tree_maker.py:966
                    [0m    # CURV_RISCV_DIR                                                                             
           INFO     [94m    [0m[94m    [0m[94m    [0m[94m┣━━ [0m[1;38;5;69m📂 firmware/           term_tree_maker.py:966
                    [0m    # CURV_FIRMWARE_DIR                                                                          
           INFO     [94m    [0m[94m    [0m[94m    [0m[94m┃   [0m[94m┗━━ [0m[1;38;5;69m📂          term_tree_maker.py:966
                    cache-prefills/                                     [0m                                             
           INFO     [94m    [0m[94m    [0m[94m    [0m[94m┃   [0m[94m    [0m[94m┗━━                term_tree_maker.py:966
                    [0m[1;38;5;160m📄 $(CFG_CACHE_HEX_FILES_SRC_NAME)/                [0m    #                          
                    BUILD_CACHE_PREFILL_INPUT_DIR                                                                       
           INFO     [94m    [0m[94m    [0m[94m    [0m[94m┗━━ [0m[1;38;5;69m📂 tb/                 term_tree_maker.py:966
                    [0m                                                                                                 
           INFO     [94m    [0m[94m    [0m[94m    [0m[94m    [0m[94m┗━━ [0m[1;38;5;69m📂          term_tree_maker.py:966
                    verilator/                                          [0m                                             
           INFO     [94m    [0m[94m    [0m[94m    [0m[94m    [0m[94m    [0m[94m┗━━                term_tree_maker.py:966
                    [0m[1;38;5;69m📂 riscvcpu/                                       [0m                                
           INFO     [94m    [0m[94m    [0m[94m    [0m[94m    [0m[94m    [0m[94m    [0m[94m┗━━     term_tree_maker.py:966
                    [0m[1;38;5;69m📂 build/                                      [0m                                    
           INFO     [94m    [0m[94m    [0m[94m    [0m[94m    [0m[94m    [0m[94m    [0m[94m        term_tree_maker.py:966
                    [0m[94m┣━━ [0m[1;38;5;69m📂 generated/                              [0m    #                        
                    BUILD_GENERATED_DIR                                                                                 
           INFO     [94m    [0m[94m    [0m[94m    [0m[94m    [0m[94m    [0m[94m    [0m[94m        term_tree_maker.py:966
                    [0m[94m┃   [0m[94m┣━━ [0m[1;38;5;69m📂 config/                                                      
                    [0m                                                                                                 
           INFO     [94m    [0m[94m    [0m[94m    [0m[94m    [0m[94m    [0m[94m    [0m[94m        term_tree_maker.py:966
                    [0m[94m┃   [0m[94m┃   [0m[94m┗━━ [0m[1;38;5;160m📄 merged.toml                                      
                    [0m    # DEFAULT_MERGED_TOML_NAME                                                                   
           INFO     [94m    [0m[94m    [0m[94m    [0m[94m    [0m[94m    [0m[94m    [0m[94m        term_tree_maker.py:966
                    [0m[94m┃   [0m[94m┣━━ [0m[1;38;5;69m📂 make/                                                        
                    [0m                                                                                                 
           INFO     [94m    [0m[94m    [0m[94m    [0m[94m    [0m[94m    [0m[94m    [0m[94m        term_tree_maker.py:966
                    [0m[94m┃   [0m[94m┃   [0m[94m┣━━ [0m[1;38;5;160m📄 config.mk.d                                      
                    [0m    # DEFAULT_DEP_FILE_NAME                                                                      
           INFO     [94m    [0m[94m    [0m[94m    [0m[94m    [0m[94m    [0m[94m    [0m[94m        term_tree_maker.py:966
                    [0m[94m┃   [0m[94m┃   [0m[94m┗━━ [0m[1;38;5;160m📄 curv.mk                                          
                    [0m    # CONFIG_MK                                                                                  
           INFO     [94m    [0m[94m    [0m[94m    [0m[94m    [0m[94m    [0m[94m    [0m[94m        term_tree_maker.py:966
                    [0m[94m┃   [0m[94m┣━━ [0m[1;38;5;69m📂 hdl/                                                         
                    [0m                                                                                                 
           INFO     [94m    [0m[94m    [0m[94m    [0m[94m    [0m[94m    [0m[94m    [0m[94m        term_tree_maker.py:966
                    [0m[94m┃   [0m[94m┃   [0m[94m┣━━ [0m[1;38;5;160m📄 curvcfgpkg.sv                                    
                    [0m    # CONFIG_SVPKG                                                                               
           INFO     [94m    [0m[94m    [0m[94m    [0m[94m    [0m[94m    [0m[94m    [0m[94m        term_tree_maker.py:966
                    [0m[94m┃   [0m[94m┃   [0m[94m┗━━ [0m[1;38;5;160m📄 curvcfg.svh                                      
                    [0m    # CONFIG_SVH                                                                                 
           INFO     [94m    [0m[94m    [0m[94m    [0m[94m    [0m[94m    [0m[94m    [0m[94m        term_tree_maker.py:966
                    [0m[94m┃   [0m[94m┣━━ [0m[1;38;5;69m📂 docs/                                                        
                    [0m                                                                                                 
           INFO     [94m    [0m[94m    [0m[94m    [0m[94m    [0m[94m    [0m[94m    [0m[94m        term_tree_maker.py:966
                    [0m[94m┃   [0m[94m┃   [0m[94m┗━━ [0m[1;38;5;160m📄 MEMORY_MAP.md                                    
                    [0m    # MEMMAP_MD                                                                                  
           INFO     [94m    [0m[94m    [0m[94m    [0m[94m    [0m[94m    [0m[94m    [0m[94m        term_tree_maker.py:966
                    [0m[94m┃   [0m[94m┗━━ [0m[1;38;5;69m📂 shell/                                                       
                    [0m                                                                                                 
           INFO     [94m    [0m[94m    [0m[94m    [0m[94m    [0m[94m    [0m[94m    [0m[94m        term_tree_maker.py:966
                    [0m[94m┃   [0m[94m    [0m[94m┗━━ [0m[1;38;5;160m📄 curv.env                                         
                    [0m    # CONFIG_ENV                                                                                 
           INFO     [94m    [0m[94m    [0m[94m    [0m[94m    [0m[94m    [0m[94m    [0m[94m        term_tree_maker.py:966
                    [0m[94m┗━━ [0m[1;38;5;69m📂 fw/                                     [0m    #                        
                    BUILD_FIRMWARE_DIR                                                                                  
           INFO     [94m    [0m[94m    [0m[94m    [0m[94m    [0m[94m    [0m[94m    [0m[94m        term_tree_maker.py:966
                    [0m[94m    [0m[94m┣━━ [0m[1;38;5;69m📂 cache-prefills/                                              
                    [0m    # BUILD_FW_CACHE_PREFILLS_DIR                                                                
           INFO     [94m    [0m[94m    [0m[94m    [0m[94m    [0m[94m    [0m[94m    [0m[94m        term_tree_maker.py:966
                    [0m[94m    [0m[94m┃   [0m[94m┣━━ [0m[1;38;5;69m📂 build/                                            
                    [0m    # BUILD_FW_CACHE_PREFILLS_BIN_DIR                                                            
           INFO     [94m    [0m[94m    [0m[94m    [0m[94m    [0m[94m    [0m[94m    [0m[94m        term_tree_maker.py:966
                    [0m[94m    [0m[94m┃   [0m[94m┃   [0m[94m┣━━ [0m[1;38;5;160m📄                                       
                    cache_hex_files_paths.svh   [0m    # BUILD_CACHE_PREFILL_HEX_HDR_FILE                               
           INFO     [94m    [0m[94m    [0m[94m    [0m[94m    [0m[94m    [0m[94m    [0m[94m        term_tree_maker.py:966
                    [0m[94m    [0m[94m┃   [0m[94m┃   [0m[94m┣━━ [0m[1;38;5;160m📄                                       
                    text-section.hex            [0m    # BUILD_SRC_ICACHE_HEX_FILE                                      
           INFO     [94m    [0m[94m    [0m[94m    [0m[94m    [0m[94m    [0m[94m    [0m[94m        term_tree_maker.py:966
                    [0m[94m    [0m[94m┃   [0m[94m┃   [0m[94m┣━━ [0m[1;38;5;160m📄                                       
                    data-section.hex            [0m    # BUILD_SRC_DCACHE_HEX_FILE                                      
           INFO     [94m    [0m[94m    [0m[94m    [0m[94m    [0m[94m    [0m[94m    [0m[94m        term_tree_maker.py:966
                    [0m[94m    [0m[94m┃   [0m[94m┃   [0m[94m┣━━ [0m[1;38;5;160m📄                                       
                    icache_dcache.hex           [0m    # BUILD_WISHBONE_HEX_FILE                                        
           INFO     [94m    [0m[94m    [0m[94m    [0m[94m    [0m[94m    [0m[94m    [0m[94m        term_tree_maker.py:966
                    [0m[94m    [0m[94m┃   [0m[94m┃   [0m[94m┗━━ [0m[1;38;5;160m📄                                       
                    cache_readme.txt            [0m    # BUILD_CACHE_README_FILE                                        
           INFO     [94m    [0m[94m    [0m[94m    [0m[94m    [0m[94m    [0m[94m    [0m[94m        term_tree_maker.py:966
                    [0m[94m    [0m[94m┃   [0m[94m┗━━ [0m[1;38;5;69m📂                                                   
                    $(CFG_CACHE_HEX_FILES_SRC_NAME)/[0m    #                                                            
                    BUILD_CACHE_OUTPUT_HEX_FILES_ROOT_DIR                                                               
           INFO     [94m    [0m[94m    [0m[94m    [0m[94m    [0m[94m    [0m[94m    [0m[94m        term_tree_maker.py:966
                    [0m[94m    [0m[94m┃   [0m[94m    [0m[94m┣━━ [0m[1;38;5;69m📂 dcache/                                
                    [0m    # BUILD_DCACHE_DIR                                                                           
           INFO     [94m    [0m[94m    [0m[94m    [0m[94m    [0m[94m    [0m[94m    [0m[94m        term_tree_maker.py:966
                    [0m[94m    [0m[94m┃   [0m[94m    [0m[94m┃   [0m[94m┣━━ [0m[1;38;5;160m📄                            
                    cachelines/             [0m    # BUILD_DCACHE_CACHELINES_DIR                                        
           INFO     [94m    [0m[94m    [0m[94m    [0m[94m    [0m[94m    [0m[94m    [0m[94m        term_tree_maker.py:966
                    [0m[94m    [0m[94m┃   [0m[94m    [0m[94m┃   [0m[94m┗━━ [0m[1;38;5;160m📄                            
                    tagram/                 [0m    # BUILD_DCACHE_TAGRAM_DIR                                            
           INFO     [94m    [0m[94m    [0m[94m    [0m[94m    [0m[94m    [0m[94m    [0m[94m        term_tree_maker.py:966
                    [0m[94m    [0m[94m┃   [0m[94m    [0m[94m┗━━ [0m[1;38;5;69m📂 icache/                                
                    [0m    # BUILD_ICACHE_DIR                                                                           
           INFO     [94m    [0m[94m    [0m[94m    [0m[94m    [0m[94m    [0m[94m    [0m[94m        term_tree_maker.py:966
                    [0m[94m    [0m[94m┃   [0m[94m    [0m[94m    [0m[94m┣━━ [0m[1;38;5;160m📄                            
                    cachelines/             [0m    # BUILD_ICACHE_CACHELINES_DIR                                        
           INFO     [94m    [0m[94m    [0m[94m    [0m[94m    [0m[94m    [0m[94m    [0m[94m        term_tree_maker.py:966
                    [0m[94m    [0m[94m┃   [0m[94m    [0m[94m    [0m[94m┗━━ [0m[1;38;5;160m📄                            
                    tagram/                 [0m    # BUILD_ICACHE_TAGRAM_DIR                                            
           INFO     [94m    [0m[94m    [0m[94m    [0m[94m    [0m[94m    [0m[94m    [0m[94m        term_tree_maker.py:966
                    [0m[94m    [0m[94m┗━━ [0m[1;38;5;69m📂 bootrom/                                                     
                    [0m                                                                                                 
           INFO     [94m    [0m[94m    [0m[94m    [0m[94m    [0m[94m    [0m[94m    [0m[94m        term_tree_maker.py:966
                    [0m[94m    [0m[94m    [0m[94m┗━━ [0m[1;38;5;160m📄 build/                                           
                    [0m    # BUILD_FW_BOOTROM_DIR                                                                       
           INFO     [94m    [0m[94m    [0m[94m    [0m[94m    [0m[94m    [0m[94m    [0m[94m        term_tree_maker.py:966
                    [0m[94m    [0m[94m    [0m[94m┗━━ [0m[1;38;5;69m📂 hex-files/                                        
                    [0m    # BUILD_BOOTROM_HEX_FILES_DIR                                                                
           INFO     [94m    [0m[94m    [0m[94m    [0m[94m    [0m[94m    [0m[94m    [0m[94m        term_tree_maker.py:966
                    [0m[94m    [0m[94m    [0m[94m    [0m[94m┗━━ [0m[1;38;5;160m📄 bootrom.hex                           
                    [0m    # BUILD_BOOTROM_HEX_FILES                                                                    
[03:52:01] INFO     [logger] configured: LoggingLevels(stderr_level=CRITICAL, file_level=DEBUG)            logger.py:171
[03:52:02] INFO     [logger] configured: LoggingLevels(stderr_level=CRITICAL, file_level=DEBUG)            logger.py:171
           INFO     [1;38;5;69m📂 CURV_REPO_DIR/                                                  term_tree_maker.py:966
                    [0m    # root of curvcpu/curv repository                                                            
           INFO     [94m┗━━ [0m[1;38;5;69m📂 my-designs/                                          term_tree_maker.py:966
                    [0m                                                                                                 
           INFO     [94m    [0m[94m┗━━ [0m[1;38;5;69m📂 riscv-soc/                                term_tree_maker.py:966
                    [0m                                                                                                 
           INFO     [94m    [0m[94m    [0m[94m┣━━ [0m[1;38;5;69m📂 ../                            term_tree_maker.py:966
                    [0m                                                                                                 
           INFO     [94m    [0m[94m    [0m[94m┃   [0m[94m┣━━ [0m[1;38;5;160m📄 ..                 term_tree_maker.py:966
                    [0m    # CURV_REPO_DIR                                                                              
           INFO     [94m    [0m[94m    [0m[94m┃   [0m[94m┗━━ [0m[1;38;5;160m📄 common/            term_tree_maker.py:966
                    [0m    # CURV_COMMON_DIR                                                                            
           INFO     [94m    [0m[94m    [0m[94m┣━━ [0m[1;38;5;69m📂 config/                        term_tree_maker.py:966
                    [0m    # CURV_CONFIG_DIR                                                                            
           INFO     [94m    [0m[94m    [0m[94m┃   [0m[94m┣━━ [0m[1;38;5;69m📂 schema/             term_tree_maker.py:966
                    [0m    # CURV_CONFIG_SCHEMA_DIR                                                                     
           INFO     [94m    [0m[94m    [0m[94m┃   [0m[94m┃   [0m[94m┣━━ [0m[1;38;5;160m📄         term_tree_maker.py:966
                    schema.toml                                         [0m    #                                        
                    DEFAULT_SCHEMA_TOML_PATH                                                                            
           INFO     [94m    [0m[94m    [0m[94m┃   [0m[94m┃   [0m[94m┗━━ [0m[1;38;5;160m📄         term_tree_maker.py:966
                    tb-extras-schema.toml                               [0m    #                                        
                    DEFAULT_TB_SCHEMA_TOML_PATH                                                                         
           INFO     [94m    [0m[94m    [0m[94m┃   [0m[94m┣━━ [0m[1;38;5;69m📂 profiles/           term_tree_maker.py:966
                    [0m    # CURV_CONFIG_PROFILES_DIR                                                                   
           INFO     [94m    [0m[94m    [0m[94m┃   [0m[94m┃   [0m[94m┣━━ [0m[1;38;5;69m📂          term_tree_maker.py:966
                    overlays/                                           [0m    #                                        
                    CURV_CONFIG_PROFILE_OVERLAYS_DIR                                                                    
           INFO     [94m    [0m[94m    [0m[94m┃   [0m[94m┃   [0m[94m┃   [0m[94m┗━━                term_tree_maker.py:966
                    [0m[1;38;5;160m📄 tb.toml                                         [0m    #                          
                    DEFAULT_TB_OVERLAY_TOML_PATH                                                                        
           INFO     [94m    [0m[94m    [0m[94m┃   [0m[94m┃   [0m[94m┗━━ [0m[1;38;5;160m📄         term_tree_maker.py:966
                    $(PROFILE).toml                                     [0m    #                                        
                    DEFAULT_PROFILE_TOML_PATH                                                                           
           INFO     [94m    [0m[94m    [0m[94m┃   [0m[94m┗━━ [0m[1;38;5;160m📄 memmap/            term_tree_maker.py:966
                    [0m    # CURV_CONFIG_MEMMAP_DIR                                                                     
           INFO     [94m    [0m[94m    [0m[94m┣━━ [0m[1;38;5;69m📂 boards/                        term_tree_maker.py:966
                    [0m    # CURV_BOARDS_DIR                                                                            
           INFO     [94m    [0m[94m    [0m[94m┃   [0m[94m┗━━ [0m[1;38;5;69m📂 $(BOARD)/           term_tree_maker.py:966
                    [0m                                                                                                 
           INFO     [94m    [0m[94m    [0m[94m┃   [0m[94m    [0m[94m┗━━ [0m[1;38;5;160m📄         term_tree_maker.py:966
                    devices/                                            [0m    #                                        
                    CURV_CONFIG_DEVICES_DIR                                                                             
           INFO     [94m    [0m[94m    [0m[94m┗━━ [0m[1;38;5;69m📂 riscv/                         term_tree_maker.py:966
                    [0m    # CURV_RISCV_DIR                                                                             
           INFO     [94m    [0m[94m    [0m[94m    [0m[94m┣━━ [0m[1;38;5;69m📂 firmware/           term_tree_maker.py:966
                    [0m    # CURV_FIRMWARE_DIR                                                                          
           INFO     [94m    [0m[94m    [0m[94m    [0m[94m┃   [0m[94m┗━━ [0m[1;38;5;69m📂          term_tree_maker.py:966
                    cache-prefills/                                     [0m                                             
           INFO     [94m    [0m[94m    [0m[94m    [0m[94m┃   [0m[94m    [0m[94m┗━━                term_tree_maker.py:966
                    [0m[1;38;5;160m📄 $(CFG_CACHE_HEX_FILES_SRC_NAME)/                [0m    #                          
                    BUILD_CACHE_PREFILL_INPUT_DIR                                                                       
           INFO     [94m    [0m[94m    [0m[94m    [0m[94m┗━━ [0m[1;38;5;69m📂 tb/                 term_tree_maker.py:966
                    [0m                                                                                                 
           INFO     [94m    [0m[94m    [0m[94m    [0m[94m    [0m[94m┗━━ [0m[1;38;5;69m📂          term_tree_maker.py:966
                    verilator/                                          [0m                                             
           INFO     [94m    [0m[94m    [0m[94m    [0m[94m    [0m[94m    [0m[94m┗━━                term_tree_maker.py:966
                    [0m[1;38;5;69m📂 riscvcpu/                                       [0m                                
           INFO     [94m    [0m[94m    [0m[94m    [0m[94m    [0m[94m    [0m[94m    [0m[94m┗━━     term_tree_maker.py:966
                    [0m[1;38;5;69m📂 build/                                      [0m                                    
           INFO     [94m    [0m[94m    [0m[94m    [0m[94m    [0m[94m    [0m[94m    [0m[94m        term_tree_maker.py:966
                    [0m[94m┣━━ [0m[1;38;5;69m📂 generated/                              [0m    #                        
                    BUILD_GENERATED_DIR                                                                                 
           INFO     [94m    [0m[94m    [0m[94m    [0m[94m    [0m[94m    [0m[94m    [0m[94m        term_tree_maker.py:966
                    [0m[94m┃   [0m[94m┣━━ [0m[1;38;5;69m📂 config/                                                      
                    [0m                                                                                                 
           INFO     [94m    [0m[94m    [0m[94m    [0m[94m    [0m[94m    [0m[94m    [0m[94m        term_tree_maker.py:966
                    [0m[94m┃   [0m[94m┃   [0m[94m┗━━ [0m[1;38;5;160m📄 merged.toml                                      
                    [0m    # DEFAULT_MERGED_TOML_NAME                                                                   
           INFO     [94m    [0m[94m    [0m[94m    [0m[94m    [0m[94m    [0m[94m    [0m[94m        term_tree_maker.py:966
                    [0m[94m┃   [0m[94m┣━━ [0m[1;38;5;69m📂 make/                                                        
                    [0m                                                                                                 
           INFO     [94m    [0m[94m    [0m[94m    [0m[94m    [0m[94m    [0m[94m    [0m[94m        term_tree_maker.py:966
                    [0m[94m┃   [0m[94m┃   [0m[94m┣━━ [0m[1;38;5;160m📄 config.mk.d                                      
                    [0m    # DEFAULT_DEP_FILE_NAME                                                                      
           INFO     [94m    [0m[94m    [0m[94m    [0m[94m    [0m[94m    [0m[94m    [0m[94m        term_tree_maker.py:966
                    [0m[94m┃   [0m[94m┃   [0m[94m┗━━ [0m[1;38;5;160m📄 curv.mk                                          
                    [0m    # CONFIG_MK                                                                                  
           INFO     [94m    [0m[94m    [0m[94m    [0m[94m    [0m[94m    [0m[94m    [0m[94m        term_tree_maker.py:966
                    [0m[94m┃   [0m[94m┣━━ [0m[1;38;5;69m📂 hdl/                                                         
                    [0m                                                                                                 
           INFO     [94m    [0m[94m    [0m[94m    [0m[94m    [0m[94m    [0m[94m    [0m[94m        term_tree_maker.py:966
                    [0m[94m┃   [0m[94m┃   [0m[94m┣━━ [0m[1;38;5;160m📄 curvcfgpkg.sv                                    
                    [0m    # CONFIG_SVPKG                                                                               
           INFO     [94m    [0m[94m    [0m[94m    [0m[94m    [0m[94m    [0m[94m    [0m[94m        term_tree_maker.py:966
                    [0m[94m┃   [0m[94m┃   [0m[94m┗━━ [0m[1;38;5;160m📄 curvcfg.svh                                      
                    [0m    # CONFIG_SVH                                                                                 
           INFO     [94m    [0m[94m    [0m[94m    [0m[94m    [0m[94m    [0m[94m    [0m[94m        term_tree_maker.py:966
                    [0m[94m┃   [0m[94m┣━━ [0m[1;38;5;69m📂 docs/                                                        
                    [0m                                                                                                 
           INFO     [94m    [0m[94m    [0m[94m    [0m[94m    [0m[94m    [0m[94m    [0m[94m        term_tree_maker.py:966
                    [0m[94m┃   [0m[94m┃   [0m[94m┗━━ [0m[1;38;5;160m📄 MEMORY_MAP.md                                    
                    [0m    # MEMMAP_MD                                                                                  
           INFO     [94m    [0m[94m    [0m[94m    [0m[94m    [0m[94m    [0m[94m    [0m[94m        term_tree_maker.py:966
                    [0m[94m┃   [0m[94m┗━━ [0m[1;38;5;69m📂 shell/                                                       
                    [0m                                                                                                 
           INFO     [94m    [0m[94m    [0m[94m    [0m[94m    [0m[94m    [0m[94m    [0m[94m        term_tree_maker.py:966
                    [0m[94m┃   [0m[94m    [0m[94m┗━━ [0m[1;38;5;160m📄 curv.env                                         
                    [0m    # CONFIG_ENV                                                                                 
           INFO     [94m    [0m[94m    [0m[94m    [0m[94m    [0m[94m    [0m[94m    [0m[94m        term_tree_maker.py:966
                    [0m[94m┗━━ [0m[1;38;5;69m📂 fw/                                     [0m    #                        
                    BUILD_FIRMWARE_DIR                                                                                  
           INFO     [94m    [0m[94m    [0m[94m    [0m[94m    [0m[94m    [0m[94m    [0m[94m        term_tree_maker.py:966
                    [0m[94m    [0m[94m┣━━ [0m[1;38;5;69m📂 cache-prefills/                                              
                    [0m    # BUILD_FW_CACHE_PREFILLS_DIR                                                                
           INFO     [94m    [0m[94m    [0m[94m    [0m[94m    [0m[94m    [0m[94m    [0m[94m        term_tree_maker.py:966
                    [0m[94m    [0m[94m┃   [0m[94m┣━━ [0m[1;38;5;69m📂 build/                                            
                    [0m    # BUILD_FW_CACHE_PREFILLS_BIN_DIR                                                            
           INFO     [94m    [0m[94m    [0m[94m    [0m[94m    [0m[94m    [0m[94m    [0m[94m        term_tree_maker.py:966
                    [0m[94m    [0m[94m┃   [0m[94m┃   [0m[94m┣━━ [0m[1;38;5;160m📄                                       
                    cache_hex_files_paths.svh   [0m    # BUILD_CACHE_PREFILL_HEX_HDR_FILE                               
           INFO     [94m    [0m[94m    [0m[94m    [0m[94m    [0m[94m    [0m[94m    [0m[94m        term_tree_maker.py:966
                    [0m[94m    [0m[94m┃   [0m[94m┃   [0m[94m┣━━ [0m[1;38;5;160m📄                                       
                    text-section.hex            [0m    # BUILD_SRC_ICACHE_HEX_FILE                                      
           INFO     [94m    [0m[94m    [0m[94m    [0m[94m    [0m[94m    [0m[94m    [0m[94m        term_tree_maker.py:966
                    [0m[94m    [0m[94m┃   [0m[94m┃   [0m[94m┣━━ [0m[1;38;5;160m📄                                       
                    data-section.hex            [0m    # BUILD_SRC_DCACHE_HEX_FILE                                      
           INFO     [94m    [0m[94m    [0m[94m    [0m[94m    [0m[94m    [0m[94m    [0m[94m        term_tree_maker.py:966
                    [0m[94m    [0m[94m┃   [0m[94m┃   [0m[94m┣━━ [0m[1;38;5;160m📄                                       
                    icache_dcache.hex           [0m    # BUILD_WISHBONE_HEX_FILE                                        
           INFO     [94m    [0m[94m    [0m[94m    [0m[94m    [0m[94m    [0m[94m    [0m[94m        term_tree_maker.py:966
                    [0m[94m    [0m[94m┃   [0m[94m┃   [0m[94m┗━━ [0m[1;38;5;160m📄                                       
                    cache_readme.txt            [0m    # BUILD_CACHE_README_FILE                                        
           INFO     [94m    [0m[94m    [0m[94m    [0m[94m    [0m[94m    [0m[94m    [0m[94m        term_tree_maker.py:966
                    [0m[94m    [0m[94m┃   [0m[94m┗━━ [0m[1;38;5;69m📂                                                   
                    $(CFG_CACHE_HEX_FILES_SRC_NAME)/[0m    #                                                            
                    BUILD_CACHE_OUTPUT_HEX_FILES_ROOT_DIR                                                               
           INFO     [94m    [0m[94m    [0m[94m    [0m[94m    [0m[94m    [0m[94m    [0m[94m        term_tree_maker.py:966
                    [0m[94m    [0m[94m┃   [0m[94m    [0m[94m┣━━ [0m[1;38;5;69m📂 dcache/                                
                    [0m    # BUILD_DCACHE_DIR                                                                           
           INFO     [94m    [0m[94m    [0m[94m    [0m[94m    [0m[94m    [0m[94m    [0m[94m        term_tree_maker.py:966
                    [0m[94m    [0m[94m┃   [0m[94m    [0m[94m┃   [0m[94m┣━━ [0m[1;38;5;160m📄                            
                    cachelines/             [0m    # BUILD_DCACHE_CACHELINES_DIR                                        
           INFO     [94m    [0m[94m    [0m[94m    [0m[94m    [0m[94m    [0m[94m    [0m[94m        term_tree_maker.py:966
                    [0m[94m    [0m[94m┃   [0m[94m    [0m[94m┃   [0m[94m┗━━ [0m[1;38;5;160m📄                            
                    tagram/                 [0m    # BUILD_DCACHE_TAGRAM_DIR                                            
           INFO     [94m    [0m[94m    [0m[94m    [0m[94m    [0m[94m    [0m[94m    [0m[94m        term_tree_maker.py:966
                    [0m[94m    [0m[94m┃   [0m[94m    [0m[94m┗━━ [0m[1;38;5;69m📂 icache/                                
                    [0m    # BUILD_ICACHE_DIR                                                                           
           INFO     [94m    [0m[94m    [0m[94m    [0m[94m    [0m[94m    [0m[94m    [0m[94m        term_tree_maker.py:966
                    [0m[94m    [0m[94m┃   [0m[94m    [0m[94m    [0m[94m┣━━ [0m[1;38;5;160m📄                            
                    cachelines/             [0m    # BUILD_ICACHE_CACHELINES_DIR                                        
           INFO     [94m    [0m[94m    [0m[94m    [0m[94m    [0m[94m    [0m[94m    [0m[94m        term_tree_maker.py:966
                    [0m[94m    [0m[94m┃   [0m[94m    [0m[94m    [0m[94m┗━━ [0m[1;38;5;160m📄                            
                    tagram/                 [0m    # BUILD_ICACHE_TAGRAM_DIR                                            
           INFO     [94m    [0m[94m    [0m[94m    [0m[94m    [0m[94m    [0m[94m    [0m[94m        term_tree_maker.py:966
                    [0m[94m    [0m[94m┗━━ [0m[1;38;5;69m📂 bootrom/                                                     
                    [0m                                                                                                 
           INFO     [94m    [0m[94m    [0m[94m    [0m[94m    [0m[94m    [0m[94m    [0m[94m        term_tree_maker.py:966
                    [0m[94m    [0m[94m    [0m[94m┗━━ [0m[1;38;5;160m📄 build/                                           
                    [0m    # BUILD_FW_BOOTROM_DIR                                                                       
           INFO     [94m    [0m[94m    [0m[94m    [0m[94m    [0m[94m    [0m[94m    [0m[94m        term_tree_maker.py:966
                    [0m[94m    [0m[94m    [0m[94m┗━━ [0m[1;38;5;69m📂 hex-files/                                        
                    [0m    # BUILD_BOOTROM_HEX_FILES_DIR                                                                
           INFO     [94m    [0m[94m    [0m[94m    [0m[94m    [0m[94m    [0m[94m    [0m[94m        term_tree_maker.py:966
                    [0m[94m    [0m[94m    [0m[94m    [0m[94m┗━━ [0m[1;38;5;160m📄 bootrom.hex                           
                    [0m    # BUILD_BOOTROM_HEX_FILES                                                                    
[03:53:04] INFO     [logger] configured: LoggingLevels(stderr_level=CRITICAL, file_level=DEBUG)            logger.py:171
╭─────────────────────────────── Traceback (most recent call last) ────────────────────────────────╮
│ /home/mwg/.local/bin/term-tree-maker:4 in <module>                                               │
│                                                                                                  │
│    1 #!/home/mwg/.local/share/uv/tools/term-tree-maker/bin/python                                │
│    2 # -*- coding: utf-8 -*-                                                                     │
│    3 import sys                                                                                  │
│ ❱  4 from term_tree_maker.__main__ import main                                                   │
│    5 if __name__ == "__main__":                                                                  │
│    6 │   if sys.argv[0].endswith("-script.pyw"):                                                 │
│    7 │   │   sys.argv[0] = sys.argv[0][:-11]                                                     │
│                                                                                                  │
│ ╭──────────── locals ─────────────╮                                                              │
│ │ sys = <module 'sys' (built-in)> │                                                              │
│ ╰─────────────────────────────────╯                                                              │
│                                                                                                  │
│ /home/mwg/curv/mikegoelzer/tree-maker/src/term_tree_maker/__main__.py:7 in <module>              │
│                                                                                                  │
│    4 from typing import Optional                                                                 │
│    5                                                                                             │
│    6 from . import init_logging                                                                  │
│ ❱  7 from .term_tree_maker import log, main as _cli_main                                         │
│    8                                                                                             │
│    9                                                                                             │
│   10 def main() -> int:                                                                          │
│                                                                                                  │
│ ╭──────────────────────────────────── locals ────────────────────────────────────╮               │
│ │ annotations = _Feature((3, 7, 0, 'beta', 1), (3, 11, 0, 'alpha', 0), 16777216) │               │
│ │    Optional = typing.Optional                                                  │               │
│ │         sys = <module 'sys' (built-in)>                                        │               │
│ ╰────────────────────────────────────────────────────────────────────────────────╯               │
╰──────────────────────────────────────────────────────────────────────────────────────────────────╯
╭──────────────────────────────────────────────────────────────────────────────────────────────────╮
│  /home/mwg/curv/mikegoelzer/tree-maker/src/term_tree_maker/term_tree_maker.py:528                │
│         values[key] =                                                                            │
│                      ▲                                                                           │
╰──────────────────────────────────────────────────────────────────────────────────────────────────╯
SyntaxError: invalid syntax
[03:53:34] INFO     [logger] configured: LoggingLevels(stderr_level=CRITICAL, file_level=DEBUG)            logger.py:171
[03:53:34] INFO     [logger] configured: LoggingLevels(stderr_level=CRITICAL, file_level=DEBUG)            logger.py:171
           INFO     [1;38;5;69m📂 CURV_REPO_DIR/                                                  term_tree_maker.py:938
                    [0m    # root of curvcpu/curv repository                                                            
           INFO     [94m┗━━ [0m[1;38;5;69m📂 my-designs/                                          term_tree_maker.py:938
                    [0m                                                                                                 
           INFO     [94m    [0m[94m┣━━ [0m[1;38;5;69m📂 riscv-soc/                                term_tree_maker.py:938
                    [0m                                                                                                 
           INFO     [94m    [0m[94m┃   [0m[94m┣━━ [0m[1;38;5;69m📂 config/                        term_tree_maker.py:938
                    [0m    # CURV_CONFIG_DIR                                                                            
           INFO     [94m    [0m[94m┃   [0m[94m┃   [0m[94m┣━━ [0m[1;38;5;69m📂 schema/             term_tree_maker.py:938
                    [0m    # CURV_CONFIG_SCHEMA_DIR                                                                     
           INFO     [94m    [0m[94m┃   [0m[94m┃   [0m[94m┃   [0m[94m┣━━ [0m[1;38;5;160m📄         term_tree_maker.py:938
                    schema.toml                                         [0m    #                                        
                    DEFAULT_SCHEMA_TOML_PATH                                                                            
           INFO     [94m    [0m[94m┃   [0m[94m┃   [0m[94m┃   [0m[94m┗━━ [0m[1;38;5;160m📄         term_tree_maker.py:938
                    tb-extras-schema.toml                               [0m    #                                        
                    DEFAULT_TB_SCHEMA_TOML_PATH                                                                         
           INFO     [94m    [0m[94m┃   [0m[94m┃   [0m[94m┣━━ [0m[1;38;5;69m📂 profiles/           term_tree_maker.py:938
                    [0m    # CURV_CONFIG_PROFILES_DIR                                                                   
           INFO     [94m    [0m[94m┃   [0m[94m┃   [0m[94m┃   [0m[94m┣━━ [0m[1;38;5;69m📂          term_tree_maker.py:938
                    overlays/                                           [0m    #                                        
                    CURV_CONFIG_PROFILE_OVERLAYS_DIR                                                                    
           INFO     [94m    [0m[94m┃   [0m[94m┃   [0m[94m┃   [0m[94m┃   [0m[94m┗━━                term_tree_maker.py:938
                    [0m[1;38;5;160m📄 tb.toml                                         [0m    #                          
                    DEFAULT_TB_OVERLAY_TOML_PATH                                                                        
           INFO     [94m    [0m[94m┃   [0m[94m┃   [0m[94m┃   [0m[94m┗━━ [0m[1;38;5;160m📄         term_tree_maker.py:938
                    $(PROFILE).toml                                     [0m    #                                        
                    DEFAULT_PROFILE_TOML_PATH                                                                           
           INFO     [94m    [0m[94m┃   [0m[94m┃   [0m[94m┗━━ [0m[1;38;5;160m📄 memmap/            term_tree_maker.py:938
                    [0m    # CURV_CONFIG_MEMMAP_DIR                                                                     
           INFO     [94m    [0m[94m┃   [0m[94m┣━━ [0m[1;38;5;69m📂 boards/                        term_tree_maker.py:938
                    [0m    # CURV_BOARDS_DIR                                                                            
           INFO     [94m    [0m[94m┃   [0m[94m┃   [0m[94m┗━━ [0m[1;38;5;69m📂 $(BOARD)/           term_tree_maker.py:938
                    [0m                                                                                                 
           INFO     [94m    [0m[94m┃   [0m[94m┃   [0m[94m    [0m[94m┗━━ [0m[1;38;5;160m📄         term_tree_maker.py:938
                    devices/                                            [0m    #                                        
                    CURV_CONFIG_DEVICES_DIR                                                                             
           INFO     [94m    [0m[94m┃   [0m[94m┗━━ [0m[1;38;5;69m📂 riscv/                         term_tree_maker.py:938
                    [0m    # CURV_RISCV_DIR                                                                             
           INFO     [94m    [0m[94m┃   [0m[94m    [0m[94m┣━━ [0m[1;38;5;69m📂 firmware/           term_tree_maker.py:938
                    [0m    # CURV_FIRMWARE_DIR                                                                          
           INFO     [94m    [0m[94m┃   [0m[94m    [0m[94m┃   [0m[94m┗━━ [0m[1;38;5;69m📂          term_tree_maker.py:938
                    cache-prefills/                                     [0m                                             
           INFO     [94m    [0m[94m┃   [0m[94m    [0m[94m┃   [0m[94m    [0m[94m┗━━                term_tree_maker.py:938
                    [0m[1;38;5;160m📄 $(CFG_CACHE_HEX_FILES_SRC_NAME)/                [0m    #                          
                    BUILD_CACHE_PREFILL_INPUT_DIR                                                                       
           INFO     [94m    [0m[94m┃   [0m[94m    [0m[94m┗━━ [0m[1;38;5;69m📂 tb/                 term_tree_maker.py:938
                    [0m                                                                                                 
           INFO     [94m    [0m[94m┃   [0m[94m    [0m[94m    [0m[94m┗━━ [0m[1;38;5;69m📂          term_tree_maker.py:938
                    verilator/                                          [0m                                             
           INFO     [94m    [0m[94m┃   [0m[94m    [0m[94m    [0m[94m    [0m[94m┗━━                term_tree_maker.py:938
                    [0m[1;38;5;69m📂 riscvcpu/                                       [0m                                
           INFO     [94m    [0m[94m┃   [0m[94m    [0m[94m    [0m[94m    [0m[94m    [0m[94m┗━━     term_tree_maker.py:938
                    [0m[1;38;5;69m📂 build/                                      [0m                                    
           INFO     [94m    [0m[94m┃   [0m[94m    [0m[94m    [0m[94m    [0m[94m    [0m[94m        term_tree_maker.py:938
                    [0m[94m┣━━ [0m[1;38;5;69m📂 generated/                              [0m    #                        
                    BUILD_GENERATED_DIR                                                                                 
           INFO     [94m    [0m[94m┃   [0m[94m    [0m[94m    [0m[94m    [0m[94m    [0m[94m        term_tree_maker.py:938
                    [0m[94m┃   [0m[94m┣━━ [0m[1;38;5;69m📂 config/                                                      
                    [0m                                                                                                 
           INFO     [94m    [0m[94m┃   [0m[94m    [0m[94m    [0m[94m    [0m[94m    [0m[94m        term_tree_maker.py:938
                    [0m[94m┃   [0m[94m┃   [0m[94m┗━━ [0m[1;38;5;160m📄 merged.toml                                      
                    [0m    # DEFAULT_MERGED_TOML_NAME                                                                   
           INFO     [94m    [0m[94m┃   [0m[94m    [0m[94m    [0m[94m    [0m[94m    [0m[94m        term_tree_maker.py:938
                    [0m[94m┃   [0m[94m┣━━ [0m[1;38;5;69m📂 make/                                                        
                    [0m                                                                                                 
           INFO     [94m    [0m[94m┃   [0m[94m    [0m[94m    [0m[94m    [0m[94m    [0m[94m        term_tree_maker.py:938
                    [0m[94m┃   [0m[94m┃   [0m[94m┣━━ [0m[1;38;5;160m📄 config.mk.d                                      
                    [0m    # DEFAULT_DEP_FILE_NAME                                                                      
           INFO     [94m    [0m[94m┃   [0m[94m    [0m[94m    [0m[94m    [0m[94m    [0m[94m        term_tree_maker.py:938
                    [0m[94m┃   [0m[94m┃   [0m[94m┗━━ [0m[1;38;5;160m📄 curv.mk                                          
                    [0m    # CONFIG_MK                                                                                  
           INFO     [94m    [0m[94m┃   [0m[94m    [0m[94m    [0m[94m    [0m[94m    [0m[94m        term_tree_maker.py:938
                    [0m[94m┃   [0m[94m┣━━ [0m[1;38;5;69m📂 hdl/                                                         
                    [0m                                                                                                 
           INFO     [94m    [0m[94m┃   [0m[94m    [0m[94m    [0m[94m    [0m[94m    [0m[94m        term_tree_maker.py:938
                    [0m[94m┃   [0m[94m┃   [0m[94m┣━━ [0m[1;38;5;160m📄 curvcfgpkg.sv                                    
                    [0m    # CONFIG_SVPKG                                                                               
           INFO     [94m    [0m[94m┃   [0m[94m    [0m[94m    [0m[94m    [0m[94m    [0m[94m        term_tree_maker.py:938
                    [0m[94m┃   [0m[94m┃   [0m[94m┗━━ [0m[1;38;5;160m📄 curvcfg.svh                                      
                    [0m    # CONFIG_SVH                                                                                 
           INFO     [94m    [0m[94m┃   [0m[94m    [0m[94m    [0m[94m    [0m[94m    [0m[94m        term_tree_maker.py:938
                    [0m[94m┃   [0m[94m┣━━ [0m[1;38;5;69m📂 docs/                                                        
                    [0m                                                                                                 
           INFO     [94m    [0m[94m┃   [0m[94m    [0m[94m    [0m[94m    [0m[94m    [0m[94m        term_tree_maker.py:938
                    [0m[94m┃   [0m[94m┃   [0m[94m┗━━ [0m[1;38;5;160m📄 MEMORY_MAP.md                                    
                    [0m    # MEMMAP_MD                                                                                  
           INFO     [94m    [0m[94m┃   [0m[94m    [0m[94m    [0m[94m    [0m[94m    [0m[94m        term_tree_maker.py:938
                    [0m[94m┃   [0m[94m┗━━ [0m[1;38;5;69m📂 shell/                                                       
                    [0m                                                                                                 
           INFO     [94m    [0m[94m┃   [0m[94m    [0m[94m    [0m[94m    [0m[94m    [0m[94m        term_tree_maker.py:938
                    [0m[94m┃   [0m[94m    [0m[94m┗━━ [0m[1;38;5;160m📄 curv.env                                         
                    [0m    # CONFIG_ENV                                                                                 
           INFO     [94m    [0m[94m┃   [0m[94m    [0m[94m    [0m[94m    [0m[94m    [0m[94m        term_tree_maker.py:938
                    [0m[94m┗━━ [0m[1;38;5;69m📂 fw/                                     [0m    #                        
                    BUILD_FIRMWARE_DIR                                                                                  
           INFO     [94m    [0m[94m┃   [0m[94m    [0m[94m    [0m[94m    [0m[94m    [0m[94m        term_tree_maker.py:938
                    [0m[94m    [0m[94m┣━━ [0m[1;38;5;69m📂 cache-prefills/                                              
                    [0m    # BUILD_FW_CACHE_PREFILLS_DIR                                                                
           INFO     [94m    [0m[94m┃   [0m[94m    [0m[94m    [0m[94m    [0m[94m    [0m[94m        term_tree_maker.py:938
                    [0m[94m    [0m[94m┃   [0m[94m┣━━ [0m[1;38;5;69m📂 build/                                            
                    [0m    # BUILD_FW_CACHE_PREFILLS_BIN_DIR                                                            
           INFO     [94m    [0m[94m┃   [0m[94m    [0m[94m    [0m[94m    [0m[94m    [0m[94m        term_tree_maker.py:938
                    [0m[94m    [0m[94m┃   [0m[94m┃   [0m[94m┣━━ [0m[1;38;5;160m📄                                       
                    cache_hex_files_paths.svh   [0m    # BUILD_CACHE_PREFILL_HEX_HDR_FILE                               
           INFO     [94m    [0m[94m┃   [0m[94m    [0m[94m    [0m[94m    [0m[94m    [0m[94m        term_tree_maker.py:938
                    [0m[94m    [0m[94m┃   [0m[94m┃   [0m[94m┣━━ [0m[1;38;5;160m📄                                       
                    text-section.hex            [0m    # BUILD_SRC_ICACHE_HEX_FILE                                      
           INFO     [94m    [0m[94m┃   [0m[94m    [0m[94m    [0m[94m    [0m[94m    [0m[94m        term_tree_maker.py:938
                    [0m[94m    [0m[94m┃   [0m[94m┃   [0m[94m┣━━ [0m[1;38;5;160m📄                                       
                    data-section.hex            [0m    # BUILD_SRC_DCACHE_HEX_FILE                                      
           INFO     [94m    [0m[94m┃   [0m[94m    [0m[94m    [0m[94m    [0m[94m    [0m[94m        term_tree_maker.py:938
                    [0m[94m    [0m[94m┃   [0m[94m┃   [0m[94m┣━━ [0m[1;38;5;160m📄                                       
                    icache_dcache.hex           [0m    # BUILD_WISHBONE_HEX_FILE                                        
           INFO     [94m    [0m[94m┃   [0m[94m    [0m[94m    [0m[94m    [0m[94m    [0m[94m        term_tree_maker.py:938
                    [0m[94m    [0m[94m┃   [0m[94m┃   [0m[94m┗━━ [0m[1;38;5;160m📄                                       
                    cache_readme.txt            [0m    # BUILD_CACHE_README_FILE                                        
           INFO     [94m    [0m[94m┃   [0m[94m    [0m[94m    [0m[94m    [0m[94m    [0m[94m        term_tree_maker.py:938
                    [0m[94m    [0m[94m┃   [0m[94m┗━━ [0m[1;38;5;69m📂                                                   
                    $(CFG_CACHE_HEX_FILES_SRC_NAME)/[0m    #                                                            
                    BUILD_CACHE_OUTPUT_HEX_FILES_ROOT_DIR                                                               
           INFO     [94m    [0m[94m┃   [0m[94m    [0m[94m    [0m[94m    [0m[94m    [0m[94m        term_tree_maker.py:938
                    [0m[94m    [0m[94m┃   [0m[94m    [0m[94m┣━━ [0m[1;38;5;69m📂 dcache/                                
                    [0m    # BUILD_DCACHE_DIR                                                                           
           INFO     [94m    [0m[94m┃   [0m[94m    [0m[94m    [0m[94m    [0m[94m    [0m[94m        term_tree_maker.py:938
                    [0m[94m    [0m[94m┃   [0m[94m    [0m[94m┃   [0m[94m┣━━ [0m[1;38;5;160m📄                            
                    cachelines/             [0m    # BUILD_DCACHE_CACHELINES_DIR                                        
           INFO     [94m    [0m[94m┃   [0m[94m    [0m[94m    [0m[94m    [0m[94m    [0m[94m        term_tree_maker.py:938
                    [0m[94m    [0m[94m┃   [0m[94m    [0m[94m┃   [0m[94m┗━━ [0m[1;38;5;160m📄                            
                    tagram/                 [0m    # BUILD_DCACHE_TAGRAM_DIR                                            
           INFO     [94m    [0m[94m┃   [0m[94m    [0m[94m    [0m[94m    [0m[94m    [0m[94m        term_tree_maker.py:938
                    [0m[94m    [0m[94m┃   [0m[94m    [0m[94m┗━━ [0m[1;38;5;69m📂 icache/                                
                    [0m    # BUILD_ICACHE_DIR                                                                           
           INFO     [94m    [0m[94m┃   [0m[94m    [0m[94m    [0m[94m    [0m[94m    [0m[94m        term_tree_maker.py:938
                    [0m[94m    [0m[94m┃   [0m[94m    [0m[94m    [0m[94m┣━━ [0m[1;38;5;160m📄                            
                    cachelines/             [0m    # BUILD_ICACHE_CACHELINES_DIR                                        
           INFO     [94m    [0m[94m┃   [0m[94m    [0m[94m    [0m[94m    [0m[94m    [0m[94m        term_tree_maker.py:938
                    [0m[94m    [0m[94m┃   [0m[94m    [0m[94m    [0m[94m┗━━ [0m[1;38;5;160m📄                            
                    tagram/                 [0m    # BUILD_ICACHE_TAGRAM_DIR                                            
           INFO     [94m    [0m[94m┃   [0m[94m    [0m[94m    [0m[94m    [0m[94m    [0m[94m        term_tree_maker.py:938
                    [0m[94m    [0m[94m┗━━ [0m[1;38;5;69m📂 bootrom/                                                     
                    [0m                                                                                                 
           INFO     [94m    [0m[94m┃   [0m[94m    [0m[94m    [0m[94m    [0m[94m    [0m[94m        term_tree_maker.py:938
                    [0m[94m    [0m[94m    [0m[94m┗━━ [0m[1;38;5;160m📄 build/                                           
                    [0m    # BUILD_FW_BOOTROM_DIR                                                                       
           INFO     [94m    [0m[94m┃   [0m[94m    [0m[94m    [0m[94m    [0m[94m    [0m[94m        term_tree_maker.py:938
                    [0m[94m    [0m[94m    [0m[94m┗━━ [0m[1;38;5;69m📂 hex-files/                                        
                    [0m    # BUILD_BOOTROM_HEX_FILES_DIR                                                                
           INFO     [94m    [0m[94m┃   [0m[94m    [0m[94m    [0m[94m    [0m[94m    [0m[94m        term_tree_maker.py:938
                    [0m[94m    [0m[94m    [0m[94m    [0m[94m┗━━ [0m[1;38;5;160m📄 bootrom.hex                           
                    [0m    # BUILD_BOOTROM_HEX_FILES                                                                    
           INFO     [94m    [0m[94m┗━━ [0m[1;38;5;160m📄 common/                                  term_tree_maker.py:938
                    [0m    # CURV_COMMON_DIR                                                                            
[04:05:30] INFO     [logger] configured: LoggingLevels(stderr_level=CRITICAL, file_level=DEBUG)            logger.py:171
[04:05:30] INFO     [logger] configured: LoggingLevels(stderr_level=CRITICAL, file_level=DEBUG)            logger.py:171
           INFO     [1;38;5;69m📂 CURV_REPO_DIR/                                                  term_tree_maker.py:938
                    [0m    # root of curvcpu/curv repository                                                            
           INFO     [94m┗━━ [0m[1;38;5;69m📂 my-designs/                                          term_tree_maker.py:938
                    [0m                                                                                                 
           INFO     [94m    [0m[94m┣━━ [0m[1;38;5;69m📂 riscv-soc/                                term_tree_maker.py:938
                    [0m                                                                                                 
           INFO     [94m    [0m[94m┃   [0m[94m┣━━ [0m[1;38;5;69m📂 config/                        term_tree_maker.py:938
                    [0m    # CURV_CONFIG_DIR                                                                            
           INFO     [94m    [0m[94m┃   [0m[94m┃   [0m[94m┣━━ [0m[1;38;5;69m📂 schema/             term_tree_maker.py:938
                    [0m    # CURV_CONFIG_SCHEMA_DIR                                                                     
           INFO     [94m    [0m[94m┃   [0m[94m┃   [0m[94m┃   [0m[94m┣━━ [0m[1;38;5;160m📄         term_tree_maker.py:938
                    schema.toml                                         [0m    #                                        
                    DEFAULT_SCHEMA_TOML_PATH                                                                            
           INFO     [94m    [0m[94m┃   [0m[94m┃   [0m[94m┃   [0m[94m┗━━ [0m[1;38;5;160m📄         term_tree_maker.py:938
                    tb-extras-schema.toml                               [0m    #                                        
                    DEFAULT_TB_SCHEMA_TOML_PATH                                                                         
           INFO     [94m    [0m[94m┃   [0m[94m┃   [0m[94m┣━━ [0m[1;38;5;69m📂 profiles/           term_tree_maker.py:938
                    [0m    # CURV_CONFIG_PROFILES_DIR                                                                   
           INFO     [94m    [0m[94m┃   [0m[94m┃   [0m[94m┃   [0m[94m┣━━ [0m[1;38;5;69m📂          term_tree_maker.py:938
                    overlays/                                           [0m    #                                        
                    CURV_CONFIG_PROFILE_OVERLAYS_DIR                                                                    
           INFO     [94m    [0m[94m┃   [0m[94m┃   [0m[94m┃   [0m[94m┃   [0m[94m┗━━                term_tree_maker.py:938
                    [0m[1;38;5;160m📄 tb.toml                                         [0m    #                          
                    DEFAULT_TB_OVERLAY_TOML_PATH                                                                        
           INFO     [94m    [0m[94m┃   [0m[94m┃   [0m[94m┃   [0m[94m┗━━ [0m[1;38;5;160m📄         term_tree_maker.py:938
                    $(PROFILE).toml                                     [0m    #                                        
                    DEFAULT_PROFILE_TOML_PATH                                                                           
           INFO     [94m    [0m[94m┃   [0m[94m┃   [0m[94m┗━━ [0m[1;38;5;160m📄 memmap/            term_tree_maker.py:938
                    [0m    # CURV_CONFIG_MEMMAP_DIR                                                                     
           INFO     [94m    [0m[94m┃   [0m[94m┣━━ [0m[1;38;5;69m📂 boards/                        term_tree_maker.py:938
                    [0m    # CURV_BOARDS_DIR                                                                            
           INFO     [94m    [0m[94m┃   [0m[94m┃   [0m[94m┗━━ [0m[1;38;5;69m📂 $(BOARD)/           term_tree_maker.py:938
                    [0m                                                                                                 
           INFO     [94m    [0m[94m┃   [0m[94m┃   [0m[94m    [0m[94m┗━━ [0m[1;38;5;160m📄         term_tree_maker.py:938
                    devices/                                            [0m    #                                        
                    CURV_CONFIG_DEVICES_DIR                                                                             
           INFO     [94m    [0m[94m┃   [0m[94m┗━━ [0m[1;38;5;69m📂 riscv/                         term_tree_maker.py:938
                    [0m    # CURV_RISCV_DIR                                                                             
           INFO     [94m    [0m[94m┃   [0m[94m    [0m[94m┣━━ [0m[1;38;5;69m📂 firmware/           term_tree_maker.py:938
                    [0m    # CURV_FIRMWARE_DIR                                                                          
           INFO     [94m    [0m[94m┃   [0m[94m    [0m[94m┃   [0m[94m┗━━ [0m[1;38;5;69m📂          term_tree_maker.py:938
                    cache-prefills/                                     [0m                                             
           INFO     [94m    [0m[94m┃   [0m[94m    [0m[94m┃   [0m[94m    [0m[94m┗━━                term_tree_maker.py:938
                    [0m[1;38;5;160m📄 $(CFG_CACHE_HEX_FILES_SRC_NAME)/                [0m    #                          
                    BUILD_CACHE_PREFILL_INPUT_DIR                                                                       
           INFO     [94m    [0m[94m┃   [0m[94m    [0m[94m┗━━ [0m[1;38;5;69m📂 tb/                 term_tree_maker.py:938
                    [0m                                                                                                 
           INFO     [94m    [0m[94m┃   [0m[94m    [0m[94m    [0m[94m┗━━ [0m[1;38;5;69m📂          term_tree_maker.py:938
                    verilator/                                          [0m                                             
           INFO     [94m    [0m[94m┃   [0m[94m    [0m[94m    [0m[94m    [0m[94m┗━━                term_tree_maker.py:938
                    [0m[1;38;5;69m📂 riscvcpu/                                       [0m                                
           INFO     [94m    [0m[94m┃   [0m[94m    [0m[94m    [0m[94m    [0m[94m    [0m[94m┗━━     term_tree_maker.py:938
                    [0m[1;38;5;69m📂 build/                                      [0m                                    
           INFO     [94m    [0m[94m┃   [0m[94m    [0m[94m    [0m[94m    [0m[94m    [0m[94m        term_tree_maker.py:938
                    [0m[94m┣━━ [0m[1;38;5;69m📂 generated/                              [0m    #                        
                    BUILD_GENERATED_DIR                                                                                 
           INFO     [94m    [0m[94m┃   [0m[94m    [0m[94m    [0m[94m    [0m[94m    [0m[94m        term_tree_maker.py:938
                    [0m[94m┃   [0m[94m┣━━ [0m[1;38;5;69m📂 config/                                                      
                    [0m                                                                                                 
           INFO     [94m    [0m[94m┃   [0m[94m    [0m[94m    [0m[94m    [0m[94m    [0m[94m        term_tree_maker.py:938
                    [0m[94m┃   [0m[94m┃   [0m[94m┗━━ [0m[1;38;5;160m📄 merged.toml                                      
                    [0m    # DEFAULT_MERGED_TOML_NAME                                                                   
           INFO     [94m    [0m[94m┃   [0m[94m    [0m[94m    [0m[94m    [0m[94m    [0m[94m        term_tree_maker.py:938
                    [0m[94m┃   [0m[94m┣━━ [0m[1;38;5;69m📂 make/                                                        
                    [0m                                                                                                 
           INFO     [94m    [0m[94m┃   [0m[94m    [0m[94m    [0m[94m    [0m[94m    [0m[94m        term_tree_maker.py:938
                    [0m[94m┃   [0m[94m┃   [0m[94m┣━━ [0m[1;38;5;160m📄 config.mk.d                                      
                    [0m    # DEFAULT_DEP_FILE_NAME                                                                      
           INFO     [94m    [0m[94m┃   [0m[94m    [0m[94m    [0m[94m    [0m[94m    [0m[94m        term_tree_maker.py:938
                    [0m[94m┃   [0m[94m┃   [0m[94m┗━━ [0m[1;38;5;160m📄 curv.mk                                          
                    [0m    # CONFIG_MK                                                                                  
           INFO     [94m    [0m[94m┃   [0m[94m    [0m[94m    [0m[94m    [0m[94m    [0m[94m        term_tree_maker.py:938
                    [0m[94m┃   [0m[94m┣━━ [0m[1;38;5;69m📂 hdl/                                                         
                    [0m                                                                                                 
           INFO     [94m    [0m[94m┃   [0m[94m    [0m[94m    [0m[94m    [0m[94m    [0m[94m        term_tree_maker.py:938
                    [0m[94m┃   [0m[94m┃   [0m[94m┣━━ [0m[1;38;5;160m📄 curvcfgpkg.sv                                    
                    [0m    # CONFIG_SVPKG                                                                               
           INFO     [94m    [0m[94m┃   [0m[94m    [0m[94m    [0m[94m    [0m[94m    [0m[94m        term_tree_maker.py:938
                    [0m[94m┃   [0m[94m┃   [0m[94m┗━━ [0m[1;38;5;160m📄 curvcfg.svh                                      
                    [0m    # CONFIG_SVH                                                                                 
           INFO     [94m    [0m[94m┃   [0m[94m    [0m[94m    [0m[94m    [0m[94m    [0m[94m        term_tree_maker.py:938
                    [0m[94m┃   [0m[94m┣━━ [0m[1;38;5;69m📂 docs/                                                        
                    [0m                                                                                                 
           INFO     [94m    [0m[94m┃   [0m[94m    [0m[94m    [0m[94m    [0m[94m    [0m[94m        term_tree_maker.py:938
                    [0m[94m┃   [0m[94m┃   [0m[94m┗━━ [0m[1;38;5;160m📄 MEMORY_MAP.md                                    
                    [0m    # MEMMAP_MD                                                                                  
           INFO     [94m    [0m[94m┃   [0m[94m    [0m[94m    [0m[94m    [0m[94m    [0m[94m        term_tree_maker.py:938
                    [0m[94m┃   [0m[94m┗━━ [0m[1;38;5;69m📂 shell/                                                       
                    [0m                                                                                                 
           INFO     [94m    [0m[94m┃   [0m[94m    [0m[94m    [0m[94m    [0m[94m    [0m[94m        term_tree_maker.py:938
                    [0m[94m┃   [0m[94m    [0m[94m┗━━ [0m[1;38;5;160m📄 curv.env                                         
                    [0m    # CONFIG_ENV                                                                                 
           INFO     [94m    [0m[94m┃   [0m[94m    [0m[94m    [0m[94m    [0m[94m    [0m[94m        term_tree_maker.py:938
                    [0m[94m┗━━ [0m[1;38;5;69m📂 fw/                                     [0m    #                        
                    BUILD_FIRMWARE_DIR                                                                                  
           INFO     [94m    [0m[94m┃   [0m[94m    [0m[94m    [0m[94m    [0m[94m    [0m[94m        term_tree_maker.py:938
                    [0m[94m    [0m[94m┣━━ [0m[1;38;5;69m📂 cache-prefills/                                              
                    [0m    # BUILD_FW_CACHE_PREFILLS_DIR                                                                
           INFO     [94m    [0m[94m┃   [0m[94m    [0m[94m    [0m[94m    [0m[94m    [0m[94m        term_tree_maker.py:938
                    [0m[94m    [0m[94m┃   [0m[94m┣━━ [0m[1;38;5;69m📂 build/                                            
                    [0m    # BUILD_FW_CACHE_PREFILLS_BIN_DIR                                                            
           INFO     [94m    [0m[94m┃   [0m[94m    [0m[94m    [0m[94m    [0m[94m    [0m[94m        term_tree_maker.py:938
                    [0m[94m    [0m[94m┃   [0m[94m┃   [0m[94m┣━━ [0m[1;38;5;160m📄                                       
                    cache_hex_files_paths.svh   [0m    # BUILD_CACHE_PREFILL_HEX_HDR_FILE                               
           INFO     [94m    [0m[94m┃   [0m[94m    [0m[94m    [0m[94m    [0m[94m    [0m[94m        term_tree_maker.py:938
                    [0m[94m    [0m[94m┃   [0m[94m┃   [0m[94m┣━━ [0m[1;38;5;160m📄                                       
                    text-section.hex            [0m    # BUILD_SRC_ICACHE_HEX_FILE                                      
           INFO     [94m    [0m[94m┃   [0m[94m    [0m[94m    [0m[94m    [0m[94m    [0m[94m        term_tree_maker.py:938
                    [0m[94m    [0m[94m┃   [0m[94m┃   [0m[94m┣━━ [0m[1;38;5;160m📄                                       
                    data-section.hex            [0m    # BUILD_SRC_DCACHE_HEX_FILE                                      
           INFO     [94m    [0m[94m┃   [0m[94m    [0m[94m    [0m[94m    [0m[94m    [0m[94m        term_tree_maker.py:938
                    [0m[94m    [0m[94m┃   [0m[94m┃   [0m[94m┣━━ [0m[1;38;5;160m📄                                       
                    icache_dcache.hex           [0m    # BUILD_WISHBONE_HEX_FILE                                        
           INFO     [94m    [0m[94m┃   [0m[94m    [0m[94m    [0m[94m    [0m[94m    [0m[94m        term_tree_maker.py:938
                    [0m[94m    [0m[94m┃   [0m[94m┃   [0m[94m┗━━ [0m[1;38;5;160m📄                                       
                    cache_readme.txt            [0m    # BUILD_CACHE_README_FILE                                        
           INFO     [94m    [0m[94m┃   [0m[94m    [0m[94m    [0m[94m    [0m[94m    [0m[94m        term_tree_maker.py:938
                    [0m[94m    [0m[94m┃   [0m[94m┗━━ [0m[1;38;5;69m📂                                                   
                    $(CFG_CACHE_HEX_FILES_SRC_NAME)/[0m    #                                                            
                    BUILD_CACHE_OUTPUT_HEX_FILES_ROOT_DIR                                                               
           INFO     [94m    [0m[94m┃   [0m[94m    [0m[94m    [0m[94m    [0m[94m    [0m[94m        term_tree_maker.py:938
                    [0m[94m    [0m[94m┃   [0m[94m    [0m[94m┣━━ [0m[1;38;5;69m📂 dcache/                                
                    [0m    # BUILD_DCACHE_DIR                                                                           
           INFO     [94m    [0m[94m┃   [0m[94m    [0m[94m    [0m[94m    [0m[94m    [0m[94m        term_tree_maker.py:938
                    [0m[94m    [0m[94m┃   [0m[94m    [0m[94m┃   [0m[94m┣━━ [0m[1;38;5;160m📄                            
                    cachelines/             [0m    # BUILD_DCACHE_CACHELINES_DIR                                        
           INFO     [94m    [0m[94m┃   [0m[94m    [0m[94m    [0m[94m    [0m[94m    [0m[94m        term_tree_maker.py:938
                    [0m[94m    [0m[94m┃   [0m[94m    [0m[94m┃   [0m[94m┗━━ [0m[1;38;5;160m📄                            
                    tagram/                 [0m    # BUILD_DCACHE_TAGRAM_DIR                                            
           INFO     [94m    [0m[94m┃   [0m[94m    [0m[94m    [0m[94m    [0m[94m    [0m[94m        term_tree_maker.py:938
                    [0m[94m    [0m[94m┃   [0m[94m    [0m[94m┗━━ [0m[1;38;5;69m📂 icache/                                
                    [0m    # BUILD_ICACHE_DIR                                                                           
           INFO     [94m    [0m[94m┃   [0m[94m    [0m[94m    [0m[94m    [0m[94m    [0m[94m        term_tree_maker.py:938
                    [0m[94m    [0m[94m┃   [0m[94m    [0m[94m    [0m[94m┣━━ [0m[1;38;5;160m📄                            
                    cachelines/             [0m    # BUILD_ICACHE_CACHELINES_DIR                                        
           INFO     [94m    [0m[94m┃   [0m[94m    [0m[94m    [0m[94m    [0m[94m    [0m[94m        term_tree_maker.py:938
                    [0m[94m    [0m[94m┃   [0m[94m    [0m[94m    [0m[94m┗━━ [0m[1;38;5;160m📄                            
                    tagram/                 [0m    # BUILD_ICACHE_TAGRAM_DIR                                            
           INFO     [94m    [0m[94m┃   [0m[94m    [0m[94m    [0m[94m    [0m[94m    [0m[94m        term_tree_maker.py:938
                    [0m[94m    [0m[94m┗━━ [0m[1;38;5;69m📂 bootrom/                                                     
                    [0m                                                                                                 
           INFO     [94m    [0m[94m┃   [0m[94m    [0m[94m    [0m[94m    [0m[94m    [0m[94m        term_tree_maker.py:938
                    [0m[94m    [0m[94m    [0m[94m┗━━ [0m[1;38;5;160m📄 build/                                           
                    [0m    # BUILD_FW_BOOTROM_DIR                                                                       
           INFO     [94m    [0m[94m┃   [0m[94m    [0m[94m    [0m[94m    [0m[94m    [0m[94m        term_tree_maker.py:938
                    [0m[94m    [0m[94m    [0m[94m┗━━ [0m[1;38;5;69m📂 hex-files/                                        
                    [0m    # BUILD_BOOTROM_HEX_FILES_DIR                                                                
           INFO     [94m    [0m[94m┃   [0m[94m    [0m[94m    [0m[94m    [0m[94m    [0m[94m        term_tree_maker.py:938
                    [0m[94m    [0m[94m    [0m[94m    [0m[94m┗━━ [0m[1;38;5;160m📄 bootrom.hex                           
                    [0m    # BUILD_BOOTROM_HEX_FILES                                                                    
           INFO     [94m    [0m[94m┗━━ [0m[1;38;5;160m📄 common/                                  term_tree_maker.py:938
                    [0m    # CURV_COMMON_DIR                                                                            
[04:16:21] INFO     [logger] configured: LoggingLevels(stderr_level=CRITICAL, file_level=DEBUG)            logger.py:171
[04:16:21] INFO     [logger] configured: LoggingLevels(stderr_level=CRITICAL, file_level=DEBUG)            logger.py:171
           ERROR    Error: maximum recursion depth exceeded                                               __main__.py:21
                    ╭──────────────────────── Traceback (most recent call last) ────────────────────────╮               
                    │ /home/mwg/curv/mikegoelzer/tree-maker/src/term_tree_maker/__main__.py:17 in main  │               
                    │                                                                                   │               
                    │   14 │   """                                                                      │               
                    │   15 │   init_logging()                                                           │               
                    │   16 │   try:                                                                     │               
                    │ ❱ 17 │   │   result: Optional[int] = _cli_main()                                  │               
                    │   18 │   except SystemExit as exc:                                                │               
                    │   19 │   │   return exc.code if isinstance(exc.code, int) else 0                  │               
                    │   20 │   except Exception as exc:                                                 │               
                    │                                                                                   │               
                    │ ╭───────────────────────── locals ─────────────────────────╮                      │               
                    │ │ exc = RecursionError('maximum recursion depth exceeded') │                      │               
                    │ ╰──────────────────────────────────────────────────────────╯                      │               
                    │                                                                                   │               
                    │ /home/mwg/curv/mikegoelzer/tree-maker/src/term_tree_maker/term_tree_maker.py:857  │               
                    │ in main                                                                           │               
                    │                                                                                   │               
                    │    854 │   │   data_fn = lambda max_comment_line_width: make_data_from_path_env(m │               
                    │    855 │                                                                          │               
                    │    856 │   # make the Node tree from the data source                              │               
                    │ ❱  857 │   root = data_fn(max_comment_line_width)                                 │               
                    │    858 │                                                                          │               
                    │    859 │   invisible_table = Table.grid(padding=0)                                │               
                    │    860 │   invisible_table.add_column("tree", justify="left", no_wrap=True)       │               
                    │                                                                                   │               
                    │ ╭─────────────────────────────────── locals ────────────────────────────────────╮ │               
                    │ │                   args = Namespace(insert_extra_top_line=False,               │ │               
                    │ │                          chunk_lines_amount=None, chunk_number=0,             │ │               
                    │ │                          chunk_count=False,                                   │ │               
                    │ │                          data_source='/home/mwg/ecp5-first-steps/my-designs/… │ │               
                    │ │ max_comment_line_width = None                                                 │ │               
                    │ ╰───────────────────────────────────────────────────────────────────────────────╯ │               
                    │                                                                                   │               
                    │ /home/mwg/curv/mikegoelzer/tree-maker/src/term_tree_maker/term_tree_maker.py:854  │               
                    │ in <lambda>                                                                       │               
                    │                                                                                   │               
                    │    851 │   │   data_fn = lambda max_comment_line_width: make_dummy_data(max_comme │               
                    │    852 │   else:                                                                  │               
                    │    853 │   │   # treat data source as a path to an environment file               │               
                    │ ❱  854 │   │   data_fn = lambda max_comment_line_width: make_data_from_path_env(m │               
                    │    855 │                                                                          │               
                    │    856 │   # make the Node tree from the data source                              │               
                    │    857 │   root = data_fn(max_comment_line_width)                                 │               
                    │                                                                                   │               
                    │ ╭─────────────────────────────────── locals ────────────────────────────────────╮ │               
                    │ │                   args = Namespace(insert_extra_top_line=False,               │ │               
                    │ │                          chunk_lines_amount=None, chunk_number=0,             │ │               
                    │ │                          chunk_count=False,                                   │ │               
                    │ │                          data_source='/home/mwg/ecp5-first-steps/my-designs/… │ │               
                    │ │ max_comment_line_width = None                                                 │ │               
                    │ ╰───────────────────────────────────────────────────────────────────────────────╯ │               
                    │                                                                                   │               
                    │ /home/mwg/curv/mikegoelzer/tree-maker/src/term_tree_maker/term_tree_maker.py:592  │               
                    │ in make_data_from_path_env                                                        │               
                    │                                                                                   │               
                    │    589 │   build_dir = "/home/mwg/ecp5-first-steps/my-designs/riscv-soc/riscv/tb/ │               
                    │    590 │                                                                          │               
                    │    591 │   # 3) Resolve values from path_raw.env                                  │               
                    │ ❱  592 │   env_file_values: dict[str, CurvConfigPath] = read_path_env_file(env_fi │               
                    │    593 │                                                                          │               
                    │    594 │   # Normalize to a POSIX-style string for prefix matching                │               
                    │    595 │   curv_repo_dir = Path(os.path.join(curv_root_dir, '../..')).resolve().a │               
                    │                                                                                   │               
                    │ ╭─────────────────────────────────── locals ────────────────────────────────────╮ │               
                    │ │              build_dir = '/home/mwg/ecp5-first-steps/my-designs/riscv-soc/ri… │ │               
                    │ │          curv_root_dir = '/home/mwg/ecp5-first-steps/my-designs/riscv-soc'    │ │               
                    │ │               env_file = '/home/mwg/ecp5-first-steps/my-designs/riscv-soc/sc… │ │               
                    │ │ max_comment_line_width = None                                                 │ │               
                    │ ╰───────────────────────────────────────────────────────────────────────────────╯ │               
                    │                                                                                   │               
                    │ /home/mwg/curv/mikegoelzer/tree-maker/src/term_tree_maker/term_tree_maker.py:558  │               
                    │ in read_path_env_file                                                             │               
                    │                                                                                   │               
                    │    555 │   │   │   replacement_vals[key] = str(value.value)                       │               
                    │    556 │   new_env_values: dict[str, CurvConfigPath] = {}                         │               
                    │    557 │   for k, v in env_values.items():                                        │               
                    │ ❱  558 │   │   new_value = CurvConfigPath(                                        │               
                    │    559 │   │   │   v,                                                             │               
                    │    560 │   │   │   PROFILE=PROFILE,                                               │               
                    │    561 │   │   │   BOARD=BOARD,                                                   │               
                    │                                                                                   │               
                    │ ╭─────────────────────────────────── locals ────────────────────────────────────╮ │               
                    │ │            BOARD = None                                                       │ │               
                    │ │        BUILD_DIR = '/home/mwg/ecp5-first-steps/my-designs/riscv-soc/riscv/tb… │ │               
                    │ │        cfgvalues = None                                                       │ │               
                    │ │    CURV_ROOT_DIR = '/home/mwg/ecp5-first-steps/my-designs/riscv-soc'          │ │               
                    │ │         env_file = '/home/mwg/ecp5-first-steps/my-designs/riscv-soc/scripts/… │ │               
                    │ │       env_values = OrderedDict([('CURV_REPO_DIR',                             │ │               
                    │ │                    '/home/mwg/ecp5-first-steps/my-designs/riscv-soc/../..'),  │ │               
                    │ │                    ('CURV_CONFIG_DIR',                                        │ │               
                    │ │                    '/home/mwg/ecp5-first-steps/my-designs/riscv-soc/config'), │ │               
                    │ │                    ('CURV_BOARDS_DIR',                                        │ │               
                    │ │                    '/home/mwg/ecp5-first-steps/my-designs/riscv-soc/boards'), │ │               
                    │ │                    ('CURV_RISCV_DIR',                                         │ │               
                    │ │                    '/home/mwg/ecp5-first-steps/my-designs/riscv-soc/riscv'),  │ │               
                    │ │                    ('CURV_COMMON_DIR',                                        │ │               
                    │ │                    '/home/mwg/ecp5-first-steps/my-designs/riscv-soc/../commo… │ │               
                    │ │                    ('CURV_FIRMWARE_DIR',                                      │ │               
                    │ │                    '/home/mwg/ecp5-first-steps/my-designs/riscv-soc/riscv/fi… │ │               
                    │ │                    ('CURV_CONFIG_SCHEMA_DIR',                                 │ │               
                    │ │                    '/home/mwg/ecp5-first-steps/my-designs/riscv-soc/config/s… │ │               
                    │ │                    ('CURV_CONFIG_PROFILES_DIR',                               │ │               
                    │ │                    '/home/mwg/ecp5-first-steps/my-designs/riscv-soc/config/p… │ │               
                    │ │                    ('CURV_CONFIG_PROFILE_OVERLAYS_DIR',                       │ │               
                    │ │                    '/home/mwg/ecp5-first-steps/my-designs/riscv-soc/config/p… │ │               
                    │ │                    ('CURV_CONFIG_MEMMAP_DIR',                                 │ │               
                    │ │                    '/home/mwg/ecp5-first-steps/my-designs/riscv-soc/config/m… │ │               
                    │ │                    ('CURV_CONFIG_DEVICES_DIR',                                │ │               
                    │ │                    '/home/mwg/ecp5-first-steps/my-designs/riscv-soc/boards/$… │ │               
                    │ │                    ('DEFAULT_PROFILE_TOML_PATH',                              │ │               
                    │ │                    '/home/mwg/ecp5-first-steps/my-designs/riscv-soc/config/p… │ │               
                    │ │                    ('DEFAULT_TB_OVERLAY_TOML_PATH',                           │ │               
                    │ │                    '/home/mwg/ecp5-first-steps/my-designs/riscv-soc/config/p… │ │               
                    │ │                    ('DEFAULT_SCHEMA_TOML_PATH',                               │ │               
                    │ │                    '/home/mwg/ecp5-first-steps/my-designs/riscv-soc/config/s… │ │               
                    │ │                    ('DEFAULT_TB_SCHEMA_TOML_PATH',                            │ │               
                    │ │                    '/home/mwg/ecp5-first-steps/my-designs/riscv-soc/config/s… │ │               
                    │ │                    ('BUILD_CACHE_PREFILL_INPUT_DIR',                          │ │               
                    │ │                    '/home/mwg/ecp5-first-steps/my-designs/riscv-soc/riscv/fi… │ │               
                    │ │                    ('BUILD_GENERATED_DIR', '$(BUILD_DIR)/generated'),         │ │               
                    │ │                    ('BUILD_FIRMWARE_DIR', '$(BUILD_DIR)/fw'),                 │ │               
                    │ │                    ('BUILD_FW_CACHE_PREFILLS_DIR',                            │ │               
                    │ │                    '$(BUILD_DIR)/fw/cache-prefills'),                         │ │               
                    │ │                    ('BUILD_FW_CACHE_PREFILLS_BIN_DIR',                        │ │               
                    │ │                    '$(BUILD_DIR)/fw/cache-prefills/build'),                   │ │               
                    │ │                    ('BUILD_CACHE_OUTPUT_HEX_FILES_ROOT_DIR',                  │ │               
                    │ │                    '$(BUILD_DIR)/fw/cache-prefills/$(CFG_CACHE_HEX_FILES_SRC… │ │               
                    │ │                    ('BUILD_DCACHE_DIR',                                       │ │               
                    │ │                    '$(BUILD_DIR)/fw/cache-prefills/$(CFG_CACHE_HEX_FILES_SRC… │ │               
                    │ │                    ('BUILD_DCACHE_CACHELINES_DIR',                            │ │               
                    │ │                    '$(BUILD_DIR)/fw/cache-prefills/$(CFG_CACHE_HEX_FILES_SRC… │ │               
                    │ │                    ('BUILD_DCACHE_TAGRAM_DIR',                                │ │               
                    │ │                    '$(BUILD_DIR)/fw/cache-prefills/$(CFG_CACHE_HEX_FILES_SRC… │ │               
                    │ │                    ('BUILD_ICACHE_DIR',                                       │ │               
                    │ │                    '$(BUILD_DIR)/fw/cache-prefills/$(CFG_CACHE_HEX_FILES_SRC… │ │               
                    │ │                    ('BUILD_ICACHE_CACHELINES_DIR',                            │ │               
                    │ │                    '$(BUILD_DIR)/fw/cache-prefills/$(CFG_CACHE_HEX_FILES_SRC… │ │               
                    │ │                    ('BUILD_ICACHE_TAGRAM_DIR',                                │ │               
                    │ │                    '$(BUILD_DIR)/fw/cache-prefills/$(CFG_CACHE_HEX_FILES_SRC… │ │               
                    │ │                    ('BUILD_FW_BOOTROM_DIR', '$(BUILD_DIR)/fw/bootrom/build'), │ │               
                    │ │                    ('BUILD_BOOTROM_HEX_FILES_DIR',                            │ │               
                    │ │                    '$(BUILD_DIR)/fw/bootrom/hex-files'),                      │ │               
                    │ │                    ('DEFAULT_MERGED_TOML_NAME',                               │ │               
                    │ │                    '$(BUILD_DIR)/generated/config/merged.toml'),              │ │               
                    │ │                    ('DEFAULT_DEP_FILE_NAME',                                  │ │               
                    │ │                    '$(BUILD_DIR)/generated/make/config.mk.d'), ('CONFIG_MK',  │ │               
                    │ │                    '$(BUILD_DIR)/generated/make/curv.mk'), ('CONFIG_SVPKG',   │ │               
                    │ │                    '$(BUILD_DIR)/generated/hdl/curvcfgpkg.sv'),               │ │               
                    │ │                    ('CONFIG_SVH', '$(BUILD_DIR)/generated/hdl/curvcfg.svh'),  │ │               
                    │ │                    ('MEMMAP_SV', '$(BUILD_DIR)/generated/hdl/curvcfg.svh'),   │ │               
                    │ │                    ('MEMMAP_MD',                                              │ │               
                    │ │                    '$(BUILD_DIR)/generated/docs/MEMORY_MAP.md'),              │ │               
                    │ │                    ('CONFIG_ENV', '$(BUILD_DIR)/generated/shell/curv.env'),   │ │               
                    │ │                    ('BUILD_CACHE_PREFILL_HEX_HDR_FILE',                       │ │               
                    │ │                    '$(BUILD_DIR)/fw/cache-prefills/build/cache_hex_files_pat… │ │               
                    │ │                    ('BUILD_SRC_ICACHE_HEX_FILE',                              │ │               
                    │ │                    '$(BUILD_DIR)/fw/cache-prefills/build/text-section.hex'),  │ │               
                    │ │                    ('BUILD_SRC_DCACHE_HEX_FILE',                              │ │               
                    │ │                    '$(BUILD_DIR)/fw/cache-prefills/build/data-section.hex'),  │ │               
                    │ │                    ('BUILD_WISHBONE_HEX_FILE',                                │ │               
                    │ │                    '$(BUILD_DIR)/fw/cache-prefills/build/icache_dcache.hex'), │ │               
                    │ │                    ('BUILD_CACHE_README_FILE',                                │ │               
                    │ │                    '$(BUILD_DIR)/fw/cache-prefills/build/cache_readme.txt'),  │ │               
                    │ │                    ('BUILD_BOOTROM_HEX_FILES',                                │ │               
                    │ │                    '$(BUILD_DIR)/fw/bootrom/hex-files/bootrom.hex')])         │ │               
                    │ │                k = 'CURV_REPO_DIR'                                            │ │               
                    │ │   new_env_values = {}                                                         │ │               
                    │ │          PROFILE = None                                                       │ │               
                    │ │ replacement_vals = {                                                          │ │               
                    │ │                    │   'PROFILE': None,                                       │ │               
                    │ │                    │   'BOARD': None,                                         │ │               
                    │ │                    │   'BUILD_DIR':                                           │ │               
                    │ │                    '/home/mwg/ecp5-first-steps/my-designs/riscv-soc/riscv/tb… │ │               
                    │ │                    │   'CURV_ROOT_DIR':                                       │ │               
                    │ │                    '/home/mwg/ecp5-first-steps/my-designs/riscv-soc'          │ │               
                    │ │                    }                                                          │ │               
                    │ │                v = '/home/mwg/ecp5-first-steps/my-designs/riscv-soc/../..'    │ │               
                    │ ╰───────────────────────────────────────────────────────────────────────────────╯ │               
                    │                                                                                   │               
                    │ /home/mwg/curv/mikegoelzer/tree-maker/src/term_tree_maker/term_tree_maker.py:486  │               
                    │ in __init__                                                                       │               
                    │                                                                                   │               
                    │    483 class CurvConfigPath:                                                      │               
                    │    484 │   def __init__(self, path: str|Path, PROFILE: str = None, BOARD: str = N │               
                    │        = None):                                                                   │               
                    │    485 │   │   self.path = Path(path).resolve()                                   │               
                    │ ❱  486 │   │   self.PROFILE = PROFILE                                             │               
                    │    487 │   │   self.BOARD = BOARD                                                 │               
                    │    488 │   │   self.BUILD_DIR = BUILD_DIR                                         │               
                    │    489 │   │   self.CURV_ROOT_DIR = CURV_ROOT_DIR                                 │               
                    │                                                                                   │               
                    │ ╭─────────────────────────────────── locals ────────────────────────────────────╮ │               
                    │ │         BOARD = None                                                          │ │               
                    │ │     BUILD_DIR = '/home/mwg/ecp5-first-steps/my-designs/riscv-soc/riscv/tb/ve… │ │               
                    │ │     cfgvalues = None                                                          │ │               
                    │ │ CURV_ROOT_DIR = '/home/mwg/ecp5-first-steps/my-designs/riscv-soc'             │ │               
                    │ │          path = '/home/mwg/ecp5-first-steps/my-designs/riscv-soc/../..'       │ │               
                    │ │       PROFILE = None                                                          │ │               
                    │ │          self = CurvConfigPath(/home/mwg/ecp5-first-steps)                    │ │               
                    │ ╰───────────────────────────────────────────────────────────────────────────────╯ │               
                    │                                                                                   │               
                    │ /home/mwg/curv/mikegoelzer/tree-maker/src/term_tree_maker/term_tree_maker.py:519  │               
                    │ in PROFILE                                                                        │               
                    │                                                                                   │               
                    │    516 │   def PROFILE(self): return self.PROFILE                                 │               
                    │    517 │   @PROFILE.setter                                                        │               
                    │    518 │   def PROFILE(self, value: str):                                         │               
                    │ ❱  519 │   │   self.PROFILE = value                                               │               
                    │    520 │   │   self._run_var_replacement()                                        │               
                    │    521 │   @property                                                              │               
                    │    522 │   def BOARD(self): return self.BOARD                                     │               
                    │                                                                                   │               
                    │ ╭────────────────────── locals ──────────────────────╮                            │               
                    │ │  self = CurvConfigPath(/home/mwg/ecp5-first-steps) │                            │               
                    │ │ value = None                                       │                            │               
                    │ ╰────────────────────────────────────────────────────╯                            │               
                    │                                                                                   │               
                    │ /home/mwg/curv/mikegoelzer/tree-maker/src/term_tree_maker/term_tree_maker.py:519  │               
                    │ in PROFILE                                                                        │               
                    │                                                                                   │               
                    │    516 │   def PROFILE(self): return self.PROFILE                                 │               
                    │    517 │   @PROFILE.setter                                                        │               
                    │    518 │   def PROFILE(self, value: str):                                         │               
                    │ ❱  519 │   │   self.PROFILE = value                                               │               
                    │    520 │   │   self._run_var_replacement()                                        │               
                    │    521 │   @property                                                              │               
                    │    522 │   def BOARD(self): return self.BOARD                                     │               
                    │                                                                                   │               
                    │ ╭────────────────────── locals ──────────────────────╮                            │               
                    │ │  self = CurvConfigPath(/home/mwg/ecp5-first-steps) │                            │               
                    │ │ value = None                                       │                            │               
                    │ ╰────────────────────────────────────────────────────╯                            │               
                    │                                                                                   │               
                    │ /home/mwg/curv/mikegoelzer/tree-maker/src/term_tree_maker/term_tree_maker.py:519  │               
                    │ in PROFILE                                                                        │               
                    │                                                                                   │               
                    │    516 │   def PROFILE(self): return self.PROFILE                                 │               
                    │    517 │   @PROFILE.setter                                                        │               
                    │    518 │   def PROFILE(self, value: str):                                         │               
                    │ ❱  519 │   │   self.PROFILE = value                                               │               
                    │    520 │   │   self._run_var_replacement()                                        │               
                    │    521 │   @property                                                              │               
                    │    522 │   def BOARD(self): return self.BOARD                                     │               
                    │                                                                                   │               
                    │ ╭────────────────────── locals ──────────────────────╮                            │               
                    │ │  self = CurvConfigPath(/home/mwg/ecp5-first-steps) │                            │               
                    │ │ value = None                                       │                            │               
                    │ ╰────────────────────────────────────────────────────╯                            │               
                    │                                                                                   │               
                    │ /home/mwg/curv/mikegoelzer/tree-maker/src/term_tree_maker/term_tree_maker.py:519  │               
                    │ in PROFILE                                                                        │               
                    │                                                                                   │               
                    │    516 │   def PROFILE(self): return self.PROFILE                                 │               
                    │    517 │   @PROFILE.setter                                                        │               
                    │    518 │   def PROFILE(self, value: str):                                         │               
                    │ ❱  519 │   │   self.PROFILE = value                                               │               
                    │    520 │   │   self._run_var_replacement()                                        │               
                    │    521 │   @property                                                              │               
                    │    522 │   def BOARD(self): return self.BOARD                                     │               
                    │                                                                                   │               
                    │ ╭────────────────────── locals ──────────────────────╮                            │               
                    │ │  self = CurvConfigPath(/home/mwg/ecp5-first-steps) │                            │               
                    │ │ value = None                                       │                            │               
                    │ ╰────────────────────────────────────────────────────╯                            │               
                    │                                                                                   │               
                    │ /home/mwg/curv/mikegoelzer/tree-maker/src/term_tree_maker/term_tree_maker.py:519  │               
                    │ in PROFILE                                                                        │               
                    │                                                                                   │               
                    │    516 │   def PROFILE(self): return self.PROFILE                                 │               
                    │    517 │   @PROFILE.setter                                                        │               
                    │    518 │   def PROFILE(self, value: str):                                         │               
                    │ ❱  519 │   │   self.PROFILE = value                                               │               
                    │    520 │   │   self._run_var_replacement()                                        │               
                    │    521 │   @property                                                              │               
                    │    522 │   def BOARD(self): return self.BOARD                                     │               
                    │                                                                                   │               
                    │ ╭────────────────────── locals ──────────────────────╮                            │               
                    │ │  self = CurvConfigPath(/home/mwg/ecp5-first-steps) │                            │               
                    │ │ value = None                                       │                            │               
                    │ ╰────────────────────────────────────────────────────╯                            │               
                    │                                                                                   │               
                    │ /home/mwg/curv/mikegoelzer/tree-maker/src/term_tree_maker/term_tree_maker.py:519  │               
                    │ in PROFILE                                                                        │               
                    │                                                                                   │               
                    │    516 │   def PROFILE(self): return self.PROFILE                                 │               
                    │    517 │   @PROFILE.setter                                                        │               
                    │    518 │   def PROFILE(self, value: str):                                         │               
                    │ ❱  519 │   │   self.PROFILE = value                                               │               
                    │    520 │   │   self._run_var_replacement()                                        │               
                    │    521 │   @property                                                              │               
                    │    522 │   def BOARD(self): return self.BOARD                                     │               
                    │                                                                                   │               
                    │ ╭────────────────────── locals ──────────────────────╮                            │               
                    │ │  self = CurvConfigPath(/home/mwg/ecp5-first-steps) │                            │               
                    │ │ value = None                                       │                            │               
                    │ ╰────────────────────────────────────────────────────╯                            │               
                    │                                                                                   │               
                    │ /home/mwg/curv/mikegoelzer/tree-maker/src/term_tree_maker/term_tree_maker.py:519  │               
                    │ in PROFILE                                                                        │               
                    │                                                                                   │               
                    │    516 │   def PROFILE(self): return self.PROFILE                                 │               
                    │    517 │   @PROFILE.setter                                                        │               
                    │    518 │   def PROFILE(self, value: str):                                         │               
                    │ ❱  519 │   │   self.PROFILE = value                                               │               
                    │    520 │   │   self._run_var_replacement()                                        │               
                    │    521 │   @property                                                              │               
                    │    522 │   def BOARD(self): return self.BOARD                                     │               
                    │                                                                                   │               
                    │ ╭────────────────────── locals ──────────────────────╮                            │               
                    │ │  self = CurvConfigPath(/home/mwg/ecp5-first-steps) │                            │               
                    │ │ value = None                                       │                            │               
                    │ ╰────────────────────────────────────────────────────╯                            │               
                    │                                                                                   │               
                    │ /home/mwg/curv/mikegoelzer/tree-maker/src/term_tree_maker/term_tree_maker.py:519  │               
                    │ in PROFILE                                                                        │               
                    │                                                                                   │               
                    │    516 │   def PROFILE(self): return self.PROFILE                                 │               
                    │    517 │   @PROFILE.setter                                                        │               
                    │    518 │   def PROFILE(self, value: str):                                         │               
                    │ ❱  519 │   │   self.PROFILE = value                                               │               
                    │    520 │   │   self._run_var_replacement()                                        │               
                    │    521 │   @property                                                              │               
                    │    522 │   def BOARD(self): return self.BOARD                                     │               
                    │                                                                                   │               
                    │ ╭────────────────────── locals ──────────────────────╮                            │               
                    │ │  self = CurvConfigPath(/home/mwg/ecp5-first-steps) │                            │               
                    │ │ value = None                                       │                            │               
                    │ ╰────────────────────────────────────────────────────╯                            │               
                    │                                                                                   │               
                    │ /home/mwg/curv/mikegoelzer/tree-maker/src/term_tree_maker/term_tree_maker.py:519  │               
                    │ in PROFILE                                                                        │               
                    │                                                                                   │               
                    │    516 │   def PROFILE(self): return self.PROFILE                                 │               
                    │    517 │   @PROFILE.setter                                                        │               
                    │    518 │   def PROFILE(self, value: str):                                         │               
                    │ ❱  519 │   │   self.PROFILE = value                                               │               
                    │    520 │   │   self._run_var_replacement()                                        │               
                    │    521 │   @property                                                              │               
                    │    522 │   def BOARD(self): return self.BOARD                                     │               
                    │                                                                                   │               
                    │ ╭────────────────────── locals ──────────────────────╮                            │               
                    │ │  self = CurvConfigPath(/home/mwg/ecp5-first-steps) │                            │               
                    │ │ value = None                                       │                            │               
                    │ ╰────────────────────────────────────────────────────╯                            │               
                    │                                                                                   │               
                    │ /home/mwg/curv/mikegoelzer/tree-maker/src/term_tree_maker/term_tree_maker.py:519  │               
                    │ in PROFILE                                                                        │               
                    │                                                                                   │               
                    │    516 │   def PROFILE(self): return self.PROFILE                                 │               
                    │    517 │   @PROFILE.setter                                                        │               
                    │    518 │   def PROFILE(self, value: str):                                         │               
                    │ ❱  519 │   │   self.PROFILE = value                                               │               
                    │    520 │   │   self._run_var_replacement()                                        │               
                    │    521 │   @property                                                              │               
                    │    522 │   def BOARD(self): return self.BOARD                                     │               
                    │                                                                                   │               
                    │ ╭────────────────────── locals ──────────────────────╮                            │               
                    │ │  self = CurvConfigPath(/home/mwg/ecp5-first-steps) │                            │               
                    │ │ value = None                                       │                            │               
                    │ ╰────────────────────────────────────────────────────╯                            │               
                    │                                                                                   │               
                    │ /home/mwg/curv/mikegoelzer/tree-maker/src/term_tree_maker/term_tree_maker.py:519  │               
                    │ in PROFILE                                                                        │               
                    │                                                                                   │               
                    │    516 │   def PROFILE(self): return self.PROFILE                                 │               
                    │    517 │   @PROFILE.setter                                                        │               
                    │    518 │   def PROFILE(self, value: str):                                         │               
                    │ ❱  519 │   │   self.PROFILE = value                                               │               
                    │    520 │   │   self._run_var_replacement()                                        │               
                    │    521 │   @property                                                              │               
                    │    522 │   def BOARD(self): return self.BOARD                                     │               
                    │                                                                                   │               
                    │ ╭────────────────────── locals ──────────────────────╮                            │               
                    │ │  self = CurvConfigPath(/home/mwg/ecp5-first-steps) │                            │               
                    │ │ value = None                                       │                            │               
                    │ ╰────────────────────────────────────────────────────╯                            │               
                    │                                                                                   │               
                    │ /home/mwg/curv/mikegoelzer/tree-maker/src/term_tree_maker/term_tree_maker.py:519  │               
                    │ in PROFILE                                                                        │               
                    │                                                                                   │               
                    │    516 │   def PROFILE(self): return self.PROFILE                                 │               
                    │    517 │   @PROFILE.setter                                                        │               
                    │    518 │   def PROFILE(self, value: str):                                         │               
                    │ ❱  519 │   │   self.PROFILE = value                                               │               
                    │    520 │   │   self._run_var_replacement()                                        │               
                    │    521 │   @property                                                              │               
                    │    522 │   def BOARD(self): return self.BOARD                                     │               
                    │                                                                                   │               
                    │ ╭────────────────────── locals ──────────────────────╮                            │               
                    │ │  self = CurvConfigPath(/home/mwg/ecp5-first-steps) │                            │               
                    │ │ value = None                                       │                            │               
                    │ ╰────────────────────────────────────────────────────╯                            │               
                    │                                                                                   │               
                    │ /home/mwg/curv/mikegoelzer/tree-maker/src/term_tree_maker/term_tree_maker.py:519  │               
                    │ in PROFILE                                                                        │               
                    │                                                                                   │               
                    │    516 │   def PROFILE(self): return self.PROFILE                                 │               
                    │    517 │   @PROFILE.setter                                                        │               
                    │    518 │   def PROFILE(self, value: str):                                         │               
                    │ ❱  519 │   │   self.PROFILE = value                                               │               
                    │    520 │   │   self._run_var_replacement()                                        │               
                    │    521 │   @property                                                              │               
                    │    522 │   def BOARD(self): return self.BOARD                                     │               
                    │                                                                                   │               
                    │ ╭────────────────────── locals ──────────────────────╮                            │               
                    │ │  self = CurvConfigPath(/home/mwg/ecp5-first-steps) │                            │               
                    │ │ value = None                                       │                            │               
                    │ ╰────────────────────────────────────────────────────╯                            │               
                    │                                                                                   │               
                    │ /home/mwg/curv/mikegoelzer/tree-maker/src/term_tree_maker/term_tree_maker.py:519  │               
                    │ in PROFILE                                                                        │               
                    │                                                                                   │               
                    │    516 │   def PROFILE(self): return self.PROFILE                                 │               
                    │    517 │   @PROFILE.setter                                                        │               
                    │    518 │   def PROFILE(self, value: str):                                         │               
                    │ ❱  519 │   │   self.PROFILE = value                                               │               
                    │    520 │   │   self._run_var_replacement()                                        │               
                    │    521 │   @property                                                              │               
                    │    522 │   def BOARD(self): return self.BOARD                                     │               
                    │                                                                                   │               
                    │ ╭────────────────────── locals ──────────────────────╮                            │               
                    │ │  self = CurvConfigPath(/home/mwg/ecp5-first-steps) │                            │               
                    │ │ value = None                                       │                            │               
                    │ ╰────────────────────────────────────────────────────╯                            │               
                    │                                                                                   │               
                    │ /home/mwg/curv/mikegoelzer/tree-maker/src/term_tree_maker/term_tree_maker.py:519  │               
                    │ in PROFILE                                                                        │               
                    │                                                                                   │               
                    │    516 │   def PROFILE(self): return self.PROFILE                                 │               
                    │    517 │   @PROFILE.setter                                                        │               
                    │    518 │   def PROFILE(self, value: str):                                         │               
                    │ ❱  519 │   │   self.PROFILE = value                                               │               
                    │    520 │   │   self._run_var_replacement()                                        │               
                    │    521 │   @property                                                              │               
                    │    522 │   def BOARD(self): return self.BOARD                                     │               
                    │                                                                                   │               
                    │ ╭────────────────────── locals ──────────────────────╮                            │               
                    │ │  self = CurvConfigPath(/home/mwg/ecp5-first-steps) │                            │               
                    │ │ value = None                                       │                            │               
                    │ ╰────────────────────────────────────────────────────╯                            │               
                    │                                                                                   │               
                    │ /home/mwg/curv/mikegoelzer/tree-maker/src/term_tree_maker/term_tree_maker.py:519  │               
                    │ in PROFILE                                                                        │               
                    │                                                                                   │               
                    │    516 │   def PROFILE(self): return self.PROFILE                                 │               
                    │    517 │   @PROFILE.setter                                                        │               
                    │    518 │   def PROFILE(self, value: str):                                         │               
                    │ ❱  519 │   │   self.PROFILE = value                                               │               
                    │    520 │   │   self._run_var_replacement()                                        │               
                    │    521 │   @property                                                              │               
                    │    522 │   def BOARD(self): return self.BOARD                                     │               
                    │                                                                                   │               
                    │ ╭────────────────────── locals ──────────────────────╮                            │               
                    │ │  self = CurvConfigPath(/home/mwg/ecp5-first-steps) │                            │               
                    │ │ value = None                                       │                            │               
                    │ ╰────────────────────────────────────────────────────╯                            │               
                    │                                                                                   │               
                    │ /home/mwg/curv/mikegoelzer/tree-maker/src/term_tree_maker/term_tree_maker.py:519  │               
                    │ in PROFILE                                                                        │               
                    │                                                                                   │               
                    │    516 │   def PROFILE(self): return self.PROFILE                                 │               
                    │    517 │   @PROFILE.setter                                                        │               
                    │    518 │   def PROFILE(self, value: str):                                         │               
                    │ ❱  519 │   │   self.PROFILE = value                                               │               
                    │    520 │   │   self._run_var_replacement()                                        │               
                    │    521 │   @property                                                              │               
                    │    522 │   def BOARD(self): return self.BOARD                                     │               
                    │                                                                                   │               
                    │ ╭────────────────────── locals ──────────────────────╮                            │               
                    │ │  self = CurvConfigPath(/home/mwg/ecp5-first-steps) │                            │               
                    │ │ value = None                                       │                            │               
                    │ ╰────────────────────────────────────────────────────╯                            │               
                    │                                                                                   │               
                    │ /home/mwg/curv/mikegoelzer/tree-maker/src/term_tree_maker/term_tree_maker.py:519  │               
                    │ in PROFILE                                                                        │               
                    │                                                                                   │               
                    │    516 │   def PROFILE(self): return self.PROFILE                                 │               
                    │    517 │   @PROFILE.setter                                                        │               
                    │    518 │   def PROFILE(self, value: str):                                         │               
                    │ ❱  519 │   │   self.PROFILE = value                                               │               
                    │    520 │   │   self._run_var_replacement()                                        │               
                    │    521 │   @property                                                              │               
                    │    522 │   def BOARD(self): return self.BOARD                                     │               
                    │                                                                                   │               
                    │ ╭────────────────────── locals ──────────────────────╮                            │               
                    │ │  self = CurvConfigPath(/home/mwg/ecp5-first-steps) │                            │               
                    │ │ value = None                                       │                            │               
                    │ ╰────────────────────────────────────────────────────╯                            │               
                    │                                                                                   │               
                    │ /home/mwg/curv/mikegoelzer/tree-maker/src/term_tree_maker/term_tree_maker.py:519  │               
                    │ in PROFILE                                                                        │               
                    │                                                                                   │               
                    │    516 │   def PROFILE(self): return self.PROFILE                                 │               
                    │    517 │   @PROFILE.setter                                                        │               
                    │    518 │   def PROFILE(self, value: str):                                         │               
                    │ ❱  519 │   │   self.PROFILE = value                                               │               
                    │    520 │   │   self._run_var_replacement()                                        │               
                    │    521 │   @property                                                              │               
                    │    522 │   def BOARD(self): return self.BOARD                                     │               
                    │                                                                                   │               
                    │ ╭────────────────────── locals ──────────────────────╮                            │               
                    │ │  self = CurvConfigPath(/home/mwg/ecp5-first-steps) │                            │               
                    │ │ value = None                                       │                            │               
                    │ ╰────────────────────────────────────────────────────╯                            │               
                    │                                                                                   │               
                    │ /home/mwg/curv/mikegoelzer/tree-maker/src/term_tree_maker/term_tree_maker.py:519  │               
                    │ in PROFILE                                                                        │               
                    │                                                                                   │               
                    │    516 │   def PROFILE(self): return self.PROFILE                                 │               
                    │    517 │   @PROFILE.setter                                                        │               
                    │    518 │   def PROFILE(self, value: str):                                         │               
                    │ ❱  519 │   │   self.PROFILE = value                                               │               
                    │    520 │   │   self._run_var_replacement()                                        │               
                    │    521 │   @property                                                              │               
                    │    522 │   def BOARD(self): return self.BOARD                                     │               
                    │                                                                                   │               
                    │ ╭────────────────────── locals ──────────────────────╮                            │               
                    │ │  self = CurvConfigPath(/home/mwg/ecp5-first-steps) │                            │               
                    │ │ value = None                                       │                            │               
                    │ ╰────────────────────────────────────────────────────╯                            │               
                    │                                                                                   │               
                    │ /home/mwg/curv/mikegoelzer/tree-maker/src/term_tree_maker/term_tree_maker.py:519  │               
                    │ in PROFILE                                                                        │               
                    │                                                                                   │               
                    │    516 │   def PROFILE(self): return self.PROFILE                                 │               
                    │    517 │   @PROFILE.setter                                                        │               
                    │    518 │   def PROFILE(self, value: str):                                         │               
                    │ ❱  519 │   │   self.PROFILE = value                                               │               
                    │    520 │   │   self._run_var_replacement()                                        │               
                    │    521 │   @property                                                              │               
                    │    522 │   def BOARD(self): return self.BOARD                                     │               
                    │                                                                                   │               
                    │ ╭────────────────────── locals ──────────────────────╮                            │               
                    │ │  self = CurvConfigPath(/home/mwg/ecp5-first-steps) │                            │               
                    │ │ value = None                                       │                            │               
                    │ ╰────────────────────────────────────────────────────╯                            │               
                    │                                                                                   │               
                    │ /home/mwg/curv/mikegoelzer/tree-maker/src/term_tree_maker/term_tree_maker.py:519  │               
                    │ in PROFILE                                                                        │               
                    │                                                                                   │               
                    │    516 │   def PROFILE(self): return self.PROFILE                                 │               
                    │    517 │   @PROFILE.setter                                                        │               
                    │    518 │   def PROFILE(self, value: str):                                         │               
                    │ ❱  519 │   │   self.PROFILE = value                                               │               
                    │    520 │   │   self._run_var_replacement()                                        │               
                    │    521 │   @property                                                              │               
                    │    522 │   def BOARD(self): return self.BOARD                                     │               
                    │                                                                                   │               
                    │ ╭────────────────────── locals ──────────────────────╮                            │               
                    │ │  self = CurvConfigPath(/home/mwg/ecp5-first-steps) │                            │               
                    │ │ value = None                                       │                            │               
                    │ ╰────────────────────────────────────────────────────╯                            │               
                    │                                                                                   │               
                    │ /home/mwg/curv/mikegoelzer/tree-maker/src/term_tree_maker/term_tree_maker.py:519  │               
                    │ in PROFILE                                                                        │               
                    │                                                                                   │               
                    │    516 │   def PROFILE(self): return self.PROFILE                                 │               
                    │    517 │   @PROFILE.setter                                                        │               
                    │    518 │   def PROFILE(self, value: str):                                         │               
                    │ ❱  519 │   │   self.PROFILE = value                                               │               
                    │    520 │   │   self._run_var_replacement()                                        │               
                    │    521 │   @property                                                              │               
                    │    522 │   def BOARD(self): return self.BOARD                                     │               
                    │                                                                                   │               
                    │ ╭────────────────────── locals ──────────────────────╮                            │               
                    │ │  self = CurvConfigPath(/home/mwg/ecp5-first-steps) │                            │               
                    │ │ value = None                                       │                            │               
                    │ ╰────────────────────────────────────────────────────╯                            │               
                    │                                                                                   │               
                    │ /home/mwg/curv/mikegoelzer/tree-maker/src/term_tree_maker/term_tree_maker.py:519  │               
                    │ in PROFILE                                                                        │               
                    │                                                                                   │               
                    │    516 │   def PROFILE(self): return self.PROFILE                                 │               
                    │    517 │   @PROFILE.setter                                                        │               
                    │    518 │   def PROFILE(self, value: str):                                         │               
                    │ ❱  519 │   │   self.PROFILE = value                                               │               
                    │    520 │   │   self._run_var_replacement()                                        │               
                    │    521 │   @property                                                              │               
                    │    522 │   def BOARD(self): return self.BOARD                                     │               
                    │                                                                                   │               
                    │ ╭────────────────────── locals ──────────────────────╮                            │               
                    │ │  self = CurvConfigPath(/home/mwg/ecp5-first-steps) │                            │               
                    │ │ value = None                                       │                            │               
                    │ ╰────────────────────────────────────────────────────╯                            │               
                    │                                                                                   │               
                    │ /home/mwg/curv/mikegoelzer/tree-maker/src/term_tree_maker/term_tree_maker.py:519  │               
                    │ in PROFILE                                                                        │               
                    │                                                                                   │               
                    │    516 │   def PROFILE(self): return self.PROFILE                                 │               
                    │    517 │   @PROFILE.setter                                                        │               
                    │    518 │   def PROFILE(self, value: str):                                         │               
                    │ ❱  519 │   │   self.PROFILE = value                                               │               
                    │    520 │   │   self._run_var_replacement()                                        │               
                    │    521 │   @property                                                              │               
                    │    522 │   def BOARD(self): return self.BOARD                                     │               
                    │                                                                                   │               
                    │ ╭────────────────────── locals ──────────────────────╮                            │               
                    │ │  self = CurvConfigPath(/home/mwg/ecp5-first-steps) │                            │               
                    │ │ value = None                                       │                            │               
                    │ ╰────────────────────────────────────────────────────╯                            │               
                    │                                                                                   │               
                    │ /home/mwg/curv/mikegoelzer/tree-maker/src/term_tree_maker/term_tree_maker.py:519  │               
                    │ in PROFILE                                                                        │               
                    │                                                                                   │               
                    │    516 │   def PROFILE(self): return self.PROFILE                                 │               
                    │    517 │   @PROFILE.setter                                                        │               
                    │    518 │   def PROFILE(self, value: str):                                         │               
                    │ ❱  519 │   │   self.PROFILE = value                                               │               
                    │    520 │   │   self._run_var_replacement()                                        │               
                    │    521 │   @property                                                              │               
                    │    522 │   def BOARD(self): return self.BOARD                                     │               
                    │                                                                                   │               
                    │ ╭────────────────────── locals ──────────────────────╮                            │               
                    │ │  self = CurvConfigPath(/home/mwg/ecp5-first-steps) │                            │               
                    │ │ value = None                                       │                            │               
                    │ ╰────────────────────────────────────────────────────╯                            │               
                    │                                                                                   │               
                    │ /home/mwg/curv/mikegoelzer/tree-maker/src/term_tree_maker/term_tree_maker.py:519  │               
                    │ in PROFILE                                                                        │               
                    │                                                                                   │               
                    │    516 │   def PROFILE(self): return self.PROFILE                                 │               
                    │    517 │   @PROFILE.setter                                                        │               
                    │    518 │   def PROFILE(self, value: str):                                         │               
                    │ ❱  519 │   │   self.PROFILE = value                                               │               
                    │    520 │   │   self._run_var_replacement()                                        │               
                    │    521 │   @property                                                              │               
                    │    522 │   def BOARD(self): return self.BOARD                                     │               
                    │                                                                                   │               
                    │ ╭────────────────────── locals ──────────────────────╮                            │               
                    │ │  self = CurvConfigPath(/home/mwg/ecp5-first-steps) │                            │               
                    │ │ value = None                                       │                            │               
                    │ ╰────────────────────────────────────────────────────╯                            │               
                    │                                                                                   │               
                    │ /home/mwg/curv/mikegoelzer/tree-maker/src/term_tree_maker/term_tree_maker.py:519  │               
                    │ in PROFILE                                                                        │               
                    │                                                                                   │               
                    │    516 │   def PROFILE(self): return self.PROFILE                                 │               
                    │    517 │   @PROFILE.setter                                                        │               
                    │    518 │   def PROFILE(self, value: str):                                         │               
                    │ ❱  519 │   │   self.PROFILE = value                                               │               
                    │    520 │   │   self._run_var_replacement()                                        │               
                    │    521 │   @property                                                              │               
                    │    522 │   def BOARD(self): return self.BOARD                                     │               
                    │                                                                                   │               
                    │ ╭────────────────────── locals ──────────────────────╮                            │               
                    │ │  self = CurvConfigPath(/home/mwg/ecp5-first-steps) │                            │               
                    │ │ value = None                                       │                            │               
                    │ ╰────────────────────────────────────────────────────╯                            │               
                    │                                                                                   │               
                    │ /home/mwg/curv/mikegoelzer/tree-maker/src/term_tree_maker/term_tree_maker.py:519  │               
                    │ in PROFILE                                                                        │               
                    │                                                                                   │               
                    │    516 │   def PROFILE(self): return self.PROFILE                                 │               
                    │    517 │   @PROFILE.setter                                                        │               
                    │    518 │   def PROFILE(self, value: str):                                         │               
                    │ ❱  519 │   │   self.PROFILE = value                                               │               
                    │    520 │   │   self._run_var_replacement()                                        │               
                    │    521 │   @property                                                              │               
                    │    522 │   def BOARD(self): return self.BOARD                                     │               
                    │                                                                                   │               
                    │ ╭────────────────────── locals ──────────────────────╮                            │               
                    │ │  self = CurvConfigPath(/home/mwg/ecp5-first-steps) │                            │               
                    │ │ value = None                                       │                            │               
                    │ ╰────────────────────────────────────────────────────╯                            │               
                    │                                                                                   │               
                    │ /home/mwg/curv/mikegoelzer/tree-maker/src/term_tree_maker/term_tree_maker.py:519  │               
                    │ in PROFILE                                                                        │               
                    │                                                                                   │               
                    │    516 │   def PROFILE(self): return self.PROFILE                                 │               
                    │    517 │   @PROFILE.setter                                                        │               
                    │    518 │   def PROFILE(self, value: str):                                         │               
                    │ ❱  519 │   │   self.PROFILE = value                                               │               
                    │    520 │   │   self._run_var_replacement()                                        │               
                    │    521 │   @property                                                              │               
                    │    522 │   def BOARD(self): return self.BOARD                                     │               
                    │                                                                                   │               
                    │ ╭────────────────────── locals ──────────────────────╮                            │               
                    │ │  self = CurvConfigPath(/home/mwg/ecp5-first-steps) │                            │               
                    │ │ value = None                                       │                            │               
                    │ ╰────────────────────────────────────────────────────╯                            │               
                    │                                                                                   │               
                    │ /home/mwg/curv/mikegoelzer/tree-maker/src/term_tree_maker/term_tree_maker.py:519  │               
                    │ in PROFILE                                                                        │               
                    │                                                                                   │               
                    │    516 │   def PROFILE(self): return self.PROFILE                                 │               
                    │    517 │   @PROFILE.setter                                                        │               
                    │    518 │   def PROFILE(self, value: str):                                         │               
                    │ ❱  519 │   │   self.PROFILE = value                                               │               
                    │    520 │   │   self._run_var_replacement()                                        │               
                    │    521 │   @property                                                              │               
                    │    522 │   def BOARD(self): return self.BOARD                                     │               
                    │                                                                                   │               
                    │ ╭────────────────────── locals ──────────────────────╮                            │               
                    │ │  self = CurvConfigPath(/home/mwg/ecp5-first-steps) │                            │               
                    │ │ value = None                                       │                            │               
                    │ ╰────────────────────────────────────────────────────╯                            │               
                    │                                                                                   │               
                    │ /home/mwg/curv/mikegoelzer/tree-maker/src/term_tree_maker/term_tree_maker.py:519  │               
                    │ in PROFILE                                                                        │               
                    │                                                                                   │               
                    │    516 │   def PROFILE(self): return self.PROFILE                                 │               
                    │    517 │   @PROFILE.setter                                                        │               
                    │    518 │   def PROFILE(self, value: str):                                         │               
                    │ ❱  519 │   │   self.PROFILE = value                                               │               
                    │    520 │   │   self._run_var_replacement()                                        │               
                    │    521 │   @property                                                              │               
                    │    522 │   def BOARD(self): return self.BOARD                                     │               
                    │                                                                                   │               
                    │ ╭────────────────────── locals ──────────────────────╮                            │               
                    │ │  self = CurvConfigPath(/home/mwg/ecp5-first-steps) │                            │               
                    │ │ value = None                                       │                            │               
                    │ ╰────────────────────────────────────────────────────╯                            │               
                    │                                                                                   │               
                    │ /home/mwg/curv/mikegoelzer/tree-maker/src/term_tree_maker/term_tree_maker.py:519  │               
                    │ in PROFILE                                                                        │               
                    │                                                                                   │               
                    │    516 │   def PROFILE(self): return self.PROFILE                                 │               
                    │    517 │   @PROFILE.setter                                                        │               
                    │    518 │   def PROFILE(self, value: str):                                         │               
                    │ ❱  519 │   │   self.PROFILE = value                                               │               
                    │    520 │   │   self._run_var_replacement()                                        │               
                    │    521 │   @property                                                              │               
                    │    522 │   def BOARD(self): return self.BOARD                                     │               
                    │                                                                                   │               
                    │ ╭────────────────────── locals ──────────────────────╮                            │               
                    │ │  self = CurvConfigPath(/home/mwg/ecp5-first-steps) │                            │               
                    │ │ value = None                                       │                            │               
                    │ ╰────────────────────────────────────────────────────╯                            │               
                    │                                                                                   │               
                    │ /home/mwg/curv/mikegoelzer/tree-maker/src/term_tree_maker/term_tree_maker.py:519  │               
                    │ in PROFILE                                                                        │               
                    │                                                                                   │               
                    │    516 │   def PROFILE(self): return self.PROFILE                                 │               
                    │    517 │   @PROFILE.setter                                                        │               
                    │    518 │   def PROFILE(self, value: str):                                         │               
                    │ ❱  519 │   │   self.PROFILE = value                                               │               
                    │    520 │   │   self._run_var_replacement()                                        │               
                    │    521 │   @property                                                              │               
                    │    522 │   def BOARD(self): return self.BOARD                                     │               
                    │                                                                                   │               
                    │ ╭────────────────────── locals ──────────────────────╮                            │               
                    │ │  self = CurvConfigPath(/home/mwg/ecp5-first-steps) │                            │               
                    │ │ value = None                                       │                            │               
                    │ ╰────────────────────────────────────────────────────╯                            │               
                    │                                                                                   │               
                    │ /home/mwg/curv/mikegoelzer/tree-maker/src/term_tree_maker/term_tree_maker.py:519  │               
                    │ in PROFILE                                                                        │               
                    │                                                                                   │               
                    │    516 │   def PROFILE(self): return self.PROFILE                                 │               
                    │    517 │   @PROFILE.setter                                                        │               
                    │    518 │   def PROFILE(self, value: str):                                         │               
                    │ ❱  519 │   │   self.PROFILE = value                                               │               
                    │    520 │   │   self._run_var_replacement()                                        │               
                    │    521 │   @property                                                              │               
                    │    522 │   def BOARD(self): return self.BOARD                                     │               
                    │                                                                                   │               
                    │ ╭────────────────────── locals ──────────────────────╮                            │               
                    │ │  self = CurvConfigPath(/home/mwg/ecp5-first-steps) │                            │               
                    │ │ value = None                                       │                            │               
                    │ ╰────────────────────────────────────────────────────╯                            │               
                    │                                                                                   │               
                    │ /home/mwg/curv/mikegoelzer/tree-maker/src/term_tree_maker/term_tree_maker.py:519  │               
                    │ in PROFILE                                                                        │               
                    │                                                                                   │               
                    │    516 │   def PROFILE(self): return self.PROFILE                                 │               
                    │    517 │   @PROFILE.setter                                                        │               
                    │    518 │   def PROFILE(self, value: str):                                         │               
                    │ ❱  519 │   │   self.PROFILE = value                                               │               
                    │    520 │   │   self._run_var_replacement()                                        │               
                    │    521 │   @property                                                              │               
                    │    522 │   def BOARD(self): return self.BOARD                                     │               
                    │                                                                                   │               
                    │ ╭────────────────────── locals ──────────────────────╮                            │               
                    │ │  self = CurvConfigPath(/home/mwg/ecp5-first-steps) │                            │               
                    │ │ value = None                                       │                            │               
                    │ ╰────────────────────────────────────────────────────╯                            │               
                    │                                                                                   │               
                    │ /home/mwg/curv/mikegoelzer/tree-maker/src/term_tree_maker/term_tree_maker.py:519  │               
                    │ in PROFILE                                                                        │               
                    │                                                                                   │               
                    │    516 │   def PROFILE(self): return self.PROFILE                                 │               
                    │    517 │   @PROFILE.setter                                                        │               
                    │    518 │   def PROFILE(self, value: str):                                         │               
                    │ ❱  519 │   │   self.PROFILE = value                                               │               
                    │    520 │   │   self._run_var_replacement()                                        │               
                    │    521 │   @property                                                              │               
                    │    522 │   def BOARD(self): return self.BOARD                                     │               
                    │                                                                                   │               
                    │ ╭────────────────────── locals ──────────────────────╮                            │               
                    │ │  self = CurvConfigPath(/home/mwg/ecp5-first-steps) │                            │               
                    │ │ value = None                                       │                            │               
                    │ ╰────────────────────────────────────────────────────╯                            │               
                    │                                                                                   │               
                    │ /home/mwg/curv/mikegoelzer/tree-maker/src/term_tree_maker/term_tree_maker.py:519  │               
                    │ in PROFILE                                                                        │               
                    │                                                                                   │               
                    │    516 │   def PROFILE(self): return self.PROFILE                                 │               
                    │    517 │   @PROFILE.setter                                                        │               
                    │    518 │   def PROFILE(self, value: str):                                         │               
                    │ ❱  519 │   │   self.PROFILE = value                                               │               
                    │    520 │   │   self._run_var_replacement()                                        │               
                    │    521 │   @property                                                              │               
                    │    522 │   def BOARD(self): return self.BOARD                                     │               
                    │                                                                                   │               
                    │ ╭────────────────────── locals ──────────────────────╮                            │               
                    │ │  self = CurvConfigPath(/home/mwg/ecp5-first-steps) │                            │               
                    │ │ value = None                                       │                            │               
                    │ ╰────────────────────────────────────────────────────╯                            │               
                    │                                                                                   │               
                    │ /home/mwg/curv/mikegoelzer/tree-maker/src/term_tree_maker/term_tree_maker.py:519  │               
                    │ in PROFILE                                                                        │               
                    │                                                                                   │               
                    │    516 │   def PROFILE(self): return self.PROFILE                                 │               
                    │    517 │   @PROFILE.setter                                                        │               
                    │    518 │   def PROFILE(self, value: str):                                         │               
                    │ ❱  519 │   │   self.PROFILE = value                                               │               
                    │    520 │   │   self._run_var_replacement()                                        │               
                    │    521 │   @property                                                              │               
                    │    522 │   def BOARD(self): return self.BOARD                                     │               
                    │                                                                                   │               
                    │ ╭────────────────────── locals ──────────────────────╮                            │               
                    │ │  self = CurvConfigPath(/home/mwg/ecp5-first-steps) │                            │               
                    │ │ value = None                                       │                            │               
                    │ ╰────────────────────────────────────────────────────╯                            │               
                    │                                                                                   │               
                    │ /home/mwg/curv/mikegoelzer/tree-maker/src/term_tree_maker/term_tree_maker.py:519  │               
                    │ in PROFILE                                                                        │               
                    │                                                                                   │               
                    │    516 │   def PROFILE(self): return self.PROFILE                                 │               
                    │    517 │   @PROFILE.setter                                                        │               
                    │    518 │   def PROFILE(self, value: str):                                         │               
                    │ ❱  519 │   │   self.PROFILE = value                                               │               
                    │    520 │   │   self._run_var_replacement()                                        │               
                    │    521 │   @property                                                              │               
                    │    522 │   def BOARD(self): return self.BOARD                                     │               
                    │                                                                                   │               
                    │ ╭────────────────────── locals ──────────────────────╮                            │               
                    │ │  self = CurvConfigPath(/home/mwg/ecp5-first-steps) │                            │               
                    │ │ value = None                                       │                            │               
                    │ ╰────────────────────────────────────────────────────╯                            │               
                    │                                                                                   │               
                    │ /home/mwg/curv/mikegoelzer/tree-maker/src/term_tree_maker/term_tree_maker.py:519  │               
                    │ in PROFILE                                                                        │               
                    │                                                                                   │               
                    │    516 │   def PROFILE(self): return self.PROFILE                                 │               
                    │    517 │   @PROFILE.setter                                                        │               
                    │    518 │   def PROFILE(self, value: str):                                         │               
                    │ ❱  519 │   │   self.PROFILE = value                                               │               
                    │    520 │   │   self._run_var_replacement()                                        │               
                    │    521 │   @property                                                              │               
                    │    522 │   def BOARD(self): return self.BOARD                                     │               
                    │                                                                                   │               
                    │ ╭────────────────────── locals ──────────────────────╮                            │               
                    │ │  self = CurvConfigPath(/home/mwg/ecp5-first-steps) │                            │               
                    │ │ value = None                                       │                            │               
                    │ ╰────────────────────────────────────────────────────╯                            │               
                    │                                                                                   │               
                    │ /home/mwg/curv/mikegoelzer/tree-maker/src/term_tree_maker/term_tree_maker.py:519  │               
                    │ in PROFILE                                                                        │               
                    │                                                                                   │               
                    │    516 │   def PROFILE(self): return self.PROFILE                                 │               
                    │    517 │   @PROFILE.setter                                                        │               
                    │    518 │   def PROFILE(self, value: str):                                         │               
                    │ ❱  519 │   │   self.PROFILE = value                                               │               
                    │    520 │   │   self._run_var_replacement()                                        │               
                    │    521 │   @property                                                              │               
                    │    522 │   def BOARD(self): return self.BOARD                                     │               
                    │                                                                                   │               
                    │ ╭────────────────────── locals ──────────────────────╮                            │               
                    │ │  self = CurvConfigPath(/home/mwg/ecp5-first-steps) │                            │               
                    │ │ value = None                                       │                            │               
                    │ ╰────────────────────────────────────────────────────╯                            │               
                    │                                                                                   │               
                    │ /home/mwg/curv/mikegoelzer/tree-maker/src/term_tree_maker/term_tree_maker.py:519  │               
                    │ in PROFILE                                                                        │               
                    │                                                                                   │               
                    │    516 │   def PROFILE(self): return self.PROFILE                                 │               
                    │    517 │   @PROFILE.setter                                                        │               
                    │    518 │   def PROFILE(self, value: str):                                         │               
                    │ ❱  519 │   │   self.PROFILE = value                                               │               
                    │    520 │   │   self._run_var_replacement()                                        │               
                    │    521 │   @property                                                              │               
                    │    522 │   def BOARD(self): return self.BOARD                                     │               
                    │                                                                                   │               
                    │ ╭────────────────────── locals ──────────────────────╮                            │               
                    │ │  self = CurvConfigPath(/home/mwg/ecp5-first-steps) │                            │               
                    │ │ value = None                                       │                            │               
                    │ ╰────────────────────────────────────────────────────╯                            │               
                    │                                                                                   │               
                    │ /home/mwg/curv/mikegoelzer/tree-maker/src/term_tree_maker/term_tree_maker.py:519  │               
                    │ in PROFILE                                                                        │               
                    │                                                                                   │               
                    │    516 │   def PROFILE(self): return self.PROFILE                                 │               
                    │    517 │   @PROFILE.setter                                                        │               
                    │    518 │   def PROFILE(self, value: str):                                         │               
                    │ ❱  519 │   │   self.PROFILE = value                                               │               
                    │    520 │   │   self._run_var_replacement()                                        │               
                    │    521 │   @property                                                              │               
                    │    522 │   def BOARD(self): return self.BOARD                                     │               
                    │                                                                                   │               
                    │ ╭────────────────────── locals ──────────────────────╮                            │               
                    │ │  self = CurvConfigPath(/home/mwg/ecp5-first-steps) │                            │               
                    │ │ value = None                                       │                            │               
                    │ ╰────────────────────────────────────────────────────╯                            │               
                    │                                                                                   │               
                    │                             ... 898 frames hidden ...                             │               
                    │                                                                                   │               
                    │ /home/mwg/curv/mikegoelzer/tree-maker/src/term_tree_maker/term_tree_maker.py:519  │               
                    │ in PROFILE                                                                        │               
                    │                                                                                   │               
                    │    516 │   def PROFILE(self): return self.PROFILE                                 │               
                    │    517 │   @PROFILE.setter                                                        │               
                    │    518 │   def PROFILE(self, value: str):                                         │               
                    │ ❱  519 │   │   self.PROFILE = value                                               │               
                    │    520 │   │   self._run_var_replacement()                                        │               
                    │    521 │   @property                                                              │               
                    │    522 │   def BOARD(self): return self.BOARD                                     │               
                    │                                                                                   │               
                    │ ╭────────────────────── locals ──────────────────────╮                            │               
                    │ │  self = CurvConfigPath(/home/mwg/ecp5-first-steps) │                            │               
                    │ │ value = None                                       │                            │               
                    │ ╰────────────────────────────────────────────────────╯                            │               
                    │                                                                                   │               
                    │ /home/mwg/curv/mikegoelzer/tree-maker/src/term_tree_maker/term_tree_maker.py:519  │               
                    │ in PROFILE                                                                        │               
                    │                                                                                   │               
                    │    516 │   def PROFILE(self): return self.PROFILE                                 │               
                    │    517 │   @PROFILE.setter                                                        │               
                    │    518 │   def PROFILE(self, value: str):                                         │               
                    │ ❱  519 │   │   self.PROFILE = value                                               │               
                    │    520 │   │   self._run_var_replacement()                                        │               
                    │    521 │   @property                                                              │               
                    │    522 │   def BOARD(self): return self.BOARD                                     │               
                    │                                                                                   │               
                    │ ╭────────────────────── locals ──────────────────────╮                            │               
                    │ │  self = CurvConfigPath(/home/mwg/ecp5-first-steps) │                            │               
                    │ │ value = None                                       │                            │               
                    │ ╰────────────────────────────────────────────────────╯                            │               
                    │                                                                                   │               
                    │ /home/mwg/curv/mikegoelzer/tree-maker/src/term_tree_maker/term_tree_maker.py:519  │               
                    │ in PROFILE                                                                        │               
                    │                                                                                   │               
                    │    516 │   def PROFILE(self): return self.PROFILE                                 │               
                    │    517 │   @PROFILE.setter                                                        │               
                    │    518 │   def PROFILE(self, value: str):                                         │               
                    │ ❱  519 │   │   self.PROFILE = value                                               │               
                    │    520 │   │   self._run_var_replacement()                                        │               
                    │    521 │   @property                                                              │               
                    │    522 │   def BOARD(self): return self.BOARD                                     │               
                    │                                                                                   │               
                    │ ╭────────────────────── locals ──────────────────────╮                            │               
                    │ │  self = CurvConfigPath(/home/mwg/ecp5-first-steps) │                            │               
                    │ │ value = None                                       │                            │               
                    │ ╰────────────────────────────────────────────────────╯                            │               
                    │                                                                                   │               
                    │ /home/mwg/curv/mikegoelzer/tree-maker/src/term_tree_maker/term_tree_maker.py:519  │               
                    │ in PROFILE                                                                        │               
                    │                                                                                   │               
                    │    516 │   def PROFILE(self): return self.PROFILE                                 │               
                    │    517 │   @PROFILE.setter                                                        │               
                    │    518 │   def PROFILE(self, value: str):                                         │               
                    │ ❱  519 │   │   self.PROFILE = value                                               │               
                    │    520 │   │   self._run_var_replacement()                                        │               
                    │    521 │   @property                                                              │               
                    │    522 │   def BOARD(self): return self.BOARD                                     │               
                    │                                                                                   │               
                    │ ╭────────────────────── locals ──────────────────────╮                            │               
                    │ │  self = CurvConfigPath(/home/mwg/ecp5-first-steps) │                            │               
                    │ │ value = None                                       │                            │               
                    │ ╰────────────────────────────────────────────────────╯                            │               
                    │                                                                                   │               
                    │ /home/mwg/curv/mikegoelzer/tree-maker/src/term_tree_maker/term_tree_maker.py:519  │               
                    │ in PROFILE                                                                        │               
                    │                                                                                   │               
                    │    516 │   def PROFILE(self): return self.PROFILE                                 │               
                    │    517 │   @PROFILE.setter                                                        │               
                    │    518 │   def PROFILE(self, value: str):                                         │               
                    │ ❱  519 │   │   self.PROFILE = value                                               │               
                    │    520 │   │   self._run_var_replacement()                                        │               
                    │    521 │   @property                                                              │               
                    │    522 │   def BOARD(self): return self.BOARD                                     │               
                    │                                                                                   │               
                    │ ╭────────────────────── locals ──────────────────────╮                            │               
                    │ │  self = CurvConfigPath(/home/mwg/ecp5-first-steps) │                            │               
                    │ │ value = None                                       │                            │               
                    │ ╰────────────────────────────────────────────────────╯                            │               
                    │                                                                                   │               
                    │ /home/mwg/curv/mikegoelzer/tree-maker/src/term_tree_maker/term_tree_maker.py:519  │               
                    │ in PROFILE                                                                        │               
                    │                                                                                   │               
                    │    516 │   def PROFILE(self): return self.PROFILE                                 │               
                    │    517 │   @PROFILE.setter                                                        │               
                    │    518 │   def PROFILE(self, value: str):                                         │               
                    │ ❱  519 │   │   self.PROFILE = value                                               │               
                    │    520 │   │   self._run_var_replacement()                                        │               
                    │    521 │   @property                                                              │               
                    │    522 │   def BOARD(self): return self.BOARD                                     │               
                    │                                                                                   │               
                    │ ╭────────────────────── locals ──────────────────────╮                            │               
                    │ │  self = CurvConfigPath(/home/mwg/ecp5-first-steps) │                            │               
                    │ │ value = None                                       │                            │               
                    │ ╰────────────────────────────────────────────────────╯                            │               
                    │                                                                                   │               
                    │ /home/mwg/curv/mikegoelzer/tree-maker/src/term_tree_maker/term_tree_maker.py:519  │               
                    │ in PROFILE                                                                        │               
                    │                                                                                   │               
                    │    516 │   def PROFILE(self): return self.PROFILE                                 │               
                    │    517 │   @PROFILE.setter                                                        │               
                    │    518 │   def PROFILE(self, value: str):                                         │               
                    │ ❱  519 │   │   self.PROFILE = value                                               │               
                    │    520 │   │   self._run_var_replacement()                                        │               
                    │    521 │   @property                                                              │               
                    │    522 │   def BOARD(self): return self.BOARD                                     │               
                    │                                                                                   │               
                    │ ╭────────────────────── locals ──────────────────────╮                            │               
                    │ │  self = CurvConfigPath(/home/mwg/ecp5-first-steps) │                            │               
                    │ │ value = None                                       │                            │               
                    │ ╰────────────────────────────────────────────────────╯                            │               
                    │                                                                                   │               
                    │ /home/mwg/curv/mikegoelzer/tree-maker/src/term_tree_maker/term_tree_maker.py:519  │               
                    │ in PROFILE                                                                        │               
                    │                                                                                   │               
                    │    516 │   def PROFILE(self): return self.PROFILE                                 │               
                    │    517 │   @PROFILE.setter                                                        │               
                    │    518 │   def PROFILE(self, value: str):                                         │               
                    │ ❱  519 │   │   self.PROFILE = value                                               │               
                    │    520 │   │   self._run_var_replacement()                                        │               
                    │    521 │   @property                                                              │               
                    │    522 │   def BOARD(self): return self.BOARD                                     │               
                    │                                                                                   │               
                    │ ╭────────────────────── locals ──────────────────────╮                            │               
                    │ │  self = CurvConfigPath(/home/mwg/ecp5-first-steps) │                            │               
                    │ │ value = None                                       │                            │               
                    │ ╰────────────────────────────────────────────────────╯                            │               
                    │                                                                                   │               
                    │ /home/mwg/curv/mikegoelzer/tree-maker/src/term_tree_maker/term_tree_maker.py:519  │               
                    │ in PROFILE                                                                        │               
                    │                                                                                   │               
                    │    516 │   def PROFILE(self): return self.PROFILE                                 │               
                    │    517 │   @PROFILE.setter                                                        │               
                    │    518 │   def PROFILE(self, value: str):                                         │               
                    │ ❱  519 │   │   self.PROFILE = value                                               │               
                    │    520 │   │   self._run_var_replacement()                                        │               
                    │    521 │   @property                                                              │               
                    │    522 │   def BOARD(self): return self.BOARD                                     │               
                    │                                                                                   │               
                    │ ╭────────────────────── locals ──────────────────────╮                            │               
                    │ │  self = CurvConfigPath(/home/mwg/ecp5-first-steps) │                            │               
                    │ │ value = None                                       │                            │               
                    │ ╰────────────────────────────────────────────────────╯                            │               
                    │                                                                                   │               
                    │ /home/mwg/curv/mikegoelzer/tree-maker/src/term_tree_maker/term_tree_maker.py:519  │               
                    │ in PROFILE                                                                        │               
                    │                                                                                   │               
                    │    516 │   def PROFILE(self): return self.PROFILE                                 │               
                    │    517 │   @PROFILE.setter                                                        │               
                    │    518 │   def PROFILE(self, value: str):                                         │               
                    │ ❱  519 │   │   self.PROFILE = value                                               │               
                    │    520 │   │   self._run_var_replacement()                                        │               
                    │    521 │   @property                                                              │               
                    │    522 │   def BOARD(self): return self.BOARD                                     │               
                    │                                                                                   │               
                    │ ╭────────────────────── locals ──────────────────────╮                            │               
                    │ │  self = CurvConfigPath(/home/mwg/ecp5-first-steps) │                            │               
                    │ │ value = None                                       │                            │               
                    │ ╰────────────────────────────────────────────────────╯                            │               
                    │                                                                                   │               
                    │ /home/mwg/curv/mikegoelzer/tree-maker/src/term_tree_maker/term_tree_maker.py:519  │               
                    │ in PROFILE                                                                        │               
                    │                                                                                   │               
                    │    516 │   def PROFILE(self): return self.PROFILE                                 │               
                    │    517 │   @PROFILE.setter                                                        │               
                    │    518 │   def PROFILE(self, value: str):                                         │               
                    │ ❱  519 │   │   self.PROFILE = value                                               │               
                    │    520 │   │   self._run_var_replacement()                                        │               
                    │    521 │   @property                                                              │               
                    │    522 │   def BOARD(self): return self.BOARD                                     │               
                    │                                                                                   │               
                    │ ╭────────────────────── locals ──────────────────────╮                            │               
                    │ │  self = CurvConfigPath(/home/mwg/ecp5-first-steps) │                            │               
                    │ │ value = None                                       │                            │               
                    │ ╰────────────────────────────────────────────────────╯                            │               
                    │                                                                                   │               
                    │ /home/mwg/curv/mikegoelzer/tree-maker/src/term_tree_maker/term_tree_maker.py:519  │               
                    │ in PROFILE                                                                        │               
                    │                                                                                   │               
                    │    516 │   def PROFILE(self): return self.PROFILE                                 │               
                    │    517 │   @PROFILE.setter                                                        │               
                    │    518 │   def PROFILE(self, value: str):                                         │               
                    │ ❱  519 │   │   self.PROFILE = value                                               │               
                    │    520 │   │   self._run_var_replacement()                                        │               
                    │    521 │   @property                                                              │               
                    │    522 │   def BOARD(self): return self.BOARD                                     │               
                    │                                                                                   │               
                    │ ╭────────────────────── locals ──────────────────────╮                            │               
                    │ │  self = CurvConfigPath(/home/mwg/ecp5-first-steps) │                            │               
                    │ │ value = None                                       │                            │               
                    │ ╰────────────────────────────────────────────────────╯                            │               
                    │                                                                                   │               
                    │ /home/mwg/curv/mikegoelzer/tree-maker/src/term_tree_maker/term_tree_maker.py:519  │               
                    │ in PROFILE                                                                        │               
                    │                                                                                   │               
                    │    516 │   def PROFILE(self): return self.PROFILE                                 │               
                    │    517 │   @PROFILE.setter                                                        │               
                    │    518 │   def PROFILE(self, value: str):                                         │               
                    │ ❱  519 │   │   self.PROFILE = value                                               │               
                    │    520 │   │   self._run_var_replacement()                                        │               
                    │    521 │   @property                                                              │               
                    │    522 │   def BOARD(self): return self.BOARD                                     │               
                    │                                                                                   │               
                    │ ╭────────────────────── locals ──────────────────────╮                            │               
                    │ │  self = CurvConfigPath(/home/mwg/ecp5-first-steps) │                            │               
                    │ │ value = None                                       │                            │               
                    │ ╰────────────────────────────────────────────────────╯                            │               
                    │                                                                                   │               
                    │ /home/mwg/curv/mikegoelzer/tree-maker/src/term_tree_maker/term_tree_maker.py:519  │               
                    │ in PROFILE                                                                        │               
                    │                                                                                   │               
                    │    516 │   def PROFILE(self): return self.PROFILE                                 │               
                    │    517 │   @PROFILE.setter                                                        │               
                    │    518 │   def PROFILE(self, value: str):                                         │               
                    │ ❱  519 │   │   self.PROFILE = value                                               │               
                    │    520 │   │   self._run_var_replacement()                                        │               
                    │    521 │   @property                                                              │               
                    │    522 │   def BOARD(self): return self.BOARD                                     │               
                    │                                                                                   │               
                    │ ╭────────────────────── locals ──────────────────────╮                            │               
                    │ │  self = CurvConfigPath(/home/mwg/ecp5-first-steps) │                            │               
                    │ │ value = None                                       │                            │               
                    │ ╰────────────────────────────────────────────────────╯                            │               
                    │                                                                                   │               
                    │ /home/mwg/curv/mikegoelzer/tree-maker/src/term_tree_maker/term_tree_maker.py:519  │               
                    │ in PROFILE                                                                        │               
                    │                                                                                   │               
                    │    516 │   def PROFILE(self): return self.PROFILE                                 │               
                    │    517 │   @PROFILE.setter                                                        │               
                    │    518 │   def PROFILE(self, value: str):                                         │               
                    │ ❱  519 │   │   self.PROFILE = value                                               │               
                    │    520 │   │   self._run_var_replacement()                                        │               
                    │    521 │   @property                                                              │               
                    │    522 │   def BOARD(self): return self.BOARD                                     │               
                    │                                                                                   │               
                    │ ╭────────────────────── locals ──────────────────────╮                            │               
                    │ │  self = CurvConfigPath(/home/mwg/ecp5-first-steps) │                            │               
                    │ │ value = None                                       │                            │               
                    │ ╰────────────────────────────────────────────────────╯                            │               
                    │                                                                                   │               
                    │ /home/mwg/curv/mikegoelzer/tree-maker/src/term_tree_maker/term_tree_maker.py:519  │               
                    │ in PROFILE                                                                        │               
                    │                                                                                   │               
                    │    516 │   def PROFILE(self): return self.PROFILE                                 │               
                    │    517 │   @PROFILE.setter                                                        │               
                    │    518 │   def PROFILE(self, value: str):                                         │               
                    │ ❱  519 │   │   self.PROFILE = value                                               │               
                    │    520 │   │   self._run_var_replacement()                                        │               
                    │    521 │   @property                                                              │               
                    │    522 │   def BOARD(self): return self.BOARD                                     │               
                    │                                                                                   │               
                    │ ╭────────────────────── locals ──────────────────────╮                            │               
                    │ │  self = CurvConfigPath(/home/mwg/ecp5-first-steps) │                            │               
                    │ │ value = None                                       │                            │               
                    │ ╰────────────────────────────────────────────────────╯                            │               
                    │                                                                                   │               
                    │ /home/mwg/curv/mikegoelzer/tree-maker/src/term_tree_maker/term_tree_maker.py:519  │               
                    │ in PROFILE                                                                        │               
                    │                                                                                   │               
                    │    516 │   def PROFILE(self): return self.PROFILE                                 │               
                    │    517 │   @PROFILE.setter                                                        │               
                    │    518 │   def PROFILE(self, value: str):                                         │               
                    │ ❱  519 │   │   self.PROFILE = value                                               │               
                    │    520 │   │   self._run_var_replacement()                                        │               
                    │    521 │   @property                                                              │               
                    │    522 │   def BOARD(self): return self.BOARD                                     │               
                    │                                                                                   │               
                    │ ╭────────────────────── locals ──────────────────────╮                            │               
                    │ │  self = CurvConfigPath(/home/mwg/ecp5-first-steps) │                            │               
                    │ │ value = None                                       │                            │               
                    │ ╰────────────────────────────────────────────────────╯                            │               
                    │                                                                                   │               
                    │ /home/mwg/curv/mikegoelzer/tree-maker/src/term_tree_maker/term_tree_maker.py:519  │               
                    │ in PROFILE                                                                        │               
                    │                                                                                   │               
                    │    516 │   def PROFILE(self): return self.PROFILE                                 │               
                    │    517 │   @PROFILE.setter                                                        │               
                    │    518 │   def PROFILE(self, value: str):                                         │               
                    │ ❱  519 │   │   self.PROFILE = value                                               │               
                    │    520 │   │   self._run_var_replacement()                                        │               
                    │    521 │   @property                                                              │               
                    │    522 │   def BOARD(self): return self.BOARD                                     │               
                    │                                                                                   │               
                    │ ╭────────────────────── locals ──────────────────────╮                            │               
                    │ │  self = CurvConfigPath(/home/mwg/ecp5-first-steps) │                            │               
                    │ │ value = None                                       │                            │               
                    │ ╰────────────────────────────────────────────────────╯                            │               
                    │                                                                                   │               
                    │ /home/mwg/curv/mikegoelzer/tree-maker/src/term_tree_maker/term_tree_maker.py:519  │               
                    │ in PROFILE                                                                        │               
                    │                                                                                   │               
                    │    516 │   def PROFILE(self): return self.PROFILE                                 │               
                    │    517 │   @PROFILE.setter                                                        │               
                    │    518 │   def PROFILE(self, value: str):                                         │               
                    │ ❱  519 │   │   self.PROFILE = value                                               │               
                    │    520 │   │   self._run_var_replacement()                                        │               
                    │    521 │   @property                                                              │               
                    │    522 │   def BOARD(self): return self.BOARD                                     │               
                    │                                                                                   │               
                    │ ╭────────────────────── locals ──────────────────────╮                            │               
                    │ │  self = CurvConfigPath(/home/mwg/ecp5-first-steps) │                            │               
                    │ │ value = None                                       │                            │               
                    │ ╰────────────────────────────────────────────────────╯                            │               
                    │                                                                                   │               
                    │ /home/mwg/curv/mikegoelzer/tree-maker/src/term_tree_maker/term_tree_maker.py:519  │               
                    │ in PROFILE                                                                        │               
                    │                                                                                   │               
                    │    516 │   def PROFILE(self): return self.PROFILE                                 │               
                    │    517 │   @PROFILE.setter                                                        │               
                    │    518 │   def PROFILE(self, value: str):                                         │               
                    │ ❱  519 │   │   self.PROFILE = value                                               │               
                    │    520 │   │   self._run_var_replacement()                                        │               
                    │    521 │   @property                                                              │               
                    │    522 │   def BOARD(self): return self.BOARD                                     │               
                    │                                                                                   │               
                    │ ╭────────────────────── locals ──────────────────────╮                            │               
                    │ │  self = CurvConfigPath(/home/mwg/ecp5-first-steps) │                            │               
                    │ │ value = None                                       │                            │               
                    │ ╰────────────────────────────────────────────────────╯                            │               
                    │                                                                                   │               
                    │ /home/mwg/curv/mikegoelzer/tree-maker/src/term_tree_maker/term_tree_maker.py:519  │               
                    │ in PROFILE                                                                        │               
                    │                                                                                   │               
                    │    516 │   def PROFILE(self): return self.PROFILE                                 │               
                    │    517 │   @PROFILE.setter                                                        │               
                    │    518 │   def PROFILE(self, value: str):                                         │               
                    │ ❱  519 │   │   self.PROFILE = value                                               │               
                    │    520 │   │   self._run_var_replacement()                                        │               
                    │    521 │   @property                                                              │               
                    │    522 │   def BOARD(self): return self.BOARD                                     │               
                    │                                                                                   │               
                    │ ╭────────────────────── locals ──────────────────────╮                            │               
                    │ │  self = CurvConfigPath(/home/mwg/ecp5-first-steps) │                            │               
                    │ │ value = None                                       │                            │               
                    │ ╰────────────────────────────────────────────────────╯                            │               
                    │                                                                                   │               
                    │ /home/mwg/curv/mikegoelzer/tree-maker/src/term_tree_maker/term_tree_maker.py:519  │               
                    │ in PROFILE                                                                        │               
                    │                                                                                   │               
                    │    516 │   def PROFILE(self): return self.PROFILE                                 │               
                    │    517 │   @PROFILE.setter                                                        │               
                    │    518 │   def PROFILE(self, value: str):                                         │               
                    │ ❱  519 │   │   self.PROFILE = value                                               │               
                    │    520 │   │   self._run_var_replacement()                                        │               
                    │    521 │   @property                                                              │               
                    │    522 │   def BOARD(self): return self.BOARD                                     │               
                    │                                                                                   │               
                    │ ╭────────────────────── locals ──────────────────────╮                            │               
                    │ │  self = CurvConfigPath(/home/mwg/ecp5-first-steps) │                            │               
                    │ │ value = None                                       │                            │               
                    │ ╰────────────────────────────────────────────────────╯                            │               
                    │                                                                                   │               
                    │ /home/mwg/curv/mikegoelzer/tree-maker/src/term_tree_maker/term_tree_maker.py:519  │               
                    │ in PROFILE                                                                        │               
                    │                                                                                   │               
                    │    516 │   def PROFILE(self): return self.PROFILE                                 │               
                    │    517 │   @PROFILE.setter                                                        │               
                    │    518 │   def PROFILE(self, value: str):                                         │               
                    │ ❱  519 │   │   self.PROFILE = value                                               │               
                    │    520 │   │   self._run_var_replacement()                                        │               
                    │    521 │   @property                                                              │               
                    │    522 │   def BOARD(self): return self.BOARD                                     │               
                    │                                                                                   │               
                    │ ╭────────────────────── locals ──────────────────────╮                            │               
                    │ │  self = CurvConfigPath(/home/mwg/ecp5-first-steps) │                            │               
                    │ │ value = None                                       │                            │               
                    │ ╰────────────────────────────────────────────────────╯                            │               
                    │                                                                                   │               
                    │ /home/mwg/curv/mikegoelzer/tree-maker/src/term_tree_maker/term_tree_maker.py:519  │               
                    │ in PROFILE                                                                        │               
                    │                                                                                   │               
                    │    516 │   def PROFILE(self): return self.PROFILE                                 │               
                    │    517 │   @PROFILE.setter                                                        │               
                    │    518 │   def PROFILE(self, value: str):                                         │               
                    │ ❱  519 │   │   self.PROFILE = value                                               │               
                    │    520 │   │   self._run_var_replacement()                                        │               
                    │    521 │   @property                                                              │               
                    │    522 │   def BOARD(self): return self.BOARD                                     │               
                    │                                                                                   │               
                    │ ╭────────────────────── locals ──────────────────────╮                            │               
                    │ │  self = CurvConfigPath(/home/mwg/ecp5-first-steps) │                            │               
                    │ │ value = None                                       │                            │               
                    │ ╰────────────────────────────────────────────────────╯                            │               
                    │                                                                                   │               
                    │ /home/mwg/curv/mikegoelzer/tree-maker/src/term_tree_maker/term_tree_maker.py:519  │               
                    │ in PROFILE                                                                        │               
                    │                                                                                   │               
                    │    516 │   def PROFILE(self): return self.PROFILE                                 │               
                    │    517 │   @PROFILE.setter                                                        │               
                    │    518 │   def PROFILE(self, value: str):                                         │               
                    │ ❱  519 │   │   self.PROFILE = value                                               │               
                    │    520 │   │   self._run_var_replacement()                                        │               
                    │    521 │   @property                                                              │               
                    │    522 │   def BOARD(self): return self.BOARD                                     │               
                    │                                                                                   │               
                    │ ╭────────────────────── locals ──────────────────────╮                            │               
                    │ │  self = CurvConfigPath(/home/mwg/ecp5-first-steps) │                            │               
                    │ │ value = None                                       │                            │               
                    │ ╰────────────────────────────────────────────────────╯                            │               
                    │                                                                                   │               
                    │ /home/mwg/curv/mikegoelzer/tree-maker/src/term_tree_maker/term_tree_maker.py:519  │               
                    │ in PROFILE                                                                        │               
                    │                                                                                   │               
                    │    516 │   def PROFILE(self): return self.PROFILE                                 │               
                    │    517 │   @PROFILE.setter                                                        │               
                    │    518 │   def PROFILE(self, value: str):                                         │               
                    │ ❱  519 │   │   self.PROFILE = value                                               │               
                    │    520 │   │   self._run_var_replacement()                                        │               
                    │    521 │   @property                                                              │               
                    │    522 │   def BOARD(self): return self.BOARD                                     │               
                    │                                                                                   │               
                    │ ╭────────────────────── locals ──────────────────────╮                            │               
                    │ │  self = CurvConfigPath(/home/mwg/ecp5-first-steps) │                            │               
                    │ │ value = None                                       │                            │               
                    │ ╰────────────────────────────────────────────────────╯                            │               
                    │                                                                                   │               
                    │ /home/mwg/curv/mikegoelzer/tree-maker/src/term_tree_maker/term_tree_maker.py:519  │               
                    │ in PROFILE                                                                        │               
                    │                                                                                   │               
                    │    516 │   def PROFILE(self): return self.PROFILE                                 │               
                    │    517 │   @PROFILE.setter                                                        │               
                    │    518 │   def PROFILE(self, value: str):                                         │               
                    │ ❱  519 │   │   self.PROFILE = value                                               │               
                    │    520 │   │   self._run_var_replacement()                                        │               
                    │    521 │   @property                                                              │               
                    │    522 │   def BOARD(self): return self.BOARD                                     │               
                    │                                                                                   │               
                    │ ╭────────────────────── locals ──────────────────────╮                            │               
                    │ │  self = CurvConfigPath(/home/mwg/ecp5-first-steps) │                            │               
                    │ │ value = None                                       │                            │               
                    │ ╰────────────────────────────────────────────────────╯                            │               
                    │                                                                                   │               
                    │ /home/mwg/curv/mikegoelzer/tree-maker/src/term_tree_maker/term_tree_maker.py:519  │               
                    │ in PROFILE                                                                        │               
                    │                                                                                   │               
                    │    516 │   def PROFILE(self): return self.PROFILE                                 │               
                    │    517 │   @PROFILE.setter                                                        │               
                    │    518 │   def PROFILE(self, value: str):                                         │               
                    │ ❱  519 │   │   self.PROFILE = value                                               │               
                    │    520 │   │   self._run_var_replacement()                                        │               
                    │    521 │   @property                                                              │               
                    │    522 │   def BOARD(self): return self.BOARD                                     │               
                    │                                                                                   │               
                    │ ╭────────────────────── locals ──────────────────────╮                            │               
                    │ │  self = CurvConfigPath(/home/mwg/ecp5-first-steps) │                            │               
                    │ │ value = None                                       │                            │               
                    │ ╰────────────────────────────────────────────────────╯                            │               
                    │                                                                                   │               
                    │ /home/mwg/curv/mikegoelzer/tree-maker/src/term_tree_maker/term_tree_maker.py:519  │               
                    │ in PROFILE                                                                        │               
                    │                                                                                   │               
                    │    516 │   def PROFILE(self): return self.PROFILE                                 │               
                    │    517 │   @PROFILE.setter                                                        │               
                    │    518 │   def PROFILE(self, value: str):                                         │               
                    │ ❱  519 │   │   self.PROFILE = value                                               │               
                    │    520 │   │   self._run_var_replacement()                                        │               
                    │    521 │   @property                                                              │               
                    │    522 │   def BOARD(self): return self.BOARD                                     │               
                    │                                                                                   │               
                    │ ╭────────────────────── locals ──────────────────────╮                            │               
                    │ │  self = CurvConfigPath(/home/mwg/ecp5-first-steps) │                            │               
                    │ │ value = None                                       │                            │               
                    │ ╰────────────────────────────────────────────────────╯                            │               
                    │                                                                                   │               
                    │ /home/mwg/curv/mikegoelzer/tree-maker/src/term_tree_maker/term_tree_maker.py:519  │               
                    │ in PROFILE                                                                        │               
                    │                                                                                   │               
                    │    516 │   def PROFILE(self): return self.PROFILE                                 │               
                    │    517 │   @PROFILE.setter                                                        │               
                    │    518 │   def PROFILE(self, value: str):                                         │               
                    │ ❱  519 │   │   self.PROFILE = value                                               │               
                    │    520 │   │   self._run_var_replacement()                                        │               
                    │    521 │   @property                                                              │               
                    │    522 │   def BOARD(self): return self.BOARD                                     │               
                    │                                                                                   │               
                    │ ╭────────────────────── locals ──────────────────────╮                            │               
                    │ │  self = CurvConfigPath(/home/mwg/ecp5-first-steps) │                            │               
                    │ │ value = None                                       │                            │               
                    │ ╰────────────────────────────────────────────────────╯                            │               
                    │                                                                                   │               
                    │ /home/mwg/curv/mikegoelzer/tree-maker/src/term_tree_maker/term_tree_maker.py:519  │               
                    │ in PROFILE                                                                        │               
                    │                                                                                   │               
                    │    516 │   def PROFILE(self): return self.PROFILE                                 │               
                    │    517 │   @PROFILE.setter                                                        │               
                    │    518 │   def PROFILE(self, value: str):                                         │               
                    │ ❱  519 │   │   self.PROFILE = value                                               │               
                    │    520 │   │   self._run_var_replacement()                                        │               
                    │    521 │   @property                                                              │               
                    │    522 │   def BOARD(self): return self.BOARD                                     │               
                    │                                                                                   │               
                    │ ╭────────────────────── locals ──────────────────────╮                            │               
                    │ │  self = CurvConfigPath(/home/mwg/ecp5-first-steps) │                            │               
                    │ │ value = None                                       │                            │               
                    │ ╰────────────────────────────────────────────────────╯                            │               
                    │                                                                                   │               
                    │ /home/mwg/curv/mikegoelzer/tree-maker/src/term_tree_maker/term_tree_maker.py:519  │               
                    │ in PROFILE                                                                        │               
                    │                                                                                   │               
                    │    516 │   def PROFILE(self): return self.PROFILE                                 │               
                    │    517 │   @PROFILE.setter                                                        │               
                    │    518 │   def PROFILE(self, value: str):                                         │               
                    │ ❱  519 │   │   self.PROFILE = value                                               │               
                    │    520 │   │   self._run_var_replacement()                                        │               
                    │    521 │   @property                                                              │               
                    │    522 │   def BOARD(self): return self.BOARD                                     │               
                    │                                                                                   │               
                    │ ╭────────────────────── locals ──────────────────────╮                            │               
                    │ │  self = CurvConfigPath(/home/mwg/ecp5-first-steps) │                            │               
                    │ │ value = None                                       │                            │               
                    │ ╰────────────────────────────────────────────────────╯                            │               
                    │                                                                                   │               
                    │ /home/mwg/curv/mikegoelzer/tree-maker/src/term_tree_maker/term_tree_maker.py:519  │               
                    │ in PROFILE                                                                        │               
                    │                                                                                   │               
                    │    516 │   def PROFILE(self): return self.PROFILE                                 │               
                    │    517 │   @PROFILE.setter                                                        │               
                    │    518 │   def PROFILE(self, value: str):                                         │               
                    │ ❱  519 │   │   self.PROFILE = value                                               │               
                    │    520 │   │   self._run_var_replacement()                                        │               
                    │    521 │   @property                                                              │               
                    │    522 │   def BOARD(self): return self.BOARD                                     │               
                    │                                                                                   │               
                    │ ╭────────────────────── locals ──────────────────────╮                            │               
                    │ │  self = CurvConfigPath(/home/mwg/ecp5-first-steps) │                            │               
                    │ │ value = None                                       │                            │               
                    │ ╰────────────────────────────────────────────────────╯                            │               
                    │                                                                                   │               
                    │ /home/mwg/curv/mikegoelzer/tree-maker/src/term_tree_maker/term_tree_maker.py:519  │               
                    │ in PROFILE                                                                        │               
                    │                                                                                   │               
                    │    516 │   def PROFILE(self): return self.PROFILE                                 │               
                    │    517 │   @PROFILE.setter                                                        │               
                    │    518 │   def PROFILE(self, value: str):                                         │               
                    │ ❱  519 │   │   self.PROFILE = value                                               │               
                    │    520 │   │   self._run_var_replacement()                                        │               
                    │    521 │   @property                                                              │               
                    │    522 │   def BOARD(self): return self.BOARD                                     │               
                    │                                                                                   │               
                    │ ╭────────────────────── locals ──────────────────────╮                            │               
                    │ │  self = CurvConfigPath(/home/mwg/ecp5-first-steps) │                            │               
                    │ │ value = None                                       │                            │               
                    │ ╰────────────────────────────────────────────────────╯                            │               
                    │                                                                                   │               
                    │ /home/mwg/curv/mikegoelzer/tree-maker/src/term_tree_maker/term_tree_maker.py:519  │               
                    │ in PROFILE                                                                        │               
                    │                                                                                   │               
                    │    516 │   def PROFILE(self): return self.PROFILE                                 │               
                    │    517 │   @PROFILE.setter                                                        │               
                    │    518 │   def PROFILE(self, value: str):                                         │               
                    │ ❱  519 │   │   self.PROFILE = value                                               │               
                    │    520 │   │   self._run_var_replacement()                                        │               
                    │    521 │   @property                                                              │               
                    │    522 │   def BOARD(self): return self.BOARD                                     │               
                    │                                                                                   │               
                    │ ╭────────────────────── locals ──────────────────────╮                            │               
                    │ │  self = CurvConfigPath(/home/mwg/ecp5-first-steps) │                            │               
                    │ │ value = None                                       │                            │               
                    │ ╰────────────────────────────────────────────────────╯                            │               
                    │                                                                                   │               
                    │ /home/mwg/curv/mikegoelzer/tree-maker/src/term_tree_maker/term_tree_maker.py:519  │               
                    │ in PROFILE                                                                        │               
                    │                                                                                   │               
                    │    516 │   def PROFILE(self): return self.PROFILE                                 │               
                    │    517 │   @PROFILE.setter                                                        │               
                    │    518 │   def PROFILE(self, value: str):                                         │               
                    │ ❱  519 │   │   self.PROFILE = value                                               │               
                    │    520 │   │   self._run_var_replacement()                                        │               
                    │    521 │   @property                                                              │               
                    │    522 │   def BOARD(self): return self.BOARD                                     │               
                    │                                                                                   │               
                    │ ╭────────────────────── locals ──────────────────────╮                            │               
                    │ │  self = CurvConfigPath(/home/mwg/ecp5-first-steps) │                            │               
                    │ │ value = None                                       │                            │               
                    │ ╰────────────────────────────────────────────────────╯                            │               
                    │                                                                                   │               
                    │ /home/mwg/curv/mikegoelzer/tree-maker/src/term_tree_maker/term_tree_maker.py:519  │               
                    │ in PROFILE                                                                        │               
                    │                                                                                   │               
                    │    516 │   def PROFILE(self): return self.PROFILE                                 │               
                    │    517 │   @PROFILE.setter                                                        │               
                    │    518 │   def PROFILE(self, value: str):                                         │               
                    │ ❱  519 │   │   self.PROFILE = value                                               │               
                    │    520 │   │   self._run_var_replacement()                                        │               
                    │    521 │   @property                                                              │               
                    │    522 │   def BOARD(self): return self.BOARD                                     │               
                    │                                                                                   │               
                    │ ╭────────────────────── locals ──────────────────────╮                            │               
                    │ │  self = CurvConfigPath(/home/mwg/ecp5-first-steps) │                            │               
                    │ │ value = None                                       │                            │               
                    │ ╰────────────────────────────────────────────────────╯                            │               
                    │                                                                                   │               
                    │ /home/mwg/curv/mikegoelzer/tree-maker/src/term_tree_maker/term_tree_maker.py:519  │               
                    │ in PROFILE                                                                        │               
                    │                                                                                   │               
                    │    516 │   def PROFILE(self): return self.PROFILE                                 │               
                    │    517 │   @PROFILE.setter                                                        │               
                    │    518 │   def PROFILE(self, value: str):                                         │               
                    │ ❱  519 │   │   self.PROFILE = value                                               │               
                    │    520 │   │   self._run_var_replacement()                                        │               
                    │    521 │   @property                                                              │               
                    │    522 │   def BOARD(self): return self.BOARD                                     │               
                    │                                                                                   │               
                    │ ╭────────────────────── locals ──────────────────────╮                            │               
                    │ │  self = CurvConfigPath(/home/mwg/ecp5-first-steps) │                            │               
                    │ │ value = None                                       │                            │               
                    │ ╰────────────────────────────────────────────────────╯                            │               
                    │                                                                                   │               
                    │ /home/mwg/curv/mikegoelzer/tree-maker/src/term_tree_maker/term_tree_maker.py:519  │               
                    │ in PROFILE                                                                        │               
                    │                                                                                   │               
                    │    516 │   def PROFILE(self): return self.PROFILE                                 │               
                    │    517 │   @PROFILE.setter                                                        │               
                    │    518 │   def PROFILE(self, value: str):                                         │               
                    │ ❱  519 │   │   self.PROFILE = value                                               │               
                    │    520 │   │   self._run_var_replacement()                                        │               
                    │    521 │   @property                                                              │               
                    │    522 │   def BOARD(self): return self.BOARD                                     │               
                    │                                                                                   │               
                    │ ╭────────────────────── locals ──────────────────────╮                            │               
                    │ │  self = CurvConfigPath(/home/mwg/ecp5-first-steps) │                            │               
                    │ │ value = None                                       │                            │               
                    │ ╰────────────────────────────────────────────────────╯                            │               
                    │                                                                                   │               
                    │ /home/mwg/curv/mikegoelzer/tree-maker/src/term_tree_maker/term_tree_maker.py:519  │               
                    │ in PROFILE                                                                        │               
                    │                                                                                   │               
                    │    516 │   def PROFILE(self): return self.PROFILE                                 │               
                    │    517 │   @PROFILE.setter                                                        │               
                    │    518 │   def PROFILE(self, value: str):                                         │               
                    │ ❱  519 │   │   self.PROFILE = value                                               │               
                    │    520 │   │   self._run_var_replacement()                                        │               
                    │    521 │   @property                                                              │               
                    │    522 │   def BOARD(self): return self.BOARD                                     │               
                    │                                                                                   │               
                    │ ╭────────────────────── locals ──────────────────────╮                            │               
                    │ │  self = CurvConfigPath(/home/mwg/ecp5-first-steps) │                            │               
                    │ │ value = None                                       │                            │               
                    │ ╰────────────────────────────────────────────────────╯                            │               
                    │                                                                                   │               
                    │ /home/mwg/curv/mikegoelzer/tree-maker/src/term_tree_maker/term_tree_maker.py:519  │               
                    │ in PROFILE                                                                        │               
                    │                                                                                   │               
                    │    516 │   def PROFILE(self): return self.PROFILE                                 │               
                    │    517 │   @PROFILE.setter                                                        │               
                    │    518 │   def PROFILE(self, value: str):                                         │               
                    │ ❱  519 │   │   self.PROFILE = value                                               │               
                    │    520 │   │   self._run_var_replacement()                                        │               
                    │    521 │   @property                                                              │               
                    │    522 │   def BOARD(self): return self.BOARD                                     │               
                    │                                                                                   │               
                    │ ╭────────────────────── locals ──────────────────────╮                            │               
                    │ │  self = CurvConfigPath(/home/mwg/ecp5-first-steps) │                            │               
                    │ │ value = None                                       │                            │               
                    │ ╰────────────────────────────────────────────────────╯                            │               
                    │                                                                                   │               
                    │ /home/mwg/curv/mikegoelzer/tree-maker/src/term_tree_maker/term_tree_maker.py:519  │               
                    │ in PROFILE                                                                        │               
                    │                                                                                   │               
                    │    516 │   def PROFILE(self): return self.PROFILE                                 │               
                    │    517 │   @PROFILE.setter                                                        │               
                    │    518 │   def PROFILE(self, value: str):                                         │               
                    │ ❱  519 │   │   self.PROFILE = value                                               │               
                    │    520 │   │   self._run_var_replacement()                                        │               
                    │    521 │   @property                                                              │               
                    │    522 │   def BOARD(self): return self.BOARD                                     │               
                    │                                                                                   │               
                    │ ╭────────────────────── locals ──────────────────────╮                            │               
                    │ │  self = CurvConfigPath(/home/mwg/ecp5-first-steps) │                            │               
                    │ │ value = None                                       │                            │               
                    │ ╰────────────────────────────────────────────────────╯                            │               
                    │                                                                                   │               
                    │ /home/mwg/curv/mikegoelzer/tree-maker/src/term_tree_maker/term_tree_maker.py:519  │               
                    │ in PROFILE                                                                        │               
                    │                                                                                   │               
                    │    516 │   def PROFILE(self): return self.PROFILE                                 │               
                    │    517 │   @PROFILE.setter                                                        │               
                    │    518 │   def PROFILE(self, value: str):                                         │               
                    │ ❱  519 │   │   self.PROFILE = value                                               │               
                    │    520 │   │   self._run_var_replacement()                                        │               
                    │    521 │   @property                                                              │               
                    │    522 │   def BOARD(self): return self.BOARD                                     │               
                    │                                                                                   │               
                    │ ╭────────────────────── locals ──────────────────────╮                            │               
                    │ │  self = CurvConfigPath(/home/mwg/ecp5-first-steps) │                            │               
                    │ │ value = None                                       │                            │               
                    │ ╰────────────────────────────────────────────────────╯                            │               
                    │                                                                                   │               
                    │ /home/mwg/curv/mikegoelzer/tree-maker/src/term_tree_maker/term_tree_maker.py:519  │               
                    │ in PROFILE                                                                        │               
                    │                                                                                   │               
                    │    516 │   def PROFILE(self): return self.PROFILE                                 │               
                    │    517 │   @PROFILE.setter                                                        │               
                    │    518 │   def PROFILE(self, value: str):                                         │               
                    │ ❱  519 │   │   self.PROFILE = value                                               │               
                    │    520 │   │   self._run_var_replacement()                                        │               
                    │    521 │   @property                                                              │               
                    │    522 │   def BOARD(self): return self.BOARD                                     │               
                    │                                                                                   │               
                    │ ╭────────────────────── locals ──────────────────────╮                            │               
                    │ │  self = CurvConfigPath(/home/mwg/ecp5-first-steps) │                            │               
                    │ │ value = None                                       │                            │               
                    │ ╰────────────────────────────────────────────────────╯                            │               
                    │                                                                                   │               
                    │ /home/mwg/curv/mikegoelzer/tree-maker/src/term_tree_maker/term_tree_maker.py:519  │               
                    │ in PROFILE                                                                        │               
                    │                                                                                   │               
                    │    516 │   def PROFILE(self): return self.PROFILE                                 │               
                    │    517 │   @PROFILE.setter                                                        │               
                    │    518 │   def PROFILE(self, value: str):                                         │               
                    │ ❱  519 │   │   self.PROFILE = value                                               │               
                    │    520 │   │   self._run_var_replacement()                                        │               
                    │    521 │   @property                                                              │               
                    │    522 │   def BOARD(self): return self.BOARD                                     │               
                    │                                                                                   │               
                    │ ╭────────────────────── locals ──────────────────────╮                            │               
                    │ │  self = CurvConfigPath(/home/mwg/ecp5-first-steps) │                            │               
                    │ │ value = None                                       │                            │               
                    │ ╰────────────────────────────────────────────────────╯                            │               
                    │                                                                                   │               
                    │ /home/mwg/curv/mikegoelzer/tree-maker/src/term_tree_maker/term_tree_maker.py:519  │               
                    │ in PROFILE                                                                        │               
                    │                                                                                   │               
                    │    516 │   def PROFILE(self): return self.PROFILE                                 │               
                    │    517 │   @PROFILE.setter                                                        │               
                    │    518 │   def PROFILE(self, value: str):                                         │               
                    │ ❱  519 │   │   self.PROFILE = value                                               │               
                    │    520 │   │   self._run_var_replacement()                                        │               
                    │    521 │   @property                                                              │               
                    │    522 │   def BOARD(self): return self.BOARD                                     │               
                    │                                                                                   │               
                    │ ╭────────────────────── locals ──────────────────────╮                            │               
                    │ │  self = CurvConfigPath(/home/mwg/ecp5-first-steps) │                            │               
                    │ │ value = None                                       │                            │               
                    │ ╰────────────────────────────────────────────────────╯                            │               
                    │                                                                                   │               
                    │ /home/mwg/curv/mikegoelzer/tree-maker/src/term_tree_maker/term_tree_maker.py:519  │               
                    │ in PROFILE                                                                        │               
                    │                                                                                   │               
                    │    516 │   def PROFILE(self): return self.PROFILE                                 │               
                    │    517 │   @PROFILE.setter                                                        │               
                    │    518 │   def PROFILE(self, value: str):                                         │               
                    │ ❱  519 │   │   self.PROFILE = value                                               │               
                    │    520 │   │   self._run_var_replacement()                                        │               
                    │    521 │   @property                                                              │               
                    │    522 │   def BOARD(self): return self.BOARD                                     │               
                    │                                                                                   │               
                    │ ╭────────────────────── locals ──────────────────────╮                            │               
                    │ │  self = CurvConfigPath(/home/mwg/ecp5-first-steps) │                            │               
                    │ │ value = None                                       │                            │               
                    │ ╰────────────────────────────────────────────────────╯                            │               
                    │                                                                                   │               
                    │ /home/mwg/curv/mikegoelzer/tree-maker/src/term_tree_maker/term_tree_maker.py:519  │               
                    │ in PROFILE                                                                        │               
                    │                                                                                   │               
                    │    516 │   def PROFILE(self): return self.PROFILE                                 │               
                    │    517 │   @PROFILE.setter                                                        │               
                    │    518 │   def PROFILE(self, value: str):                                         │               
                    │ ❱  519 │   │   self.PROFILE = value                                               │               
                    │    520 │   │   self._run_var_replacement()                                        │               
                    │    521 │   @property                                                              │               
                    │    522 │   def BOARD(self): return self.BOARD                                     │               
                    │                                                                                   │               
                    │ ╭────────────────────── locals ──────────────────────╮                            │               
                    │ │  self = CurvConfigPath(/home/mwg/ecp5-first-steps) │                            │               
                    │ │ value = None                                       │                            │               
                    │ ╰────────────────────────────────────────────────────╯                            │               
                    │                                                                                   │               
                    │ /home/mwg/curv/mikegoelzer/tree-maker/src/term_tree_maker/term_tree_maker.py:519  │               
                    │ in PROFILE                                                                        │               
                    │                                                                                   │               
                    │    516 │   def PROFILE(self): return self.PROFILE                                 │               
                    │    517 │   @PROFILE.setter                                                        │               
                    │    518 │   def PROFILE(self, value: str):                                         │               
                    │ ❱  519 │   │   self.PROFILE = value                                               │               
                    │    520 │   │   self._run_var_replacement()                                        │               
                    │    521 │   @property                                                              │               
                    │    522 │   def BOARD(self): return self.BOARD                                     │               
                    │                                                                                   │               
                    │ ╭────────────────────── locals ──────────────────────╮                            │               
                    │ │  self = CurvConfigPath(/home/mwg/ecp5-first-steps) │                            │               
                    │ │ value = None                                       │                            │               
                    │ ╰────────────────────────────────────────────────────╯                            │               
                    │                                                                                   │               
                    │ /home/mwg/curv/mikegoelzer/tree-maker/src/term_tree_maker/term_tree_maker.py:519  │               
                    │ in PROFILE                                                                        │               
                    │                                                                                   │               
                    │    516 │   def PROFILE(self): return self.PROFILE                                 │               
                    │    517 │   @PROFILE.setter                                                        │               
                    │    518 │   def PROFILE(self, value: str):                                         │               
                    │ ❱  519 │   │   self.PROFILE = value                                               │               
                    │    520 │   │   self._run_var_replacement()                                        │               
                    │    521 │   @property                                                              │               
                    │    522 │   def BOARD(self): return self.BOARD                                     │               
                    │                                                                                   │               
                    │ ╭────────────────────── locals ──────────────────────╮                            │               
                    │ │  self = CurvConfigPath(/home/mwg/ecp5-first-steps) │                            │               
                    │ │ value = None                                       │                            │               
                    │ ╰────────────────────────────────────────────────────╯                            │               
                    ╰───────────────────────────────────────────────────────────────────────────────────╯               
                    RecursionError: maximum recursion depth exceeded                                                    
[04:17:05] INFO     [logger] configured: LoggingLevels(stderr_level=CRITICAL, file_level=DEBUG)            logger.py:171
[04:17:05] INFO     [logger] configured: LoggingLevels(stderr_level=CRITICAL, file_level=DEBUG)            logger.py:171
           INFO     [1;38;5;69m📂 CURV_REPO_DIR/                                          [0m    term_tree_maker.py:1003
                    # root of curvcpu/curv repository                                                                   
           INFO     [94m┗━━ [0m[1;38;5;69m📂 my-designs/                                         term_tree_maker.py:1003
                    [0m                                                                                                 
           INFO     [94m    [0m[94m┣━━ [0m[1;38;5;69m📂 riscv-soc/                               term_tree_maker.py:1003
                    [0m                                                                                                 
           INFO     [94m    [0m[94m┃   [0m[94m┣━━ [0m[1;38;5;69m📂 config/                       term_tree_maker.py:1003
                    [0m    # CURV_CONFIG_DIR                                                                            
           INFO     [94m    [0m[94m┃   [0m[94m┃   [0m[94m┣━━ [0m[1;38;5;69m📂 schema/            term_tree_maker.py:1003
                    [0m    # CURV_CONFIG_SCHEMA_DIR                                                                     
           INFO     [94m    [0m[94m┃   [0m[94m┃   [0m[94m┃   [0m[94m┣━━ [0m[1;38;5;160m📄        term_tree_maker.py:1003
                    schema.toml                         [0m    # DEFAULT_SCHEMA_TOML_PATH                               
           INFO     [94m    [0m[94m┃   [0m[94m┃   [0m[94m┃   [0m[94m┗━━ [0m[1;38;5;160m📄        term_tree_maker.py:1003
                    tb-extras-schema.toml               [0m    # DEFAULT_TB_SCHEMA_TOML_PATH                            
           INFO     [94m    [0m[94m┃   [0m[94m┃   [0m[94m┣━━ [0m[1;38;5;69m📂 profiles/          term_tree_maker.py:1003
                    [0m    # CURV_CONFIG_PROFILES_DIR                                                                   
           INFO     [94m    [0m[94m┃   [0m[94m┃   [0m[94m┃   [0m[94m┣━━ [0m[1;38;5;69m📂         term_tree_maker.py:1003
                    overlays/                           [0m    #                                                        
                    CURV_CONFIG_PROFILE_OVERLAYS_DIR                                                                    
           INFO     [94m    [0m[94m┃   [0m[94m┃   [0m[94m┃   [0m[94m┃   [0m[94m┗━━               term_tree_maker.py:1003
                    [0m[1;38;5;160m📄 tb.toml                         [0m    #                                          
                    DEFAULT_TB_OVERLAY_TOML_PATH                                                                        
           INFO     [94m    [0m[94m┃   [0m[94m┃   [0m[94m┃   [0m[94m┗━━ [0m[1;38;5;160m📄        term_tree_maker.py:1003
                    $(PROFILE).toml                     [0m    # DEFAULT_PROFILE_TOML_PATH                              
           INFO     [94m    [0m[94m┃   [0m[94m┃   [0m[94m┗━━ [0m[1;38;5;160m📄 memmap/           term_tree_maker.py:1003
                    [0m    # CURV_CONFIG_MEMMAP_DIR                                                                     
           INFO     [94m    [0m[94m┃   [0m[94m┣━━ [0m[1;38;5;69m📂 boards/                       term_tree_maker.py:1003
                    [0m    # CURV_BOARDS_DIR                                                                            
           INFO     [94m    [0m[94m┃   [0m[94m┃   [0m[94m┗━━ [0m[1;38;5;69m📂 $(BOARD)/          term_tree_maker.py:1003
                    [0m                                                                                                 
           INFO     [94m    [0m[94m┃   [0m[94m┃   [0m[94m    [0m[94m┗━━ [0m[1;38;5;160m📄        term_tree_maker.py:1003
                    devices/                            [0m    # CURV_CONFIG_DEVICES_DIR                                
           INFO     [94m    [0m[94m┃   [0m[94m┗━━ [0m[1;38;5;69m📂 riscv/                        term_tree_maker.py:1003
                    [0m    # CURV_RISCV_DIR                                                                             
           INFO     [94m    [0m[94m┃   [0m[94m    [0m[94m┗━━ [0m[1;38;5;69m📂 firmware/          term_tree_maker.py:1003
                    [0m    # CURV_FIRMWARE_DIR                                                                          
           INFO     [94m    [0m[94m┃   [0m[94m    [0m[94m    [0m[94m┗━━ [0m[1;38;5;69m📂         term_tree_maker.py:1003
                    cache-prefills/                     [0m                                                             
           INFO     [94m    [0m[94m┃   [0m[94m    [0m[94m    [0m[94m    [0m[94m┗━━               term_tree_maker.py:1003
                    [0m[1;38;5;160m📄 $(CFG_CACHE_HEX_FILES_SRC_NAME)/[0m    #                                          
                    BUILD_CACHE_PREFILL_INPUT_DIR                                                                       
           INFO     [94m    [0m[94m┗━━ [0m[1;38;5;160m📄 common/                                 term_tree_maker.py:1003
                    [0m    # CURV_COMMON_DIR                                                                            
[04:18:58] INFO     [logger] configured: LoggingLevels(stderr_level=CRITICAL, file_level=DEBUG)            logger.py:171
[04:18:58] INFO     [logger] configured: LoggingLevels(stderr_level=CRITICAL, file_level=DEBUG)            logger.py:171
           INFO     [1;38;5;69m📂 CURV_REPO_DIR/                                          [0m    term_tree_maker.py:1002
                    # root of curvcpu/curv repository                                                                   
           INFO     [94m┗━━ [0m[1;38;5;69m📂 my-designs/                                         term_tree_maker.py:1002
                    [0m                                                                                                 
           INFO     [94m    [0m[94m┣━━ [0m[1;38;5;69m📂 riscv-soc/                               term_tree_maker.py:1002
                    [0m                                                                                                 
           INFO     [94m    [0m[94m┃   [0m[94m┣━━ [0m[1;38;5;69m📂 config/                       term_tree_maker.py:1002
                    [0m    # CURV_CONFIG_DIR                                                                            
           INFO     [94m    [0m[94m┃   [0m[94m┃   [0m[94m┣━━ [0m[1;38;5;69m📂 schema/            term_tree_maker.py:1002
                    [0m    # CURV_CONFIG_SCHEMA_DIR                                                                     
           INFO     [94m    [0m[94m┃   [0m[94m┃   [0m[94m┃   [0m[94m┣━━ [0m[1;38;5;160m📄        term_tree_maker.py:1002
                    schema.toml                         [0m    # DEFAULT_SCHEMA_TOML_PATH                               
           INFO     [94m    [0m[94m┃   [0m[94m┃   [0m[94m┃   [0m[94m┗━━ [0m[1;38;5;160m📄        term_tree_maker.py:1002
                    tb-extras-schema.toml               [0m    # DEFAULT_TB_SCHEMA_TOML_PATH                            
           INFO     [94m    [0m[94m┃   [0m[94m┃   [0m[94m┣━━ [0m[1;38;5;69m📂 profiles/          term_tree_maker.py:1002
                    [0m    # CURV_CONFIG_PROFILES_DIR                                                                   
           INFO     [94m    [0m[94m┃   [0m[94m┃   [0m[94m┃   [0m[94m┣━━ [0m[1;38;5;69m📂         term_tree_maker.py:1002
                    overlays/                           [0m    #                                                        
                    CURV_CONFIG_PROFILE_OVERLAYS_DIR                                                                    
           INFO     [94m    [0m[94m┃   [0m[94m┃   [0m[94m┃   [0m[94m┃   [0m[94m┗━━               term_tree_maker.py:1002
                    [0m[1;38;5;160m📄 tb.toml                         [0m    #                                          
                    DEFAULT_TB_OVERLAY_TOML_PATH                                                                        
           INFO     [94m    [0m[94m┃   [0m[94m┃   [0m[94m┃   [0m[94m┗━━ [0m[1;38;5;160m📄        term_tree_maker.py:1002
                    $(PROFILE).toml                     [0m    # DEFAULT_PROFILE_TOML_PATH                              
           INFO     [94m    [0m[94m┃   [0m[94m┃   [0m[94m┗━━ [0m[1;38;5;160m📄 memmap/           term_tree_maker.py:1002
                    [0m    # CURV_CONFIG_MEMMAP_DIR                                                                     
           INFO     [94m    [0m[94m┃   [0m[94m┣━━ [0m[1;38;5;69m📂 boards/                       term_tree_maker.py:1002
                    [0m    # CURV_BOARDS_DIR                                                                            
           INFO     [94m    [0m[94m┃   [0m[94m┃   [0m[94m┗━━ [0m[1;38;5;69m📂 $(BOARD)/          term_tree_maker.py:1002
                    [0m                                                                                                 
           INFO     [94m    [0m[94m┃   [0m[94m┃   [0m[94m    [0m[94m┗━━ [0m[1;38;5;160m📄        term_tree_maker.py:1002
                    devices/                            [0m    # CURV_CONFIG_DEVICES_DIR                                
           INFO     [94m    [0m[94m┃   [0m[94m┗━━ [0m[1;38;5;69m📂 riscv/                        term_tree_maker.py:1002
                    [0m    # CURV_RISCV_DIR                                                                             
           INFO     [94m    [0m[94m┃   [0m[94m    [0m[94m┗━━ [0m[1;38;5;69m📂 firmware/          term_tree_maker.py:1002
                    [0m    # CURV_FIRMWARE_DIR                                                                          
           INFO     [94m    [0m[94m┃   [0m[94m    [0m[94m    [0m[94m┗━━ [0m[1;38;5;69m📂         term_tree_maker.py:1002
                    cache-prefills/                     [0m                                                             
           INFO     [94m    [0m[94m┃   [0m[94m    [0m[94m    [0m[94m    [0m[94m┗━━               term_tree_maker.py:1002
                    [0m[1;38;5;160m📄 $(CFG_CACHE_HEX_FILES_SRC_NAME)/[0m    #                                          
                    BUILD_CACHE_PREFILL_INPUT_DIR                                                                       
           INFO     [94m    [0m[94m┗━━ [0m[1;38;5;160m📄 common/                                 term_tree_maker.py:1002
                    [0m    # CURV_COMMON_DIR                                                                            
[04:20:34] INFO     [logger] configured: LoggingLevels(stderr_level=CRITICAL, file_level=DEBUG)            logger.py:171
[04:20:34] INFO     [logger] configured: LoggingLevels(stderr_level=CRITICAL, file_level=DEBUG)            logger.py:171
           INFO     [1;38;5;69m📂 CURV_REPO_DIR/                                          [0m    term_tree_maker.py:1004
                    # root of curvcpu/curv repository                                                                   
           INFO     [94m┗━━ [0m[1;38;5;69m📂 my-designs/                                         term_tree_maker.py:1004
                    [0m                                                                                                 
           INFO     [94m    [0m[94m┣━━ [0m[1;38;5;69m📂 riscv-soc/                               term_tree_maker.py:1004
                    [0m                                                                                                 
           INFO     [94m    [0m[94m┃   [0m[94m┣━━ [0m[1;38;5;69m📂 config/                       term_tree_maker.py:1004
                    [0m    # CURV_CONFIG_DIR                                                                            
           INFO     [94m    [0m[94m┃   [0m[94m┃   [0m[94m┣━━ [0m[1;38;5;69m📂 schema/            term_tree_maker.py:1004
                    [0m    # CURV_CONFIG_SCHEMA_DIR                                                                     
           INFO     [94m    [0m[94m┃   [0m[94m┃   [0m[94m┃   [0m[94m┣━━ [0m[1;38;5;160m📄        term_tree_maker.py:1004
                    schema.toml                         [0m    # DEFAULT_SCHEMA_TOML_PATH                               
           INFO     [94m    [0m[94m┃   [0m[94m┃   [0m[94m┃   [0m[94m┗━━ [0m[1;38;5;160m📄        term_tree_maker.py:1004
                    tb-extras-schema.toml               [0m    # DEFAULT_TB_SCHEMA_TOML_PATH                            
           INFO     [94m    [0m[94m┃   [0m[94m┃   [0m[94m┣━━ [0m[1;38;5;69m📂 profiles/          term_tree_maker.py:1004
                    [0m    # CURV_CONFIG_PROFILES_DIR                                                                   
           INFO     [94m    [0m[94m┃   [0m[94m┃   [0m[94m┃   [0m[94m┣━━ [0m[1;38;5;69m📂         term_tree_maker.py:1004
                    overlays/                           [0m    #                                                        
                    CURV_CONFIG_PROFILE_OVERLAYS_DIR                                                                    
           INFO     [94m    [0m[94m┃   [0m[94m┃   [0m[94m┃   [0m[94m┃   [0m[94m┗━━               term_tree_maker.py:1004
                    [0m[1;38;5;160m📄 tb.toml                         [0m    #                                          
                    DEFAULT_TB_OVERLAY_TOML_PATH                                                                        
           INFO     [94m    [0m[94m┃   [0m[94m┃   [0m[94m┃   [0m[94m┗━━ [0m[1;38;5;160m📄        term_tree_maker.py:1004
                    $(PROFILE).toml                     [0m    # DEFAULT_PROFILE_TOML_PATH                              
           INFO     [94m    [0m[94m┃   [0m[94m┃   [0m[94m┗━━ [0m[1;38;5;160m📄 memmap/           term_tree_maker.py:1004
                    [0m    # CURV_CONFIG_MEMMAP_DIR                                                                     
           INFO     [94m    [0m[94m┃   [0m[94m┣━━ [0m[1;38;5;69m📂 boards/                       term_tree_maker.py:1004
                    [0m    # CURV_BOARDS_DIR                                                                            
           INFO     [94m    [0m[94m┃   [0m[94m┃   [0m[94m┗━━ [0m[1;38;5;69m📂 $(BOARD)/          term_tree_maker.py:1004
                    [0m                                                                                                 
           INFO     [94m    [0m[94m┃   [0m[94m┃   [0m[94m    [0m[94m┗━━ [0m[1;38;5;160m📄        term_tree_maker.py:1004
                    devices/                            [0m    # CURV_CONFIG_DEVICES_DIR                                
           INFO     [94m    [0m[94m┃   [0m[94m┗━━ [0m[1;38;5;69m📂 riscv/                        term_tree_maker.py:1004
                    [0m    # CURV_RISCV_DIR                                                                             
           INFO     [94m    [0m[94m┃   [0m[94m    [0m[94m┗━━ [0m[1;38;5;69m📂 firmware/          term_tree_maker.py:1004
                    [0m    # CURV_FIRMWARE_DIR                                                                          
           INFO     [94m    [0m[94m┃   [0m[94m    [0m[94m    [0m[94m┗━━ [0m[1;38;5;69m📂         term_tree_maker.py:1004
                    cache-prefills/                     [0m                                                             
           INFO     [94m    [0m[94m┃   [0m[94m    [0m[94m    [0m[94m    [0m[94m┗━━               term_tree_maker.py:1004
                    [0m[1;38;5;160m📄 $(CFG_CACHE_HEX_FILES_SRC_NAME)/[0m    #                                          
                    BUILD_CACHE_PREFILL_INPUT_DIR                                                                       
           INFO     [94m    [0m[94m┗━━ [0m[1;38;5;160m📄 common/                                 term_tree_maker.py:1004
                    [0m    # CURV_COMMON_DIR                                                                            
[04:23:39] INFO     [logger] configured: LoggingLevels(stderr_level=CRITICAL, file_level=DEBUG)            logger.py:171
[04:23:39] INFO     [logger] configured: LoggingLevels(stderr_level=CRITICAL, file_level=DEBUG)            logger.py:171
           INFO     [1;38;5;69m📂 CURV_REPO_DIR/                                                 term_tree_maker.py:1004
                    [0m    # root of curvcpu/curv repository                                                            
           INFO     [94m┗━━ [0m[1;38;5;69m📂 my-designs/                                         term_tree_maker.py:1004
                    [0m                                                                                                 
           INFO     [94m    [0m[94m┗━━ [0m[1;38;5;69m📂 riscv-soc/                               term_tree_maker.py:1004
                    [0m                                                                                                 
           INFO     [94m    [0m[94m    [0m[94m┣━━ [0m[1;38;5;69m📂 ../                           term_tree_maker.py:1004
                    [0m                                                                                                 
           INFO     [94m    [0m[94m    [0m[94m┃   [0m[94m┣━━ [0m[1;38;5;160m📄 ..                term_tree_maker.py:1004
                    [0m    # CURV_REPO_DIR                                                                              
           INFO     [94m    [0m[94m    [0m[94m┃   [0m[94m┗━━ [0m[1;38;5;160m📄 common/           term_tree_maker.py:1004
                    [0m    # CURV_COMMON_DIR                                                                            
           INFO     [94m    [0m[94m    [0m[94m┣━━ [0m[1;38;5;69m📂 config/                       term_tree_maker.py:1004
                    [0m    # CURV_CONFIG_DIR                                                                            
           INFO     [94m    [0m[94m    [0m[94m┃   [0m[94m┣━━ [0m[1;38;5;69m📂 schema/            term_tree_maker.py:1004
                    [0m    # CURV_CONFIG_SCHEMA_DIR                                                                     
           INFO     [94m    [0m[94m    [0m[94m┃   [0m[94m┃   [0m[94m┣━━ [0m[1;38;5;160m📄        term_tree_maker.py:1004
                    schema.toml                                         [0m    #                                        
                    DEFAULT_SCHEMA_TOML_PATH                                                                            
           INFO     [94m    [0m[94m    [0m[94m┃   [0m[94m┃   [0m[94m┗━━ [0m[1;38;5;160m📄        term_tree_maker.py:1004
                    tb-extras-schema.toml                               [0m    #                                        
                    DEFAULT_TB_SCHEMA_TOML_PATH                                                                         
           INFO     [94m    [0m[94m    [0m[94m┃   [0m[94m┣━━ [0m[1;38;5;69m📂 profiles/          term_tree_maker.py:1004
                    [0m    # CURV_CONFIG_PROFILES_DIR                                                                   
           INFO     [94m    [0m[94m    [0m[94m┃   [0m[94m┃   [0m[94m┣━━ [0m[1;38;5;69m📂         term_tree_maker.py:1004
                    overlays/                                           [0m    #                                        
                    CURV_CONFIG_PROFILE_OVERLAYS_DIR                                                                    
           INFO     [94m    [0m[94m    [0m[94m┃   [0m[94m┃   [0m[94m┃   [0m[94m┗━━               term_tree_maker.py:1004
                    [0m[1;38;5;160m📄 tb.toml                                         [0m    #                          
                    DEFAULT_TB_OVERLAY_TOML_PATH                                                                        
           INFO     [94m    [0m[94m    [0m[94m┃   [0m[94m┃   [0m[94m┗━━ [0m[1;38;5;160m📄        term_tree_maker.py:1004
                    $(PROFILE).toml                                     [0m    #                                        
                    DEFAULT_PROFILE_TOML_PATH                                                                           
           INFO     [94m    [0m[94m    [0m[94m┃   [0m[94m┗━━ [0m[1;38;5;160m📄 memmap/           term_tree_maker.py:1004
                    [0m    # CURV_CONFIG_MEMMAP_DIR                                                                     
           INFO     [94m    [0m[94m    [0m[94m┣━━ [0m[1;38;5;69m📂 boards/                       term_tree_maker.py:1004
                    [0m    # CURV_BOARDS_DIR                                                                            
           INFO     [94m    [0m[94m    [0m[94m┃   [0m[94m┗━━ [0m[1;38;5;69m📂 $(BOARD)/          term_tree_maker.py:1004
                    [0m                                                                                                 
           INFO     [94m    [0m[94m    [0m[94m┃   [0m[94m    [0m[94m┗━━ [0m[1;38;5;160m📄        term_tree_maker.py:1004
                    devices/                                            [0m    #                                        
                    CURV_CONFIG_DEVICES_DIR                                                                             
           INFO     [94m    [0m[94m    [0m[94m┗━━ [0m[1;38;5;69m📂 riscv/                        term_tree_maker.py:1004
                    [0m    # CURV_RISCV_DIR                                                                             
           INFO     [94m    [0m[94m    [0m[94m    [0m[94m┣━━ [0m[1;38;5;69m📂 firmware/          term_tree_maker.py:1004
                    [0m    # CURV_FIRMWARE_DIR                                                                          
           INFO     [94m    [0m[94m    [0m[94m    [0m[94m┃   [0m[94m┗━━ [0m[1;38;5;69m📂         term_tree_maker.py:1004
                    cache-prefills/                                     [0m                                             
           INFO     [94m    [0m[94m    [0m[94m    [0m[94m┃   [0m[94m    [0m[94m┗━━               term_tree_maker.py:1004
                    [0m[1;38;5;160m📄 $(CFG_CACHE_HEX_FILES_SRC_NAME)/                [0m    #                          
                    BUILD_CACHE_PREFILL_INPUT_DIR                                                                       
           INFO     [94m    [0m[94m    [0m[94m    [0m[94m┗━━ [0m[1;38;5;69m📂 tb/                term_tree_maker.py:1004
                    [0m                                                                                                 
           INFO     [94m    [0m[94m    [0m[94m    [0m[94m    [0m[94m┗━━ [0m[1;38;5;69m📂         term_tree_maker.py:1004
                    verilator/                                          [0m                                             
           INFO     [94m    [0m[94m    [0m[94m    [0m[94m    [0m[94m    [0m[94m┗━━               term_tree_maker.py:1004
                    [0m[1;38;5;69m📂 riscvcpu/                                       [0m                                
           INFO     [94m    [0m[94m    [0m[94m    [0m[94m    [0m[94m    [0m[94m    [0m[94m┗━━    term_tree_maker.py:1004
                    [0m[1;38;5;69m📂 build/                                      [0m                                    
           INFO     [94m    [0m[94m    [0m[94m    [0m[94m    [0m[94m    [0m[94m    [0m[94m       term_tree_maker.py:1004
                    [0m[94m┣━━ [0m[1;38;5;69m📂 generated/                              [0m    #                        
                    BUILD_GENERATED_DIR                                                                                 
           INFO     [94m    [0m[94m    [0m[94m    [0m[94m    [0m[94m    [0m[94m    [0m[94m       term_tree_maker.py:1004
                    [0m[94m┃   [0m[94m┣━━ [0m[1;38;5;69m📂 config/                                                      
                    [0m                                                                                                 
           INFO     [94m    [0m[94m    [0m[94m    [0m[94m    [0m[94m    [0m[94m    [0m[94m       term_tree_maker.py:1004
                    [0m[94m┃   [0m[94m┃   [0m[94m┗━━ [0m[1;38;5;160m📄 merged.toml                                      
                    [0m    # DEFAULT_MERGED_TOML_NAME                                                                   
           INFO     [94m    [0m[94m    [0m[94m    [0m[94m    [0m[94m    [0m[94m    [0m[94m       term_tree_maker.py:1004
                    [0m[94m┃   [0m[94m┣━━ [0m[1;38;5;69m📂 make/                                                        
                    [0m                                                                                                 
           INFO     [94m    [0m[94m    [0m[94m    [0m[94m    [0m[94m    [0m[94m    [0m[94m       term_tree_maker.py:1004
                    [0m[94m┃   [0m[94m┃   [0m[94m┣━━ [0m[1;38;5;160m📄 config.mk.d                                      
                    [0m    # DEFAULT_DEP_FILE_NAME                                                                      
           INFO     [94m    [0m[94m    [0m[94m    [0m[94m    [0m[94m    [0m[94m    [0m[94m       term_tree_maker.py:1004
                    [0m[94m┃   [0m[94m┃   [0m[94m┗━━ [0m[1;38;5;160m📄 curv.mk                                          
                    [0m    # CONFIG_MK                                                                                  
           INFO     [94m    [0m[94m    [0m[94m    [0m[94m    [0m[94m    [0m[94m    [0m[94m       term_tree_maker.py:1004
                    [0m[94m┃   [0m[94m┣━━ [0m[1;38;5;69m📂 hdl/                                                         
                    [0m                                                                                                 
           INFO     [94m    [0m[94m    [0m[94m    [0m[94m    [0m[94m    [0m[94m    [0m[94m       term_tree_maker.py:1004
                    [0m[94m┃   [0m[94m┃   [0m[94m┣━━ [0m[1;38;5;160m📄 curvcfgpkg.sv                                    
                    [0m    # CONFIG_SVPKG                                                                               
           INFO     [94m    [0m[94m    [0m[94m    [0m[94m    [0m[94m    [0m[94m    [0m[94m       term_tree_maker.py:1004
                    [0m[94m┃   [0m[94m┃   [0m[94m┗━━ [0m[1;38;5;160m📄 curvcfg.svh                                      
                    [0m    # CONFIG_SVH                                                                                 
           INFO     [94m    [0m[94m    [0m[94m    [0m[94m    [0m[94m    [0m[94m    [0m[94m       term_tree_maker.py:1004
                    [0m[94m┃   [0m[94m┣━━ [0m[1;38;5;69m📂 docs/                                                        
                    [0m                                                                                                 
           INFO     [94m    [0m[94m    [0m[94m    [0m[94m    [0m[94m    [0m[94m    [0m[94m       term_tree_maker.py:1004
                    [0m[94m┃   [0m[94m┃   [0m[94m┗━━ [0m[1;38;5;160m📄 MEMORY_MAP.md                                    
                    [0m    # MEMMAP_MD                                                                                  
           INFO     [94m    [0m[94m    [0m[94m    [0m[94m    [0m[94m    [0m[94m    [0m[94m       term_tree_maker.py:1004
                    [0m[94m┃   [0m[94m┗━━ [0m[1;38;5;69m📂 shell/                                                       
                    [0m                                                                                                 
           INFO     [94m    [0m[94m    [0m[94m    [0m[94m    [0m[94m    [0m[94m    [0m[94m       term_tree_maker.py:1004
                    [0m[94m┃   [0m[94m    [0m[94m┗━━ [0m[1;38;5;160m📄 curv.env                                         
                    [0m    # CONFIG_ENV                                                                                 
           INFO     [94m    [0m[94m    [0m[94m    [0m[94m    [0m[94m    [0m[94m    [0m[94m       term_tree_maker.py:1004
                    [0m[94m┗━━ [0m[1;38;5;69m📂 fw/                                     [0m    #                        
                    BUILD_FIRMWARE_DIR                                                                                  
           INFO     [94m    [0m[94m    [0m[94m    [0m[94m    [0m[94m    [0m[94m    [0m[94m       term_tree_maker.py:1004
                    [0m[94m    [0m[94m┣━━ [0m[1;38;5;69m📂 cache-prefills/                                              
                    [0m    # BUILD_FW_CACHE_PREFILLS_DIR                                                                
           INFO     [94m    [0m[94m    [0m[94m    [0m[94m    [0m[94m    [0m[94m    [0m[94m       term_tree_maker.py:1004
                    [0m[94m    [0m[94m┃   [0m[94m┣━━ [0m[1;38;5;69m📂 build/                                            
                    [0m    # BUILD_FW_CACHE_PREFILLS_BIN_DIR                                                            
           INFO     [94m    [0m[94m    [0m[94m    [0m[94m    [0m[94m    [0m[94m    [0m[94m       term_tree_maker.py:1004
                    [0m[94m    [0m[94m┃   [0m[94m┃   [0m[94m┣━━ [0m[1;38;5;160m📄                                       
                    cache_hex_files_paths.svh   [0m    # BUILD_CACHE_PREFILL_HEX_HDR_FILE                               
           INFO     [94m    [0m[94m    [0m[94m    [0m[94m    [0m[94m    [0m[94m    [0m[94m       term_tree_maker.py:1004
                    [0m[94m    [0m[94m┃   [0m[94m┃   [0m[94m┣━━ [0m[1;38;5;160m📄                                       
                    text-section.hex            [0m    # BUILD_SRC_ICACHE_HEX_FILE                                      
           INFO     [94m    [0m[94m    [0m[94m    [0m[94m    [0m[94m    [0m[94m    [0m[94m       term_tree_maker.py:1004
                    [0m[94m    [0m[94m┃   [0m[94m┃   [0m[94m┣━━ [0m[1;38;5;160m📄                                       
                    data-section.hex            [0m    # BUILD_SRC_DCACHE_HEX_FILE                                      
           INFO     [94m    [0m[94m    [0m[94m    [0m[94m    [0m[94m    [0m[94m    [0m[94m       term_tree_maker.py:1004
                    [0m[94m    [0m[94m┃   [0m[94m┃   [0m[94m┣━━ [0m[1;38;5;160m📄                                       
                    icache_dcache.hex           [0m    # BUILD_WISHBONE_HEX_FILE                                        
           INFO     [94m    [0m[94m    [0m[94m    [0m[94m    [0m[94m    [0m[94m    [0m[94m       term_tree_maker.py:1004
                    [0m[94m    [0m[94m┃   [0m[94m┃   [0m[94m┗━━ [0m[1;38;5;160m📄                                       
                    cache_readme.txt            [0m    # BUILD_CACHE_README_FILE                                        
           INFO     [94m    [0m[94m    [0m[94m    [0m[94m    [0m[94m    [0m[94m    [0m[94m       term_tree_maker.py:1004
                    [0m[94m    [0m[94m┃   [0m[94m┗━━ [0m[1;38;5;69m📂                                                   
                    $(CFG_CACHE_HEX_FILES_SRC_NAME)/[0m    #                                                            
                    BUILD_CACHE_OUTPUT_HEX_FILES_ROOT_DIR                                                               
           INFO     [94m    [0m[94m    [0m[94m    [0m[94m    [0m[94m    [0m[94m    [0m[94m       term_tree_maker.py:1004
                    [0m[94m    [0m[94m┃   [0m[94m    [0m[94m┣━━ [0m[1;38;5;69m📂 dcache/                                
                    [0m    # BUILD_DCACHE_DIR                                                                           
           INFO     [94m    [0m[94m    [0m[94m    [0m[94m    [0m[94m    [0m[94m    [0m[94m       term_tree_maker.py:1004
                    [0m[94m    [0m[94m┃   [0m[94m    [0m[94m┃   [0m[94m┣━━ [0m[1;38;5;160m📄                            
                    cachelines/             [0m    # BUILD_DCACHE_CACHELINES_DIR                                        
           INFO     [94m    [0m[94m    [0m[94m    [0m[94m    [0m[94m    [0m[94m    [0m[94m       term_tree_maker.py:1004
                    [0m[94m    [0m[94m┃   [0m[94m    [0m[94m┃   [0m[94m┗━━ [0m[1;38;5;160m📄                            
                    tagram/                 [0m    # BUILD_DCACHE_TAGRAM_DIR                                            
           INFO     [94m    [0m[94m    [0m[94m    [0m[94m    [0m[94m    [0m[94m    [0m[94m       term_tree_maker.py:1004
                    [0m[94m    [0m[94m┃   [0m[94m    [0m[94m┗━━ [0m[1;38;5;69m📂 icache/                                
                    [0m    # BUILD_ICACHE_DIR                                                                           
           INFO     [94m    [0m[94m    [0m[94m    [0m[94m    [0m[94m    [0m[94m    [0m[94m       term_tree_maker.py:1004
                    [0m[94m    [0m[94m┃   [0m[94m    [0m[94m    [0m[94m┣━━ [0m[1;38;5;160m📄                            
                    cachelines/             [0m    # BUILD_ICACHE_CACHELINES_DIR                                        
           INFO     [94m    [0m[94m    [0m[94m    [0m[94m    [0m[94m    [0m[94m    [0m[94m       term_tree_maker.py:1004
                    [0m[94m    [0m[94m┃   [0m[94m    [0m[94m    [0m[94m┗━━ [0m[1;38;5;160m📄                            
                    tagram/                 [0m    # BUILD_ICACHE_TAGRAM_DIR                                            
           INFO     [94m    [0m[94m    [0m[94m    [0m[94m    [0m[94m    [0m[94m    [0m[94m       term_tree_maker.py:1004
                    [0m[94m    [0m[94m┗━━ [0m[1;38;5;69m📂 bootrom/                                                     
                    [0m                                                                                                 
           INFO     [94m    [0m[94m    [0m[94m    [0m[94m    [0m[94m    [0m[94m    [0m[94m       term_tree_maker.py:1004
                    [0m[94m    [0m[94m    [0m[94m┗━━ [0m[1;38;5;160m📄 build/                                           
                    [0m    # BUILD_FW_BOOTROM_DIR                                                                       
           INFO     [94m    [0m[94m    [0m[94m    [0m[94m    [0m[94m    [0m[94m    [0m[94m       term_tree_maker.py:1004
                    [0m[94m    [0m[94m    [0m[94m┗━━ [0m[1;38;5;69m📂 hex-files/                                        
                    [0m    # BUILD_BOOTROM_HEX_FILES_DIR                                                                
           INFO     [94m    [0m[94m    [0m[94m    [0m[94m    [0m[94m    [0m[94m    [0m[94m       term_tree_maker.py:1004
                    [0m[94m    [0m[94m    [0m[94m    [0m[94m┗━━ [0m[1;38;5;160m📄 bootrom.hex                           
                    [0m    # BUILD_BOOTROM_HEX_FILES                                                                    
[04:37:03] INFO     [logger] configured: LoggingLevels(stderr_level=CRITICAL, file_level=DEBUG)            logger.py:171
[04:37:03] INFO     [logger] configured: LoggingLevels(stderr_level=CRITICAL, file_level=DEBUG)            logger.py:171
           ERROR    Error: can only concatenate str (not "dict") to str                                   __main__.py:21
                    ╭──────────────────────── Traceback (most recent call last) ────────────────────────╮               
                    │ /home/mwg/curv/mikegoelzer/tree-maker/src/term_tree_maker/__main__.py:17 in main  │               
                    │                                                                                   │               
                    │   14 │   """                                                                      │               
                    │   15 │   init_logging()                                                           │               
                    │   16 │   try:                                                                     │               
                    │ ❱ 17 │   │   result: Optional[int] = _cli_main()                                  │               
                    │   18 │   except SystemExit as exc:                                                │               
                    │   19 │   │   return exc.code if isinstance(exc.code, int) else 0                  │               
                    │   20 │   except Exception as exc:                                                 │               
                    │                                                                                   │               
                    │ ╭──────────────────────────── locals ─────────────────────────────╮               │               
                    │ │ exc = TypeError('can only concatenate str (not "dict") to str') │               │               
                    │ ╰─────────────────────────────────────────────────────────────────╯               │               
                    │                                                                                   │               
                    │ /home/mwg/curv/mikegoelzer/tree-maker/src/term_tree_maker/term_tree_maker.py:890  │               
                    │ in main                                                                           │               
                    │                                                                                   │               
                    │    887 │   │   data_fn = lambda max_comment_line_width: make_data_from_path_env(m │               
                    │    888 │                                                                          │               
                    │    889 │   # make the Node tree from the data source                              │               
                    │ ❱  890 │   root = data_fn(max_comment_line_width)                                 │               
                    │    891 │                                                                          │               
                    │    892 │   invisible_table = Table.grid(padding=0)                                │               
                    │    893 │   invisible_table.add_column("tree", justify="left", no_wrap=True)       │               
                    │                                                                                   │               
                    │ ╭─────────────────────────────────── locals ────────────────────────────────────╮ │               
                    │ │                   args = Namespace(insert_extra_top_line=False,               │ │               
                    │ │                          chunk_lines_amount=None, chunk_number=0,             │ │               
                    │ │                          chunk_count=False,                                   │ │               
                    │ │                          data_source='/home/mwg/ecp5-first-steps/my-designs/… │ │               
                    │ │ max_comment_line_width = None                                                 │ │               
                    │ ╰───────────────────────────────────────────────────────────────────────────────╯ │               
                    │                                                                                   │               
                    │ /home/mwg/curv/mikegoelzer/tree-maker/src/term_tree_maker/term_tree_maker.py:887  │               
                    │ in <lambda>                                                                       │               
                    │                                                                                   │               
                    │    884 │   │   data_fn = lambda max_comment_line_width: make_dummy_data(max_comme │               
                    │    885 │   else:                                                                  │               
                    │    886 │   │   # treat data source as a path to an environment file               │               
                    │ ❱  887 │   │   data_fn = lambda max_comment_line_width: make_data_from_path_env(m │               
                    │    888 │                                                                          │               
                    │    889 │   # make the Node tree from the data source                              │               
                    │    890 │   root = data_fn(max_comment_line_width)                                 │               
                    │                                                                                   │               
                    │ ╭─────────────────────────────────── locals ────────────────────────────────────╮ │               
                    │ │                   args = Namespace(insert_extra_top_line=False,               │ │               
                    │ │                          chunk_lines_amount=None, chunk_number=0,             │ │               
                    │ │                          chunk_count=False,                                   │ │               
                    │ │                          data_source='/home/mwg/ecp5-first-steps/my-designs/… │ │               
                    │ │ max_comment_line_width = None                                                 │ │               
                    │ ╰───────────────────────────────────────────────────────────────────────────────╯ │               
                    │                                                                                   │               
                    │ /home/mwg/curv/mikegoelzer/tree-maker/src/term_tree_maker/term_tree_maker.py:623  │               
                    │ in make_data_from_path_env                                                        │               
                    │                                                                                   │               
                    │    620 │   build_dir = "/home/mwg/ecp5-first-steps/my-designs/riscv-soc/riscv/tb/ │               
                    │    621 │                                                                          │               
                    │    622 │   # 3) Resolve values from path_raw.env                                  │               
                    │ ❱  623 │   env_file_values = CurvConfigPathEnv(env_file, BUILD_DIR=build_dir, CUR │               
                    │    624 │                                                                          │               
                    │    625 │   # Normalize to a POSIX-style string for prefix matching                │               
                    │    626 │   curv_repo_dir = Path(os.path.join(curv_root_dir, '../..')).resolve().a │               
                    │                                                                                   │               
                    │ ╭─────────────────────────────────── locals ────────────────────────────────────╮ │               
                    │ │              build_dir = '/home/mwg/ecp5-first-steps/my-designs/riscv-soc/ri… │ │               
                    │ │          curv_root_dir = '/home/mwg/ecp5-first-steps/my-designs/riscv-soc'    │ │               
                    │ │               env_file = '/home/mwg/ecp5-first-steps/my-designs/riscv-soc/sc… │ │               
                    │ │ max_comment_line_width = None                                                 │ │               
                    │ ╰───────────────────────────────────────────────────────────────────────────────╯ │               
                    │                                                                                   │               
                    │ /home/mwg/curv/mikegoelzer/tree-maker/src/term_tree_maker/term_tree_maker.py:555  │               
                    │ in __init__                                                                       │               
                    │                                                                                   │               
                    │    552 │   │   self._build_dir = BUILD_DIR                                        │               
                    │    553 │   │   self._curv_root_dir = CURV_ROOT_DIR                                │               
                    │    554 │   │   self._cfgvalues = cfgvalues                                        │               
                    │ ❱  555 │   │   self._refresh_from_path_env_file()                                 │               
                    │    556 │                                                                          │               
                    │    557 │   def _refresh_from_path_env_file(self) -> None:                         │               
                    │    558 │   │   """                                                                │               
                    │                                                                                   │               
                    │ ╭─────────────────────────────────── locals ────────────────────────────────────╮ │               
                    │ │         BOARD = None                                                          │ │               
                    │ │     BUILD_DIR = '/home/mwg/ecp5-first-steps/my-designs/riscv-soc/riscv/tb/ve… │ │               
                    │ │     cfgvalues = None                                                          │ │               
                    │ │ CURV_ROOT_DIR = '/home/mwg/ecp5-first-steps/my-designs/riscv-soc'             │ │               
                    │ │      env_file = '/home/mwg/ecp5-first-steps/my-designs/riscv-soc/scripts/mak… │ │               
                    │ │       PROFILE = None                                                          │ │               
                    │ │          self = {}                                                            │ │               
                    │ ╰───────────────────────────────────────────────────────────────────────────────╯ │               
                    │                                                                                   │               
                    │ /home/mwg/curv/mikegoelzer/tree-maker/src/term_tree_maker/term_tree_maker.py:585  │               
                    │ in _refresh_from_path_env_file                                                    │               
                    │                                                                                   │               
                    │    582 │   │   │   )                                                              │               
                    │    583 │   │   │   new_env_values[k] = new_value                                  │               
                    │    584 │   │   self.clear()                                                       │               
                    │ ❱  585 │   │   self.update(new_env_values)                                        │               
                    │    586 │                                                                          │               
                    │    587 │   def update(self, PROFILE: str = None, BOARD: str = None, BUILD_DIR: st │               
                    │    588 │   │   if PROFILE is not None:                                            │               
                    │                                                                                   │               
                    │ ╭─────────────────────────────────── locals ────────────────────────────────────╮ │               
                    │ │       env_values = OrderedDict([('CURV_REPO_DIR',                             │ │               
                    │ │                    '/home/mwg/ecp5-first-steps/my-designs/riscv-soc/../..'),  │ │               
                    │ │                    ('CURV_CONFIG_DIR',                                        │ │               
                    │ │                    '/home/mwg/ecp5-first-steps/my-designs/riscv-soc/config'), │ │               
                    │ │                    ('CURV_BOARDS_DIR',                                        │ │               
                    │ │                    '/home/mwg/ecp5-first-steps/my-designs/riscv-soc/boards'), │ │               
                    │ │                    ('CURV_RISCV_DIR',                                         │ │               
                    │ │                    '/home/mwg/ecp5-first-steps/my-designs/riscv-soc/riscv'),  │ │               
                    │ │                    ('CURV_COMMON_DIR',                                        │ │               
                    │ │                    '/home/mwg/ecp5-first-steps/my-designs/riscv-soc/../commo… │ │               
                    │ │                    ('CURV_FIRMWARE_DIR',                                      │ │               
                    │ │                    '/home/mwg/ecp5-first-steps/my-designs/riscv-soc/riscv/fi… │ │               
                    │ │                    ('CURV_CONFIG_SCHEMA_DIR',                                 │ │               
                    │ │                    '/home/mwg/ecp5-first-steps/my-designs/riscv-soc/config/s… │ │               
                    │ │                    ('CURV_CONFIG_PROFILES_DIR',                               │ │               
                    │ │                    '/home/mwg/ecp5-first-steps/my-designs/riscv-soc/config/p… │ │               
                    │ │                    ('CURV_CONFIG_PROFILE_OVERLAYS_DIR',                       │ │               
                    │ │                    '/home/mwg/ecp5-first-steps/my-designs/riscv-soc/config/p… │ │               
                    │ │                    ('CURV_CONFIG_MEMMAP_DIR',                                 │ │               
                    │ │                    '/home/mwg/ecp5-first-steps/my-designs/riscv-soc/config/m… │ │               
                    │ │                    ('CURV_CONFIG_DEVICES_DIR',                                │ │               
                    │ │                    '/home/mwg/ecp5-first-steps/my-designs/riscv-soc/boards/$… │ │               
                    │ │                    ('DEFAULT_PROFILE_TOML_PATH',                              │ │               
                    │ │                    '/home/mwg/ecp5-first-steps/my-designs/riscv-soc/config/p… │ │               
                    │ │                    ('DEFAULT_TB_OVERLAY_TOML_PATH',                           │ │               
                    │ │                    '/home/mwg/ecp5-first-steps/my-designs/riscv-soc/config/p… │ │               
                    │ │                    ('DEFAULT_SCHEMA_TOML_PATH',                               │ │               
                    │ │                    '/home/mwg/ecp5-first-steps/my-designs/riscv-soc/config/s… │ │               
                    │ │                    ('DEFAULT_TB_SCHEMA_TOML_PATH',                            │ │               
                    │ │                    '/home/mwg/ecp5-first-steps/my-designs/riscv-soc/config/s… │ │               
                    │ │                    ('BUILD_CACHE_PREFILL_INPUT_DIR',                          │ │               
                    │ │                    '/home/mwg/ecp5-first-steps/my-designs/riscv-soc/riscv/fi… │ │               
                    │ │                    ('BUILD_GENERATED_DIR', '$(BUILD_DIR)/generated'),         │ │               
                    │ │                    ('BUILD_FIRMWARE_DIR', '$(BUILD_DIR)/fw'),                 │ │               
                    │ │                    ('BUILD_FW_CACHE_PREFILLS_DIR',                            │ │               
                    │ │                    '$(BUILD_DIR)/fw/cache-prefills'),                         │ │               
                    │ │                    ('BUILD_FW_CACHE_PREFILLS_BIN_DIR',                        │ │               
                    │ │                    '$(BUILD_DIR)/fw/cache-prefills/build'),                   │ │               
                    │ │                    ('BUILD_CACHE_OUTPUT_HEX_FILES_ROOT_DIR',                  │ │               
                    │ │                    '$(BUILD_DIR)/fw/cache-prefills/$(CFG_CACHE_HEX_FILES_SRC… │ │               
                    │ │                    ('BUILD_DCACHE_DIR',                                       │ │               
                    │ │                    '$(BUILD_DIR)/fw/cache-prefills/$(CFG_CACHE_HEX_FILES_SRC… │ │               
                    │ │                    ('BUILD_DCACHE_CACHELINES_DIR',                            │ │               
                    │ │                    '$(BUILD_DIR)/fw/cache-prefills/$(CFG_CACHE_HEX_FILES_SRC… │ │               
                    │ │                    ('BUILD_DCACHE_TAGRAM_DIR',                                │ │               
                    │ │                    '$(BUILD_DIR)/fw/cache-prefills/$(CFG_CACHE_HEX_FILES_SRC… │ │               
                    │ │                    ('BUILD_ICACHE_DIR',                                       │ │               
                    │ │                    '$(BUILD_DIR)/fw/cache-prefills/$(CFG_CACHE_HEX_FILES_SRC… │ │               
                    │ │                    ('BUILD_ICACHE_CACHELINES_DIR',                            │ │               
                    │ │                    '$(BUILD_DIR)/fw/cache-prefills/$(CFG_CACHE_HEX_FILES_SRC… │ │               
                    │ │                    ('BUILD_ICACHE_TAGRAM_DIR',                                │ │               
                    │ │                    '$(BUILD_DIR)/fw/cache-prefills/$(CFG_CACHE_HEX_FILES_SRC… │ │               
                    │ │                    ('BUILD_FW_BOOTROM_DIR', '$(BUILD_DIR)/fw/bootrom/build'), │ │               
                    │ │                    ('BUILD_BOOTROM_HEX_FILES_DIR',                            │ │               
                    │ │                    '$(BUILD_DIR)/fw/bootrom/hex-files'),                      │ │               
                    │ │                    ('DEFAULT_MERGED_TOML_NAME',                               │ │               
                    │ │                    '$(BUILD_DIR)/generated/config/merged.toml'),              │ │               
                    │ │                    ('DEFAULT_DEP_FILE_NAME',                                  │ │               
                    │ │                    '$(BUILD_DIR)/generated/make/config.mk.d'), ('CONFIG_MK',  │ │               
                    │ │                    '$(BUILD_DIR)/generated/make/curv.mk'), ('CONFIG_SVPKG',   │ │               
                    │ │                    '$(BUILD_DIR)/generated/hdl/curvcfgpkg.sv'),               │ │               
                    │ │                    ('CONFIG_SVH', '$(BUILD_DIR)/generated/hdl/curvcfg.svh'),  │ │               
                    │ │                    ('MEMMAP_SV', '$(BUILD_DIR)/generated/hdl/curvcfg.svh'),   │ │               
                    │ │                    ('MEMMAP_MD',                                              │ │               
                    │ │                    '$(BUILD_DIR)/generated/docs/MEMORY_MAP.md'),              │ │               
                    │ │                    ('CONFIG_ENV', '$(BUILD_DIR)/generated/shell/curv.env'),   │ │               
                    │ │                    ('BUILD_CACHE_PREFILL_HEX_HDR_FILE',                       │ │               
                    │ │                    '$(BUILD_DIR)/fw/cache-prefills/build/cache_hex_files_pat… │ │               
                    │ │                    ('BUILD_SRC_ICACHE_HEX_FILE',                              │ │               
                    │ │                    '$(BUILD_DIR)/fw/cache-prefills/build/text-section.hex'),  │ │               
                    │ │                    ('BUILD_SRC_DCACHE_HEX_FILE',                              │ │               
                    │ │                    '$(BUILD_DIR)/fw/cache-prefills/build/data-section.hex'),  │ │               
                    │ │                    ('BUILD_WISHBONE_HEX_FILE',                                │ │               
                    │ │                    '$(BUILD_DIR)/fw/cache-prefills/build/icache_dcache.hex'), │ │               
                    │ │                    ('BUILD_CACHE_README_FILE',                                │ │               
                    │ │                    '$(BUILD_DIR)/fw/cache-prefills/build/cache_readme.txt'),  │ │               
                    │ │                    ('BUILD_BOOTROM_HEX_FILES',                                │ │               
                    │ │                    '$(BUILD_DIR)/fw/bootrom/hex-files/bootrom.hex')])         │ │               
                    │ │                k = 'BUILD_BOOTROM_HEX_FILES'                                  │ │               
                    │ │   new_env_values = {                                                          │ │               
                    │ │                    │   'CURV_REPO_DIR':                                       │ │               
                    │ │                    CurvConfigPath(/home/mwg/ecp5-first-steps [resolved]),     │ │               
                    │ │                    │   'CURV_CONFIG_DIR':                                     │ │               
                    │ │                    CurvConfigPath(/home/mwg/ecp5-first-steps/my-designs/risc… │ │               
                    │ │                    [resolved]),                                               │ │               
                    │ │                    │   'CURV_BOARDS_DIR':                                     │ │               
                    │ │                    CurvConfigPath(/home/mwg/ecp5-first-steps/my-designs/risc… │ │               
                    │ │                    [resolved]),                                               │ │               
                    │ │                    │   'CURV_RISCV_DIR':                                      │ │               
                    │ │                    CurvConfigPath(/home/mwg/ecp5-first-steps/my-designs/risc… │ │               
                    │ │                    [resolved]),                                               │ │               
                    │ │                    │   'CURV_COMMON_DIR':                                     │ │               
                    │ │                    CurvConfigPath(/home/mwg/ecp5-first-steps/my-designs/comm… │ │               
                    │ │                    [resolved]),                                               │ │               
                    │ │                    │   'CURV_FIRMWARE_DIR':                                   │ │               
                    │ │                    CurvConfigPath(/home/mwg/ecp5-first-steps/my-designs/risc… │ │               
                    │ │                    [resolved]),                                               │ │               
                    │ │                    │   'CURV_CONFIG_SCHEMA_DIR':                              │ │               
                    │ │                    CurvConfigPath(/home/mwg/ecp5-first-steps/my-designs/risc… │ │               
                    │ │                    [resolved]),                                               │ │               
                    │ │                    │   'CURV_CONFIG_PROFILES_DIR':                            │ │               
                    │ │                    CurvConfigPath(/home/mwg/ecp5-first-steps/my-designs/risc… │ │               
                    │ │                    [resolved]),                                               │ │               
                    │ │                    │   'CURV_CONFIG_PROFILE_OVERLAYS_DIR':                    │ │               
                    │ │                    CurvConfigPath(/home/mwg/ecp5-first-steps/my-designs/risc… │ │               
                    │ │                    [resolved]),                                               │ │               
                    │ │                    │   'CURV_CONFIG_MEMMAP_DIR':                              │ │               
                    │ │                    CurvConfigPath(/home/mwg/ecp5-first-steps/my-designs/risc… │ │               
                    │ │                    [resolved]),                                               │ │               
                    │ │                    │   ... +33                                                │ │               
                    │ │                    }                                                          │ │               
                    │ │        new_value = CurvConfigPath(/home/mwg/ecp5-first-steps/my-designs/risc… │ │               
                    │ │                    [resolved])                                                │ │               
                    │ │ replacement_vals = {                                                          │ │               
                    │ │                    │   'PROFILE': None,                                       │ │               
                    │ │                    │   'BOARD': None,                                         │ │               
                    │ │                    │   'BUILD_DIR':                                           │ │               
                    │ │                    '/home/mwg/ecp5-first-steps/my-designs/riscv-soc/riscv/tb… │ │               
                    │ │                    │   'CURV_ROOT_DIR':                                       │ │               
                    │ │                    '/home/mwg/ecp5-first-steps/my-designs/riscv-soc'          │ │               
                    │ │                    }                                                          │ │               
                    │ │             self = {}                                                         │ │               
                    │ │                v = '$(BUILD_DIR)/fw/bootrom/hex-files/bootrom.hex'            │ │               
                    │ ╰───────────────────────────────────────────────────────────────────────────────╯ │               
                    │                                                                                   │               
                    │ /home/mwg/curv/mikegoelzer/tree-maker/src/term_tree_maker/term_tree_maker.py:598  │               
                    │ in update                                                                         │               
                    │                                                                                   │               
                    │    595 │   │   │   self._curv_root_dir = CURV_ROOT_DIR                            │               
                    │    596 │   │   if cfgvalues is not None:                                          │               
                    │    597 │   │   │   self._cfgvalues = cfgvalues                                    │               
                    │ ❱  598 │   │   self._refresh_from_path_env_file()                                 │               
                    │    599                                                                            │               
                    │    600 def make_data_from_path_env(                                               │               
                    │    601 │   max_comment_line_width: int,                                           │               
                    │                                                                                   │               
                    │ ╭─────────────────────────────────── locals ────────────────────────────────────╮ │               
                    │ │         BOARD = None                                                          │ │               
                    │ │     BUILD_DIR = None                                                          │ │               
                    │ │     cfgvalues = None                                                          │ │               
                    │ │ CURV_ROOT_DIR = None                                                          │ │               
                    │ │       PROFILE = {                                                             │ │               
                    │ │                 │   'CURV_REPO_DIR':                                          │ │               
                    │ │                 CurvConfigPath(/home/mwg/ecp5-first-steps [resolved]),        │ │               
                    │ │                 │   'CURV_CONFIG_DIR':                                        │ │               
                    │ │                 CurvConfigPath(/home/mwg/ecp5-first-steps/my-designs/riscv-s… │ │               
                    │ │                 [resolved]),                                                  │ │               
                    │ │                 │   'CURV_BOARDS_DIR':                                        │ │               
                    │ │                 CurvConfigPath(/home/mwg/ecp5-first-steps/my-designs/riscv-s… │ │               
                    │ │                 [resolved]),                                                  │ │               
                    │ │                 │   'CURV_RISCV_DIR':                                         │ │               
                    │ │                 CurvConfigPath(/home/mwg/ecp5-first-steps/my-designs/riscv-s… │ │               
                    │ │                 [resolved]),                                                  │ │               
                    │ │                 │   'CURV_COMMON_DIR':                                        │ │               
                    │ │                 CurvConfigPath(/home/mwg/ecp5-first-steps/my-designs/common   │ │               
                    │ │                 [resolved]),                                                  │ │               
                    │ │                 │   'CURV_FIRMWARE_DIR':                                      │ │               
                    │ │                 CurvConfigPath(/home/mwg/ecp5-first-steps/my-designs/riscv-s… │ │               
                    │ │                 [resolved]),                                                  │ │               
                    │ │                 │   'CURV_CONFIG_SCHEMA_DIR':                                 │ │               
                    │ │                 CurvConfigPath(/home/mwg/ecp5-first-steps/my-designs/riscv-s… │ │               
                    │ │                 [resolved]),                                                  │ │               
                    │ │                 │   'CURV_CONFIG_PROFILES_DIR':                               │ │               
                    │ │                 CurvConfigPath(/home/mwg/ecp5-first-steps/my-designs/riscv-s… │ │               
                    │ │                 [resolved]),                                                  │ │               
                    │ │                 │   'CURV_CONFIG_PROFILE_OVERLAYS_DIR':                       │ │               
                    │ │                 CurvConfigPath(/home/mwg/ecp5-first-steps/my-designs/riscv-s… │ │               
                    │ │                 [resolved]),                                                  │ │               
                    │ │                 │   'CURV_CONFIG_MEMMAP_DIR':                                 │ │               
                    │ │                 CurvConfigPath(/home/mwg/ecp5-first-steps/my-designs/riscv-s… │ │               
                    │ │                 [resolved]),                                                  │ │               
                    │ │                 │   ... +33                                                   │ │               
                    │ │                 }                                                             │ │               
                    │ │          self = {}                                                            │ │               
                    │ ╰───────────────────────────────────────────────────────────────────────────────╯ │               
                    │                                                                                   │               
                    │ /home/mwg/curv/mikegoelzer/tree-maker/src/term_tree_maker/term_tree_maker.py:575  │               
                    │ in _refresh_from_path_env_file                                                    │               
                    │                                                                                   │               
                    │    572 │   │   │   │   replacement_vals[key] = str(value.value)                   │               
                    │    573 │   │   new_env_values: dict[str, CurvConfigPath] = {}                     │               
                    │    574 │   │   for k, v in env_values.items():                                    │               
                    │ ❱  575 │   │   │   new_value = CurvConfigPath(                                    │               
                    │    576 │   │   │   │   v,                                                         │               
                    │    577 │   │   │   │   PROFILE=self._profile,                                     │               
                    │    578 │   │   │   │   BOARD=self._board,                                         │               
                    │                                                                                   │               
                    │ ╭─────────────────────────────────── locals ────────────────────────────────────╮ │               
                    │ │       env_values = OrderedDict([('CURV_REPO_DIR',                             │ │               
                    │ │                    '/home/mwg/ecp5-first-steps/my-designs/riscv-soc/../..'),  │ │               
                    │ │                    ('CURV_CONFIG_DIR',                                        │ │               
                    │ │                    '/home/mwg/ecp5-first-steps/my-designs/riscv-soc/config'), │ │               
                    │ │                    ('CURV_BOARDS_DIR',                                        │ │               
                    │ │                    '/home/mwg/ecp5-first-steps/my-designs/riscv-soc/boards'), │ │               
                    │ │                    ('CURV_RISCV_DIR',                                         │ │               
                    │ │                    '/home/mwg/ecp5-first-steps/my-designs/riscv-soc/riscv'),  │ │               
                    │ │                    ('CURV_COMMON_DIR',                                        │ │               
                    │ │                    '/home/mwg/ecp5-first-steps/my-designs/riscv-soc/../commo… │ │               
                    │ │                    ('CURV_FIRMWARE_DIR',                                      │ │               
                    │ │                    '/home/mwg/ecp5-first-steps/my-designs/riscv-soc/riscv/fi… │ │               
                    │ │                    ('CURV_CONFIG_SCHEMA_DIR',                                 │ │               
                    │ │                    '/home/mwg/ecp5-first-steps/my-designs/riscv-soc/config/s… │ │               
                    │ │                    ('CURV_CONFIG_PROFILES_DIR',                               │ │               
                    │ │                    '/home/mwg/ecp5-first-steps/my-designs/riscv-soc/config/p… │ │               
                    │ │                    ('CURV_CONFIG_PROFILE_OVERLAYS_DIR',                       │ │               
                    │ │                    '/home/mwg/ecp5-first-steps/my-designs/riscv-soc/config/p… │ │               
                    │ │                    ('CURV_CONFIG_MEMMAP_DIR',                                 │ │               
                    │ │                    '/home/mwg/ecp5-first-steps/my-designs/riscv-soc/config/m… │ │               
                    │ │                    ('CURV_CONFIG_DEVICES_DIR',                                │ │               
                    │ │                    '/home/mwg/ecp5-first-steps/my-designs/riscv-soc/boards/$… │ │               
                    │ │                    ('DEFAULT_PROFILE_TOML_PATH',                              │ │               
                    │ │                    '/home/mwg/ecp5-first-steps/my-designs/riscv-soc/config/p… │ │               
                    │ │                    ('DEFAULT_TB_OVERLAY_TOML_PATH',                           │ │               
                    │ │                    '/home/mwg/ecp5-first-steps/my-designs/riscv-soc/config/p… │ │               
                    │ │                    ('DEFAULT_SCHEMA_TOML_PATH',                               │ │               
                    │ │                    '/home/mwg/ecp5-first-steps/my-designs/riscv-soc/config/s… │ │               
                    │ │                    ('DEFAULT_TB_SCHEMA_TOML_PATH',                            │ │               
                    │ │                    '/home/mwg/ecp5-first-steps/my-designs/riscv-soc/config/s… │ │               
                    │ │                    ('BUILD_CACHE_PREFILL_INPUT_DIR',                          │ │               
                    │ │                    '/home/mwg/ecp5-first-steps/my-designs/riscv-soc/riscv/fi… │ │               
                    │ │                    ('BUILD_GENERATED_DIR', '$(BUILD_DIR)/generated'),         │ │               
                    │ │                    ('BUILD_FIRMWARE_DIR', '$(BUILD_DIR)/fw'),                 │ │               
                    │ │                    ('BUILD_FW_CACHE_PREFILLS_DIR',                            │ │               
                    │ │                    '$(BUILD_DIR)/fw/cache-prefills'),                         │ │               
                    │ │                    ('BUILD_FW_CACHE_PREFILLS_BIN_DIR',                        │ │               
                    │ │                    '$(BUILD_DIR)/fw/cache-prefills/build'),                   │ │               
                    │ │                    ('BUILD_CACHE_OUTPUT_HEX_FILES_ROOT_DIR',                  │ │               
                    │ │                    '$(BUILD_DIR)/fw/cache-prefills/$(CFG_CACHE_HEX_FILES_SRC… │ │               
                    │ │                    ('BUILD_DCACHE_DIR',                                       │ │               
                    │ │                    '$(BUILD_DIR)/fw/cache-prefills/$(CFG_CACHE_HEX_FILES_SRC… │ │               
                    │ │                    ('BUILD_DCACHE_CACHELINES_DIR',                            │ │               
                    │ │                    '$(BUILD_DIR)/fw/cache-prefills/$(CFG_CACHE_HEX_FILES_SRC… │ │               
                    │ │                    ('BUILD_DCACHE_TAGRAM_DIR',                                │ │               
                    │ │                    '$(BUILD_DIR)/fw/cache-prefills/$(CFG_CACHE_HEX_FILES_SRC… │ │               
                    │ │                    ('BUILD_ICACHE_DIR',                                       │ │               
                    │ │                    '$(BUILD_DIR)/fw/cache-prefills/$(CFG_CACHE_HEX_FILES_SRC… │ │               
                    │ │                    ('BUILD_ICACHE_CACHELINES_DIR',                            │ │               
                    │ │                    '$(BUILD_DIR)/fw/cache-prefills/$(CFG_CACHE_HEX_FILES_SRC… │ │               
                    │ │                    ('BUILD_ICACHE_TAGRAM_DIR',                                │ │               
                    │ │                    '$(BUILD_DIR)/fw/cache-prefills/$(CFG_CACHE_HEX_FILES_SRC… │ │               
                    │ │                    ('BUILD_FW_BOOTROM_DIR', '$(BUILD_DIR)/fw/bootrom/build'), │ │               
                    │ │                    ('BUILD_BOOTROM_HEX_FILES_DIR',                            │ │               
                    │ │                    '$(BUILD_DIR)/fw/bootrom/hex-files'),                      │ │               
                    │ │                    ('DEFAULT_MERGED_TOML_NAME',                               │ │               
                    │ │                    '$(BUILD_DIR)/generated/config/merged.toml'),              │ │               
                    │ │                    ('DEFAULT_DEP_FILE_NAME',                                  │ │               
                    │ │                    '$(BUILD_DIR)/generated/make/config.mk.d'), ('CONFIG_MK',  │ │               
                    │ │                    '$(BUILD_DIR)/generated/make/curv.mk'), ('CONFIG_SVPKG',   │ │               
                    │ │                    '$(BUILD_DIR)/generated/hdl/curvcfgpkg.sv'),               │ │               
                    │ │                    ('CONFIG_SVH', '$(BUILD_DIR)/generated/hdl/curvcfg.svh'),  │ │               
                    │ │                    ('MEMMAP_SV', '$(BUILD_DIR)/generated/hdl/curvcfg.svh'),   │ │               
                    │ │                    ('MEMMAP_MD',                                              │ │               
                    │ │                    '$(BUILD_DIR)/generated/docs/MEMORY_MAP.md'),              │ │               
                    │ │                    ('CONFIG_ENV', '$(BUILD_DIR)/generated/shell/curv.env'),   │ │               
                    │ │                    ('BUILD_CACHE_PREFILL_HEX_HDR_FILE',                       │ │               
                    │ │                    '$(BUILD_DIR)/fw/cache-prefills/build/cache_hex_files_pat… │ │               
                    │ │                    ('BUILD_SRC_ICACHE_HEX_FILE',                              │ │               
                    │ │                    '$(BUILD_DIR)/fw/cache-prefills/build/text-section.hex'),  │ │               
                    │ │                    ('BUILD_SRC_DCACHE_HEX_FILE',                              │ │               
                    │ │                    '$(BUILD_DIR)/fw/cache-prefills/build/data-section.hex'),  │ │               
                    │ │                    ('BUILD_WISHBONE_HEX_FILE',                                │ │               
                    │ │                    '$(BUILD_DIR)/fw/cache-prefills/build/icache_dcache.hex'), │ │               
                    │ │                    ('BUILD_CACHE_README_FILE',                                │ │               
                    │ │                    '$(BUILD_DIR)/fw/cache-prefills/build/cache_readme.txt'),  │ │               
                    │ │                    ('BUILD_BOOTROM_HEX_FILES',                                │ │               
                    │ │                    '$(BUILD_DIR)/fw/bootrom/hex-files/bootrom.hex')])         │ │               
                    │ │                k = 'DEFAULT_PROFILE_TOML_PATH'                                │ │               
                    │ │   new_env_values = {                                                          │ │               
                    │ │                    │   'CURV_REPO_DIR':                                       │ │               
                    │ │                    CurvConfigPath(/home/mwg/ecp5-first-steps [resolved]),     │ │               
                    │ │                    │   'CURV_CONFIG_DIR':                                     │ │               
                    │ │                    CurvConfigPath(/home/mwg/ecp5-first-steps/my-designs/risc… │ │               
                    │ │                    [resolved]),                                               │ │               
                    │ │                    │   'CURV_BOARDS_DIR':                                     │ │               
                    │ │                    CurvConfigPath(/home/mwg/ecp5-first-steps/my-designs/risc… │ │               
                    │ │                    [resolved]),                                               │ │               
                    │ │                    │   'CURV_RISCV_DIR':                                      │ │               
                    │ │                    CurvConfigPath(/home/mwg/ecp5-first-steps/my-designs/risc… │ │               
                    │ │                    [resolved]),                                               │ │               
                    │ │                    │   'CURV_COMMON_DIR':                                     │ │               
                    │ │                    CurvConfigPath(/home/mwg/ecp5-first-steps/my-designs/comm… │ │               
                    │ │                    [resolved]),                                               │ │               
                    │ │                    │   'CURV_FIRMWARE_DIR':                                   │ │               
                    │ │                    CurvConfigPath(/home/mwg/ecp5-first-steps/my-designs/risc… │ │               
                    │ │                    [resolved]),                                               │ │               
                    │ │                    │   'CURV_CONFIG_SCHEMA_DIR':                              │ │               
                    │ │                    CurvConfigPath(/home/mwg/ecp5-first-steps/my-designs/risc… │ │               
                    │ │                    [resolved]),                                               │ │               
                    │ │                    │   'CURV_CONFIG_PROFILES_DIR':                            │ │               
                    │ │                    CurvConfigPath(/home/mwg/ecp5-first-steps/my-designs/risc… │ │               
                    │ │                    [resolved]),                                               │ │               
                    │ │                    │   'CURV_CONFIG_PROFILE_OVERLAYS_DIR':                    │ │               
                    │ │                    CurvConfigPath(/home/mwg/ecp5-first-steps/my-designs/risc… │ │               
                    │ │                    [resolved]),                                               │ │               
                    │ │                    │   'CURV_CONFIG_MEMMAP_DIR':                              │ │               
                    │ │                    CurvConfigPath(/home/mwg/ecp5-first-steps/my-designs/risc… │ │               
                    │ │                    [resolved]),                                               │ │               
                    │ │                    │   ... +1                                                 │ │               
                    │ │                    }                                                          │ │               
                    │ │        new_value = CurvConfigPath(/home/mwg/ecp5-first-steps/my-designs/risc… │ │               
                    │ │                    [unresolved])                                              │ │               
                    │ │ replacement_vals = {                                                          │ │               
                    │ │                    │   'PROFILE': {                                           │ │               
                    │ │                    │   │   'CURV_REPO_DIR':                                   │ │               
                    │ │                    CurvConfigPath(/home/mwg/ecp5-first-steps [resolved]),     │ │               
                    │ │                    │   │   'CURV_CONFIG_DIR':                                 │ │               
                    │ │                    CurvConfigPath(/home/mwg/ecp5-first-steps/my-designs/risc… │ │               
                    │ │                    [resolved]),                                               │ │               
                    │ │                    │   │   'CURV_BOARDS_DIR':                                 │ │               
                    │ │                    CurvConfigPath(/home/mwg/ecp5-first-steps/my-designs/risc… │ │               
                    │ │                    [resolved]),                                               │ │               
                    │ │                    │   │   'CURV_RISCV_DIR':                                  │ │               
                    │ │                    CurvConfigPath(/home/mwg/ecp5-first-steps/my-designs/risc… │ │               
                    │ │                    [resolved]),                                               │ │               
                    │ │                    │   │   'CURV_COMMON_DIR':                                 │ │               
                    │ │                    CurvConfigPath(/home/mwg/ecp5-first-steps/my-designs/comm… │ │               
                    │ │                    [resolved]),                                               │ │               
                    │ │                    │   │   'CURV_FIRMWARE_DIR':                               │ │               
                    │ │                    CurvConfigPath(/home/mwg/ecp5-first-steps/my-designs/risc… │ │               
                    │ │                    [resolved]),                                               │ │               
                    │ │                    │   │   'CURV_CONFIG_SCHEMA_DIR':                          │ │               
                    │ │                    CurvConfigPath(/home/mwg/ecp5-first-steps/my-designs/risc… │ │               
                    │ │                    [resolved]),                                               │ │               
                    │ │                    │   │   'CURV_CONFIG_PROFILES_DIR':                        │ │               
                    │ │                    CurvConfigPath(/home/mwg/ecp5-first-steps/my-designs/risc… │ │               
                    │ │                    [resolved]),                                               │ │               
                    │ │                    │   │   'CURV_CONFIG_PROFILE_OVERLAYS_DIR':                │ │               
                    │ │                    CurvConfigPath(/home/mwg/ecp5-first-steps/my-designs/risc… │ │               
                    │ │                    [resolved]),                                               │ │               
                    │ │                    │   │   'CURV_CONFIG_MEMMAP_DIR':                          │ │               
                    │ │                    CurvConfigPath(/home/mwg/ecp5-first-steps/my-designs/risc… │ │               
                    │ │                    [resolved]),                                               │ │               
                    │ │                    │   │   ... +33                                            │ │               
                    │ │                    │   },                                                     │ │               
                    │ │                    │   'BOARD': None,                                         │ │               
                    │ │                    │   'BUILD_DIR':                                           │ │               
                    │ │                    '/home/mwg/ecp5-first-steps/my-designs/riscv-soc/riscv/tb… │ │               
                    │ │                    │   'CURV_ROOT_DIR':                                       │ │               
                    │ │                    '/home/mwg/ecp5-first-steps/my-designs/riscv-soc'          │ │               
                    │ │                    }                                                          │ │               
                    │ │             self = {}                                                         │ │               
                    │ │                v = '/home/mwg/ecp5-first-steps/my-designs/riscv-soc/config/p… │ │               
                    │ ╰───────────────────────────────────────────────────────────────────────────────╯ │               
                    │                                                                                   │               
                    │ /home/mwg/curv/mikegoelzer/tree-maker/src/term_tree_maker/term_tree_maker.py:491  │               
                    │ in __init__                                                                       │               
                    │                                                                                   │               
                    │    488 │   │   self._build_dir = BUILD_DIR                                        │               
                    │    489 │   │   self._curv_root_dir = CURV_ROOT_DIR                                │               
                    │    490 │   │   self._cfgvalues = cfgvalues                                        │               
                    │ ❱  491 │   │   self._run_var_replacement()                                        │               
                    │    492 │                                                                          │               
                    │    493 │   def is_fully_resolved(self) -> bool:                                   │               
                    │    494 │   │   return len(_match_vars(self.path_str)) == 0                        │               
                    │                                                                                   │               
                    │ ╭─────────────────────────────────── locals ────────────────────────────────────╮ │               
                    │ │         BOARD = None                                                          │ │               
                    │ │     BUILD_DIR = '/home/mwg/ecp5-first-steps/my-designs/riscv-soc/riscv/tb/ve… │ │               
                    │ │     cfgvalues = None                                                          │ │               
                    │ │ CURV_ROOT_DIR = '/home/mwg/ecp5-first-steps/my-designs/riscv-soc'             │ │               
                    │ │          path = '/home/mwg/ecp5-first-steps/my-designs/riscv-soc/config/prof… │ │               
                    │ │       PROFILE = {                                                             │ │               
                    │ │                 │   'CURV_REPO_DIR':                                          │ │               
                    │ │                 CurvConfigPath(/home/mwg/ecp5-first-steps [resolved]),        │ │               
                    │ │                 │   'CURV_CONFIG_DIR':                                        │ │               
                    │ │                 CurvConfigPath(/home/mwg/ecp5-first-steps/my-designs/riscv-s… │ │               
                    │ │                 [resolved]),                                                  │ │               
                    │ │                 │   'CURV_BOARDS_DIR':                                        │ │               
                    │ │                 CurvConfigPath(/home/mwg/ecp5-first-steps/my-designs/riscv-s… │ │               
                    │ │                 [resolved]),                                                  │ │               
                    │ │                 │   'CURV_RISCV_DIR':                                         │ │               
                    │ │                 CurvConfigPath(/home/mwg/ecp5-first-steps/my-designs/riscv-s… │ │               
                    │ │                 [resolved]),                                                  │ │               
                    │ │                 │   'CURV_COMMON_DIR':                                        │ │               
                    │ │                 CurvConfigPath(/home/mwg/ecp5-first-steps/my-designs/common   │ │               
                    │ │                 [resolved]),                                                  │ │               
                    │ │                 │   'CURV_FIRMWARE_DIR':                                      │ │               
                    │ │                 CurvConfigPath(/home/mwg/ecp5-first-steps/my-designs/riscv-s… │ │               
                    │ │                 [resolved]),                                                  │ │               
                    │ │                 │   'CURV_CONFIG_SCHEMA_DIR':                                 │ │               
                    │ │                 CurvConfigPath(/home/mwg/ecp5-first-steps/my-designs/riscv-s… │ │               
                    │ │                 [resolved]),                                                  │ │               
                    │ │                 │   'CURV_CONFIG_PROFILES_DIR':                               │ │               
                    │ │                 CurvConfigPath(/home/mwg/ecp5-first-steps/my-designs/riscv-s… │ │               
                    │ │                 [resolved]),                                                  │ │               
                    │ │                 │   'CURV_CONFIG_PROFILE_OVERLAYS_DIR':                       │ │               
                    │ │                 CurvConfigPath(/home/mwg/ecp5-first-steps/my-designs/riscv-s… │ │               
                    │ │                 [resolved]),                                                  │ │               
                    │ │                 │   'CURV_CONFIG_MEMMAP_DIR':                                 │ │               
                    │ │                 CurvConfigPath(/home/mwg/ecp5-first-steps/my-designs/riscv-s… │ │               
                    │ │                 [resolved]),                                                  │ │               
                    │ │                 │   ... +33                                                   │ │               
                    │ │                 }                                                             │ │               
                    │ │          self = CurvConfigPath(/home/mwg/ecp5-first-steps/my-designs/riscv-s… │ │               
                    │ │                 [unresolved])                                                 │ │               
                    │ ╰───────────────────────────────────────────────────────────────────────────────╯ │               
                    │                                                                                   │               
                    │ /home/mwg/curv/mikegoelzer/tree-maker/src/term_tree_maker/term_tree_maker.py:519  │               
                    │ in _run_var_replacement                                                           │               
                    │                                                                                   │               
                    │    516 │   │   if self._cfgvalues is not None:                                    │               
                    │    517 │   │   │   for key, value in self._cfgvalues.items():                     │               
                    │    518 │   │   │   │   replacement_vals[key] = str(value.value)                   │               
                    │ ❱  519 │   │   self.path_str = _replace_vars(self.path_str, replacement_vals)     │               
                    │    520 │                                                                          │               
                    │    521 │   @property                                                              │               
                    │    522 │   def PROFILE(self): return self._profile                                │               
                    │                                                                                   │               
                    │ ╭─────────────────────────────────── locals ────────────────────────────────────╮ │               
                    │ │ replacement_vals = {                                                          │ │               
                    │ │                    │   'PROFILE': {                                           │ │               
                    │ │                    │   │   'CURV_REPO_DIR':                                   │ │               
                    │ │                    CurvConfigPath(/home/mwg/ecp5-first-steps [resolved]),     │ │               
                    │ │                    │   │   'CURV_CONFIG_DIR':                                 │ │               
                    │ │                    CurvConfigPath(/home/mwg/ecp5-first-steps/my-designs/risc… │ │               
                    │ │                    [resolved]),                                               │ │               
                    │ │                    │   │   'CURV_BOARDS_DIR':                                 │ │               
                    │ │                    CurvConfigPath(/home/mwg/ecp5-first-steps/my-designs/risc… │ │               
                    │ │                    [resolved]),                                               │ │               
                    │ │                    │   │   'CURV_RISCV_DIR':                                  │ │               
                    │ │                    CurvConfigPath(/home/mwg/ecp5-first-steps/my-designs/risc… │ │               
                    │ │                    [resolved]),                                               │ │               
                    │ │                    │   │   'CURV_COMMON_DIR':                                 │ │               
                    │ │                    CurvConfigPath(/home/mwg/ecp5-first-steps/my-designs/comm… │ │               
                    │ │                    [resolved]),                                               │ │               
                    │ │                    │   │   'CURV_FIRMWARE_DIR':                               │ │               
                    │ │                    CurvConfigPath(/home/mwg/ecp5-first-steps/my-designs/risc… │ │               
                    │ │                    [resolved]),                                               │ │               
                    │ │                    │   │   'CURV_CONFIG_SCHEMA_DIR':                          │ │               
                    │ │                    CurvConfigPath(/home/mwg/ecp5-first-steps/my-designs/risc… │ │               
                    │ │                    [resolved]),                                               │ │               
                    │ │                    │   │   'CURV_CONFIG_PROFILES_DIR':                        │ │               
                    │ │                    CurvConfigPath(/home/mwg/ecp5-first-steps/my-designs/risc… │ │               
                    │ │                    [resolved]),                                               │ │               
                    │ │                    │   │   'CURV_CONFIG_PROFILE_OVERLAYS_DIR':                │ │               
                    │ │                    CurvConfigPath(/home/mwg/ecp5-first-steps/my-designs/risc… │ │               
                    │ │                    [resolved]),                                               │ │               
                    │ │                    │   │   'CURV_CONFIG_MEMMAP_DIR':                          │ │               
                    │ │                    CurvConfigPath(/home/mwg/ecp5-first-steps/my-designs/risc… │ │               
                    │ │                    [resolved]),                                               │ │               
                    │ │                    │   │   ... +33                                            │ │               
                    │ │                    │   },                                                     │ │               
                    │ │                    │   'BOARD': None,                                         │ │               
                    │ │                    │   'BUILD_DIR':                                           │ │               
                    │ │                    '/home/mwg/ecp5-first-steps/my-designs/riscv-soc/riscv/tb… │ │               
                    │ │                    │   'CURV_ROOT_DIR':                                       │ │               
                    │ │                    '/home/mwg/ecp5-first-steps/my-designs/riscv-soc'          │ │               
                    │ │                    }                                                          │ │               
                    │ │             self = CurvConfigPath(/home/mwg/ecp5-first-steps/my-designs/risc… │ │               
                    │ │                    [unresolved])                                              │ │               
                    │ ╰───────────────────────────────────────────────────────────────────────────────╯ │               
                    │                                                                                   │               
                    │ /home/mwg/curv/mikegoelzer/tree-maker/src/term_tree_maker/term_tree_maker.py:452  │               
                    │ in _replace_vars                                                                  │               
                    │                                                                                   │               
                    │    449 │   pos_delta = 0                                                          │               
                    │    450 │   for var_name, (start, end), match in vars_spans:                       │               
                    │    451 │   │   if vars is not None and var_name in vars and vars[var_name] is not │               
                    │ ❱  452 │   │   │   s = s[:start + pos_delta] + vars[var_name] + s[end + pos_delta │               
                    │    453 │   │   │   pos_delta += len(vars[var_name]) - len(match)                  │               
                    │    454 │   return s                                                               │               
                    │    455                                                                            │               
                    │                                                                                   │               
                    │ ╭─────────────────────────────────── locals ────────────────────────────────────╮ │               
                    │ │        end = 74                                                               │ │               
                    │ │      match = '$(PROFILE)'                                                     │ │               
                    │ │  pos_delta = 0                                                                │ │               
                    │ │          s = '/home/mwg/ecp5-first-steps/my-designs/riscv-soc/config/profile… │ │               
                    │ │      start = 64                                                               │ │               
                    │ │   var_name = 'PROFILE'                                                        │ │               
                    │ │       vars = {                                                                │ │               
                    │ │              │   'PROFILE': {                                                 │ │               
                    │ │              │   │   'CURV_REPO_DIR':                                         │ │               
                    │ │              CurvConfigPath(/home/mwg/ecp5-first-steps [resolved]),           │ │               
                    │ │              │   │   'CURV_CONFIG_DIR':                                       │ │               
                    │ │              CurvConfigPath(/home/mwg/ecp5-first-steps/my-designs/riscv-soc/… │ │               
                    │ │              [resolved]),                                                     │ │               
                    │ │              │   │   'CURV_BOARDS_DIR':                                       │ │               
                    │ │              CurvConfigPath(/home/mwg/ecp5-first-steps/my-designs/riscv-soc/… │ │               
                    │ │              [resolved]),                                                     │ │               
                    │ │              │   │   'CURV_RISCV_DIR':                                        │ │               
                    │ │              CurvConfigPath(/home/mwg/ecp5-first-steps/my-designs/riscv-soc/… │ │               
                    │ │              [resolved]),                                                     │ │               
                    │ │              │   │   'CURV_COMMON_DIR':                                       │ │               
                    │ │              CurvConfigPath(/home/mwg/ecp5-first-steps/my-designs/common      │ │               
                    │ │              [resolved]),                                                     │ │               
                    │ │              │   │   'CURV_FIRMWARE_DIR':                                     │ │               
                    │ │              CurvConfigPath(/home/mwg/ecp5-first-steps/my-designs/riscv-soc/… │ │               
                    │ │              [resolved]),                                                     │ │               
                    │ │              │   │   'CURV_CONFIG_SCHEMA_DIR':                                │ │               
                    │ │              CurvConfigPath(/home/mwg/ecp5-first-steps/my-designs/riscv-soc/… │ │               
                    │ │              [resolved]),                                                     │ │               
                    │ │              │   │   'CURV_CONFIG_PROFILES_DIR':                              │ │               
                    │ │              CurvConfigPath(/home/mwg/ecp5-first-steps/my-designs/riscv-soc/… │ │               
                    │ │              [resolved]),                                                     │ │               
                    │ │              │   │   'CURV_CONFIG_PROFILE_OVERLAYS_DIR':                      │ │               
                    │ │              CurvConfigPath(/home/mwg/ecp5-first-steps/my-designs/riscv-soc/… │ │               
                    │ │              [resolved]),                                                     │ │               
                    │ │              │   │   'CURV_CONFIG_MEMMAP_DIR':                                │ │               
                    │ │              CurvConfigPath(/home/mwg/ecp5-first-steps/my-designs/riscv-soc/… │ │               
                    │ │              [resolved]),                                                     │ │               
                    │ │              │   │   ... +33                                                  │ │               
                    │ │              │   },                                                           │ │               
                    │ │              │   'BOARD': None,                                               │ │               
                    │ │              │   'BUILD_DIR':                                                 │ │               
                    │ │              '/home/mwg/ecp5-first-steps/my-designs/riscv-soc/riscv/tb/veril… │ │               
                    │ │              │   'CURV_ROOT_DIR':                                             │ │               
                    │ │              '/home/mwg/ecp5-first-steps/my-designs/riscv-soc'                │ │               
                    │ │              }                                                                │ │               
                    │ │ vars_spans = [('PROFILE', (64, 74), '$(PROFILE)')]                            │ │               
                    │ ╰───────────────────────────────────────────────────────────────────────────────╯ │               
                    ╰───────────────────────────────────────────────────────────────────────────────────╯               
                    TypeError: can only concatenate str (not "dict") to str                                             
[04:41:03] INFO     [logger] configured: LoggingLevels(stderr_level=CRITICAL, file_level=DEBUG)            logger.py:171
[04:41:03] INFO     [logger] configured: LoggingLevels(stderr_level=CRITICAL, file_level=DEBUG)            logger.py:171
           ERROR    Error: can only concatenate str (not "dict") to str                                   __main__.py:21
                    ╭──────────────────────── Traceback (most recent call last) ────────────────────────╮               
                    │ /home/mwg/curv/mikegoelzer/tree-maker/src/term_tree_maker/__main__.py:17 in main  │               
                    │                                                                                   │               
                    │   14 │   """                                                                      │               
                    │   15 │   init_logging()                                                           │               
                    │   16 │   try:                                                                     │               
                    │ ❱ 17 │   │   result: Optional[int] = _cli_main()                                  │               
                    │   18 │   except SystemExit as exc:                                                │               
                    │   19 │   │   return exc.code if isinstance(exc.code, int) else 0                  │               
                    │   20 │   except Exception as exc:                                                 │               
                    │                                                                                   │               
                    │ ╭──────────────────────────── locals ─────────────────────────────╮               │               
                    │ │ exc = TypeError('can only concatenate str (not "dict") to str') │               │               
                    │ ╰─────────────────────────────────────────────────────────────────╯               │               
                    │                                                                                   │               
                    │ /home/mwg/curv/mikegoelzer/tree-maker/src/term_tree_maker/term_tree_maker.py:865  │               
                    │ in main                                                                           │               
                    │                                                                                   │               
                    │    862 │   │   data_fn = lambda max_comment_line_width: make_data_from_path_env(m │               
                    │    863 │                                                                          │               
                    │    864 │   # make the Node tree from the data source                              │               
                    │ ❱  865 │   root = data_fn(max_comment_line_width)                                 │               
                    │    866 │                                                                          │               
                    │    867 │   invisible_table = Table.grid(padding=0)                                │               
                    │    868 │   invisible_table.add_column("tree", justify="left", no_wrap=True)       │               
                    │                                                                                   │               
                    │ ╭─────────────────────────────────── locals ────────────────────────────────────╮ │               
                    │ │                   args = Namespace(insert_extra_top_line=False,               │ │               
                    │ │                          chunk_lines_amount=None, chunk_number=0,             │ │               
                    │ │                          chunk_count=False,                                   │ │               
                    │ │                          data_source='/home/mwg/ecp5-first-steps/my-designs/… │ │               
                    │ │ max_comment_line_width = None                                                 │ │               
                    │ ╰───────────────────────────────────────────────────────────────────────────────╯ │               
                    │                                                                                   │               
                    │ /home/mwg/curv/mikegoelzer/tree-maker/src/term_tree_maker/term_tree_maker.py:862  │               
                    │ in <lambda>                                                                       │               
                    │                                                                                   │               
                    │    859 │   │   data_fn = lambda max_comment_line_width: make_dummy_data(max_comme │               
                    │    860 │   else:                                                                  │               
                    │    861 │   │   # treat data source as a path to an environment file               │               
                    │ ❱  862 │   │   data_fn = lambda max_comment_line_width: make_data_from_path_env(m │               
                    │    863 │                                                                          │               
                    │    864 │   # make the Node tree from the data source                              │               
                    │    865 │   root = data_fn(max_comment_line_width)                                 │               
                    │                                                                                   │               
                    │ ╭─────────────────────────────────── locals ────────────────────────────────────╮ │               
                    │ │                   args = Namespace(insert_extra_top_line=False,               │ │               
                    │ │                          chunk_lines_amount=None, chunk_number=0,             │ │               
                    │ │                          chunk_count=False,                                   │ │               
                    │ │                          data_source='/home/mwg/ecp5-first-steps/my-designs/… │ │               
                    │ │ max_comment_line_width = None                                                 │ │               
                    │ ╰───────────────────────────────────────────────────────────────────────────────╯ │               
                    │                                                                                   │               
                    │ /home/mwg/curv/mikegoelzer/tree-maker/src/term_tree_maker/term_tree_maker.py:598  │               
                    │ in make_data_from_path_env                                                        │               
                    │                                                                                   │               
                    │    595 │   build_dir = "/home/mwg/ecp5-first-steps/my-designs/riscv-soc/riscv/tb/ │               
                    │    596 │                                                                          │               
                    │    597 │   # 3) Resolve values from path_raw.env                                  │               
                    │ ❱  598 │   env_file_values = CurvConfigPathEnv(env_file, BUILD_DIR=build_dir, CUR │               
                    │    599 │                                                                          │               
                    │    600 │   # Normalize to a POSIX-style string for prefix matching                │               
                    │    601 │   curv_repo_dir = Path(os.path.join(curv_root_dir, '../..')).resolve().a │               
                    │                                                                                   │               
                    │ ╭─────────────────────────────────── locals ────────────────────────────────────╮ │               
                    │ │              build_dir = '/home/mwg/ecp5-first-steps/my-designs/riscv-soc/ri… │ │               
                    │ │          curv_root_dir = '/home/mwg/ecp5-first-steps/my-designs/riscv-soc'    │ │               
                    │ │               env_file = '/home/mwg/ecp5-first-steps/my-designs/riscv-soc/sc… │ │               
                    │ │ max_comment_line_width = None                                                 │ │               
                    │ ╰───────────────────────────────────────────────────────────────────────────────╯ │               
                    │                                                                                   │               
                    │ /home/mwg/curv/mikegoelzer/tree-maker/src/term_tree_maker/term_tree_maker.py:530  │               
                    │ in __init__                                                                       │               
                    │                                                                                   │               
                    │    527 │   │   self.build_dir = BUILD_DIR                                         │               
                    │    528 │   │   self.curv_root_dir = CURV_ROOT_DIR                                 │               
                    │    529 │   │   self.cfgvalues = cfgvalues                                         │               
                    │ ❱  530 │   │   self._refresh_from_path_env_file()                                 │               
                    │    531 │                                                                          │               
                    │    532 │   def _refresh_from_path_env_file(self) -> None:                         │               
                    │    533 │   │   """                                                                │               
                    │                                                                                   │               
                    │ ╭─────────────────────────────────── locals ────────────────────────────────────╮ │               
                    │ │         BOARD = None                                                          │ │               
                    │ │     BUILD_DIR = '/home/mwg/ecp5-first-steps/my-designs/riscv-soc/riscv/tb/ve… │ │               
                    │ │     cfgvalues = None                                                          │ │               
                    │ │ CURV_ROOT_DIR = '/home/mwg/ecp5-first-steps/my-designs/riscv-soc'             │ │               
                    │ │      env_file = '/home/mwg/ecp5-first-steps/my-designs/riscv-soc/scripts/mak… │ │               
                    │ │       PROFILE = None                                                          │ │               
                    │ │          self = {}                                                            │ │               
                    │ ╰───────────────────────────────────────────────────────────────────────────────╯ │               
                    │                                                                                   │               
                    │ /home/mwg/curv/mikegoelzer/tree-maker/src/term_tree_maker/term_tree_maker.py:560  │               
                    │ in _refresh_from_path_env_file                                                    │               
                    │                                                                                   │               
                    │    557 │   │   │   )                                                              │               
                    │    558 │   │   │   new_env_values[k] = new_value                                  │               
                    │    559 │   │   self.clear()                                                       │               
                    │ ❱  560 │   │   self.update(new_env_values)                                        │               
                    │    561 │                                                                          │               
                    │    562 │   def update(self, PROFILE: str = None, BOARD: str = None, BUILD_DIR: st │               
                    │    563 │   │   if PROFILE is not None:                                            │               
                    │                                                                                   │               
                    │ ╭─────────────────────────────────── locals ────────────────────────────────────╮ │               
                    │ │       env_values = OrderedDict([('CURV_REPO_DIR',                             │ │               
                    │ │                    '/home/mwg/ecp5-first-steps/my-designs/riscv-soc/../..'),  │ │               
                    │ │                    ('CURV_CONFIG_DIR',                                        │ │               
                    │ │                    '/home/mwg/ecp5-first-steps/my-designs/riscv-soc/config'), │ │               
                    │ │                    ('CURV_BOARDS_DIR',                                        │ │               
                    │ │                    '/home/mwg/ecp5-first-steps/my-designs/riscv-soc/boards'), │ │               
                    │ │                    ('CURV_RISCV_DIR',                                         │ │               
                    │ │                    '/home/mwg/ecp5-first-steps/my-designs/riscv-soc/riscv'),  │ │               
                    │ │                    ('CURV_COMMON_DIR',                                        │ │               
                    │ │                    '/home/mwg/ecp5-first-steps/my-designs/riscv-soc/../commo… │ │               
                    │ │                    ('CURV_FIRMWARE_DIR',                                      │ │               
                    │ │                    '/home/mwg/ecp5-first-steps/my-designs/riscv-soc/riscv/fi… │ │               
                    │ │                    ('CURV_CONFIG_SCHEMA_DIR',                                 │ │               
                    │ │                    '/home/mwg/ecp5-first-steps/my-designs/riscv-soc/config/s… │ │               
                    │ │                    ('CURV_CONFIG_PROFILES_DIR',                               │ │               
                    │ │                    '/home/mwg/ecp5-first-steps/my-designs/riscv-soc/config/p… │ │               
                    │ │                    ('CURV_CONFIG_PROFILE_OVERLAYS_DIR',                       │ │               
                    │ │                    '/home/mwg/ecp5-first-steps/my-designs/riscv-soc/config/p… │ │               
                    │ │                    ('CURV_CONFIG_MEMMAP_DIR',                                 │ │               
                    │ │                    '/home/mwg/ecp5-first-steps/my-designs/riscv-soc/config/m… │ │               
                    │ │                    ('CURV_CONFIG_DEVICES_DIR',                                │ │               
                    │ │                    '/home/mwg/ecp5-first-steps/my-designs/riscv-soc/boards/$… │ │               
                    │ │                    ('DEFAULT_PROFILE_TOML_PATH',                              │ │               
                    │ │                    '/home/mwg/ecp5-first-steps/my-designs/riscv-soc/config/p… │ │               
                    │ │                    ('DEFAULT_TB_OVERLAY_TOML_PATH',                           │ │               
                    │ │                    '/home/mwg/ecp5-first-steps/my-designs/riscv-soc/config/p… │ │               
                    │ │                    ('DEFAULT_SCHEMA_TOML_PATH',                               │ │               
                    │ │                    '/home/mwg/ecp5-first-steps/my-designs/riscv-soc/config/s… │ │               
                    │ │                    ('DEFAULT_TB_SCHEMA_TOML_PATH',                            │ │               
                    │ │                    '/home/mwg/ecp5-first-steps/my-designs/riscv-soc/config/s… │ │               
                    │ │                    ('BUILD_CACHE_PREFILL_INPUT_DIR',                          │ │               
                    │ │                    '/home/mwg/ecp5-first-steps/my-designs/riscv-soc/riscv/fi… │ │               
                    │ │                    ('BUILD_GENERATED_DIR', '$(BUILD_DIR)/generated'),         │ │               
                    │ │                    ('BUILD_FIRMWARE_DIR', '$(BUILD_DIR)/fw'),                 │ │               
                    │ │                    ('BUILD_FW_CACHE_PREFILLS_DIR',                            │ │               
                    │ │                    '$(BUILD_DIR)/fw/cache-prefills'),                         │ │               
                    │ │                    ('BUILD_FW_CACHE_PREFILLS_BIN_DIR',                        │ │               
                    │ │                    '$(BUILD_DIR)/fw/cache-prefills/build'),                   │ │               
                    │ │                    ('BUILD_CACHE_OUTPUT_HEX_FILES_ROOT_DIR',                  │ │               
                    │ │                    '$(BUILD_DIR)/fw/cache-prefills/$(CFG_CACHE_HEX_FILES_SRC… │ │               
                    │ │                    ('BUILD_DCACHE_DIR',                                       │ │               
                    │ │                    '$(BUILD_DIR)/fw/cache-prefills/$(CFG_CACHE_HEX_FILES_SRC… │ │               
                    │ │                    ('BUILD_DCACHE_CACHELINES_DIR',                            │ │               
                    │ │                    '$(BUILD_DIR)/fw/cache-prefills/$(CFG_CACHE_HEX_FILES_SRC… │ │               
                    │ │                    ('BUILD_DCACHE_TAGRAM_DIR',                                │ │               
                    │ │                    '$(BUILD_DIR)/fw/cache-prefills/$(CFG_CACHE_HEX_FILES_SRC… │ │               
                    │ │                    ('BUILD_ICACHE_DIR',                                       │ │               
                    │ │                    '$(BUILD_DIR)/fw/cache-prefills/$(CFG_CACHE_HEX_FILES_SRC… │ │               
                    │ │                    ('BUILD_ICACHE_CACHELINES_DIR',                            │ │               
                    │ │                    '$(BUILD_DIR)/fw/cache-prefills/$(CFG_CACHE_HEX_FILES_SRC… │ │               
                    │ │                    ('BUILD_ICACHE_TAGRAM_DIR',                                │ │               
                    │ │                    '$(BUILD_DIR)/fw/cache-prefills/$(CFG_CACHE_HEX_FILES_SRC… │ │               
                    │ │                    ('BUILD_FW_BOOTROM_DIR', '$(BUILD_DIR)/fw/bootrom/build'), │ │               
                    │ │                    ('BUILD_BOOTROM_HEX_FILES_DIR',                            │ │               
                    │ │                    '$(BUILD_DIR)/fw/bootrom/hex-files'),                      │ │               
                    │ │                    ('DEFAULT_MERGED_TOML_NAME',                               │ │               
                    │ │                    '$(BUILD_DIR)/generated/config/merged.toml'),              │ │               
                    │ │                    ('DEFAULT_DEP_FILE_NAME',                                  │ │               
                    │ │                    '$(BUILD_DIR)/generated/make/config.mk.d'), ('CONFIG_MK',  │ │               
                    │ │                    '$(BUILD_DIR)/generated/make/curv.mk'), ('CONFIG_SVPKG',   │ │               
                    │ │                    '$(BUILD_DIR)/generated/hdl/curvcfgpkg.sv'),               │ │               
                    │ │                    ('CONFIG_SVH', '$(BUILD_DIR)/generated/hdl/curvcfg.svh'),  │ │               
                    │ │                    ('MEMMAP_SV', '$(BUILD_DIR)/generated/hdl/curvcfg.svh'),   │ │               
                    │ │                    ('MEMMAP_MD',                                              │ │               
                    │ │                    '$(BUILD_DIR)/generated/docs/MEMORY_MAP.md'),              │ │               
                    │ │                    ('CONFIG_ENV', '$(BUILD_DIR)/generated/shell/curv.env'),   │ │               
                    │ │                    ('BUILD_CACHE_PREFILL_HEX_HDR_FILE',                       │ │               
                    │ │                    '$(BUILD_DIR)/fw/cache-prefills/build/cache_hex_files_pat… │ │               
                    │ │                    ('BUILD_SRC_ICACHE_HEX_FILE',                              │ │               
                    │ │                    '$(BUILD_DIR)/fw/cache-prefills/build/text-section.hex'),  │ │               
                    │ │                    ('BUILD_SRC_DCACHE_HEX_FILE',                              │ │               
                    │ │                    '$(BUILD_DIR)/fw/cache-prefills/build/data-section.hex'),  │ │               
                    │ │                    ('BUILD_WISHBONE_HEX_FILE',                                │ │               
                    │ │                    '$(BUILD_DIR)/fw/cache-prefills/build/icache_dcache.hex'), │ │               
                    │ │                    ('BUILD_CACHE_README_FILE',                                │ │               
                    │ │                    '$(BUILD_DIR)/fw/cache-prefills/build/cache_readme.txt'),  │ │               
                    │ │                    ('BUILD_BOOTROM_HEX_FILES',                                │ │               
                    │ │                    '$(BUILD_DIR)/fw/bootrom/hex-files/bootrom.hex')])         │ │               
                    │ │                k = 'BUILD_BOOTROM_HEX_FILES'                                  │ │               
                    │ │   new_env_values = {                                                          │ │               
                    │ │                    │   'CURV_REPO_DIR':                                       │ │               
                    │ │                    CurvConfigPath(/home/mwg/ecp5-first-steps [resolved]),     │ │               
                    │ │                    │   'CURV_CONFIG_DIR':                                     │ │               
                    │ │                    CurvConfigPath(/home/mwg/ecp5-first-steps/my-designs/risc… │ │               
                    │ │                    [resolved]),                                               │ │               
                    │ │                    │   'CURV_BOARDS_DIR':                                     │ │               
                    │ │                    CurvConfigPath(/home/mwg/ecp5-first-steps/my-designs/risc… │ │               
                    │ │                    [resolved]),                                               │ │               
                    │ │                    │   'CURV_RISCV_DIR':                                      │ │               
                    │ │                    CurvConfigPath(/home/mwg/ecp5-first-steps/my-designs/risc… │ │               
                    │ │                    [resolved]),                                               │ │               
                    │ │                    │   'CURV_COMMON_DIR':                                     │ │               
                    │ │                    CurvConfigPath(/home/mwg/ecp5-first-steps/my-designs/comm… │ │               
                    │ │                    [resolved]),                                               │ │               
                    │ │                    │   'CURV_FIRMWARE_DIR':                                   │ │               
                    │ │                    CurvConfigPath(/home/mwg/ecp5-first-steps/my-designs/risc… │ │               
                    │ │                    [resolved]),                                               │ │               
                    │ │                    │   'CURV_CONFIG_SCHEMA_DIR':                              │ │               
                    │ │                    CurvConfigPath(/home/mwg/ecp5-first-steps/my-designs/risc… │ │               
                    │ │                    [resolved]),                                               │ │               
                    │ │                    │   'CURV_CONFIG_PROFILES_DIR':                            │ │               
                    │ │                    CurvConfigPath(/home/mwg/ecp5-first-steps/my-designs/risc… │ │               
                    │ │                    [resolved]),                                               │ │               
                    │ │                    │   'CURV_CONFIG_PROFILE_OVERLAYS_DIR':                    │ │               
                    │ │                    CurvConfigPath(/home/mwg/ecp5-first-steps/my-designs/risc… │ │               
                    │ │                    [resolved]),                                               │ │               
                    │ │                    │   'CURV_CONFIG_MEMMAP_DIR':                              │ │               
                    │ │                    CurvConfigPath(/home/mwg/ecp5-first-steps/my-designs/risc… │ │               
                    │ │                    [resolved]),                                               │ │               
                    │ │                    │   ... +33                                                │ │               
                    │ │                    }                                                          │ │               
                    │ │        new_value = CurvConfigPath(/home/mwg/ecp5-first-steps/my-designs/risc… │ │               
                    │ │                    [resolved])                                                │ │               
                    │ │ replacement_vals = {                                                          │ │               
                    │ │                    │   'PROFILE': None,                                       │ │               
                    │ │                    │   'BOARD': None,                                         │ │               
                    │ │                    │   'BUILD_DIR':                                           │ │               
                    │ │                    '/home/mwg/ecp5-first-steps/my-designs/riscv-soc/riscv/tb… │ │               
                    │ │                    │   'CURV_ROOT_DIR':                                       │ │               
                    │ │                    '/home/mwg/ecp5-first-steps/my-designs/riscv-soc'          │ │               
                    │ │                    }                                                          │ │               
                    │ │             self = {}                                                         │ │               
                    │ │                v = '$(BUILD_DIR)/fw/bootrom/hex-files/bootrom.hex'            │ │               
                    │ ╰───────────────────────────────────────────────────────────────────────────────╯ │               
                    │                                                                                   │               
                    │ /home/mwg/curv/mikegoelzer/tree-maker/src/term_tree_maker/term_tree_maker.py:573  │               
                    │ in update                                                                         │               
                    │                                                                                   │               
                    │    570 │   │   │   self.curv_root_dir = CURV_ROOT_DIR                             │               
                    │    571 │   │   if cfgvalues is not None:                                          │               
                    │    572 │   │   │   self.cfgvalues = cfgvalues                                     │               
                    │ ❱  573 │   │   self._refresh_from_path_env_file()                                 │               
                    │    574                                                                            │               
                    │    575 def make_data_from_path_env(                                               │               
                    │    576 │   max_comment_line_width: int,                                           │               
                    │                                                                                   │               
                    │ ╭─────────────────────────────────── locals ────────────────────────────────────╮ │               
                    │ │         BOARD = None                                                          │ │               
                    │ │     BUILD_DIR = None                                                          │ │               
                    │ │     cfgvalues = None                                                          │ │               
                    │ │ CURV_ROOT_DIR = None                                                          │ │               
                    │ │       PROFILE = {                                                             │ │               
                    │ │                 │   'CURV_REPO_DIR':                                          │ │               
                    │ │                 CurvConfigPath(/home/mwg/ecp5-first-steps [resolved]),        │ │               
                    │ │                 │   'CURV_CONFIG_DIR':                                        │ │               
                    │ │                 CurvConfigPath(/home/mwg/ecp5-first-steps/my-designs/riscv-s… │ │               
                    │ │                 [resolved]),                                                  │ │               
                    │ │                 │   'CURV_BOARDS_DIR':                                        │ │               
                    │ │                 CurvConfigPath(/home/mwg/ecp5-first-steps/my-designs/riscv-s… │ │               
                    │ │                 [resolved]),                                                  │ │               
                    │ │                 │   'CURV_RISCV_DIR':                                         │ │               
                    │ │                 CurvConfigPath(/home/mwg/ecp5-first-steps/my-designs/riscv-s… │ │               
                    │ │                 [resolved]),                                                  │ │               
                    │ │                 │   'CURV_COMMON_DIR':                                        │ │               
                    │ │                 CurvConfigPath(/home/mwg/ecp5-first-steps/my-designs/common   │ │               
                    │ │                 [resolved]),                                                  │ │               
                    │ │                 │   'CURV_FIRMWARE_DIR':                                      │ │               
                    │ │                 CurvConfigPath(/home/mwg/ecp5-first-steps/my-designs/riscv-s… │ │               
                    │ │                 [resolved]),                                                  │ │               
                    │ │                 │   'CURV_CONFIG_SCHEMA_DIR':                                 │ │               
                    │ │                 CurvConfigPath(/home/mwg/ecp5-first-steps/my-designs/riscv-s… │ │               
                    │ │                 [resolved]),                                                  │ │               
                    │ │                 │   'CURV_CONFIG_PROFILES_DIR':                               │ │               
                    │ │                 CurvConfigPath(/home/mwg/ecp5-first-steps/my-designs/riscv-s… │ │               
                    │ │                 [resolved]),                                                  │ │               
                    │ │                 │   'CURV_CONFIG_PROFILE_OVERLAYS_DIR':                       │ │               
                    │ │                 CurvConfigPath(/home/mwg/ecp5-first-steps/my-designs/riscv-s… │ │               
                    │ │                 [resolved]),                                                  │ │               
                    │ │                 │   'CURV_CONFIG_MEMMAP_DIR':                                 │ │               
                    │ │                 CurvConfigPath(/home/mwg/ecp5-first-steps/my-designs/riscv-s… │ │               
                    │ │                 [resolved]),                                                  │ │               
                    │ │                 │   ... +33                                                   │ │               
                    │ │                 }                                                             │ │               
                    │ │          self = {}                                                            │ │               
                    │ ╰───────────────────────────────────────────────────────────────────────────────╯ │               
                    │                                                                                   │               
                    │ /home/mwg/curv/mikegoelzer/tree-maker/src/term_tree_maker/term_tree_maker.py:550  │               
                    │ in _refresh_from_path_env_file                                                    │               
                    │                                                                                   │               
                    │    547 │   │   │   │   replacement_vals[k] = str(v)                               │               
                    │    548 │   │   new_env_values: dict[str, CurvConfigPath] = {}                     │               
                    │    549 │   │   for k, v in env_values.items():                                    │               
                    │ ❱  550 │   │   │   new_value = CurvConfigPath(                                    │               
                    │    551 │   │   │   │   v,                                                         │               
                    │    552 │   │   │   │   PROFILE=self.profile,                                      │               
                    │    553 │   │   │   │   BOARD=self.board,                                          │               
                    │                                                                                   │               
                    │ ╭─────────────────────────────────── locals ────────────────────────────────────╮ │               
                    │ │       env_values = OrderedDict([('CURV_REPO_DIR',                             │ │               
                    │ │                    '/home/mwg/ecp5-first-steps/my-designs/riscv-soc/../..'),  │ │               
                    │ │                    ('CURV_CONFIG_DIR',                                        │ │               
                    │ │                    '/home/mwg/ecp5-first-steps/my-designs/riscv-soc/config'), │ │               
                    │ │                    ('CURV_BOARDS_DIR',                                        │ │               
                    │ │                    '/home/mwg/ecp5-first-steps/my-designs/riscv-soc/boards'), │ │               
                    │ │                    ('CURV_RISCV_DIR',                                         │ │               
                    │ │                    '/home/mwg/ecp5-first-steps/my-designs/riscv-soc/riscv'),  │ │               
                    │ │                    ('CURV_COMMON_DIR',                                        │ │               
                    │ │                    '/home/mwg/ecp5-first-steps/my-designs/riscv-soc/../commo… │ │               
                    │ │                    ('CURV_FIRMWARE_DIR',                                      │ │               
                    │ │                    '/home/mwg/ecp5-first-steps/my-designs/riscv-soc/riscv/fi… │ │               
                    │ │                    ('CURV_CONFIG_SCHEMA_DIR',                                 │ │               
                    │ │                    '/home/mwg/ecp5-first-steps/my-designs/riscv-soc/config/s… │ │               
                    │ │                    ('CURV_CONFIG_PROFILES_DIR',                               │ │               
                    │ │                    '/home/mwg/ecp5-first-steps/my-designs/riscv-soc/config/p… │ │               
                    │ │                    ('CURV_CONFIG_PROFILE_OVERLAYS_DIR',                       │ │               
                    │ │                    '/home/mwg/ecp5-first-steps/my-designs/riscv-soc/config/p… │ │               
                    │ │                    ('CURV_CONFIG_MEMMAP_DIR',                                 │ │               
                    │ │                    '/home/mwg/ecp5-first-steps/my-designs/riscv-soc/config/m… │ │               
                    │ │                    ('CURV_CONFIG_DEVICES_DIR',                                │ │               
                    │ │                    '/home/mwg/ecp5-first-steps/my-designs/riscv-soc/boards/$… │ │               
                    │ │                    ('DEFAULT_PROFILE_TOML_PATH',                              │ │               
                    │ │                    '/home/mwg/ecp5-first-steps/my-designs/riscv-soc/config/p… │ │               
                    │ │                    ('DEFAULT_TB_OVERLAY_TOML_PATH',                           │ │               
                    │ │                    '/home/mwg/ecp5-first-steps/my-designs/riscv-soc/config/p… │ │               
                    │ │                    ('DEFAULT_SCHEMA_TOML_PATH',                               │ │               
                    │ │                    '/home/mwg/ecp5-first-steps/my-designs/riscv-soc/config/s… │ │               
                    │ │                    ('DEFAULT_TB_SCHEMA_TOML_PATH',                            │ │               
                    │ │                    '/home/mwg/ecp5-first-steps/my-designs/riscv-soc/config/s… │ │               
                    │ │                    ('BUILD_CACHE_PREFILL_INPUT_DIR',                          │ │               
                    │ │                    '/home/mwg/ecp5-first-steps/my-designs/riscv-soc/riscv/fi… │ │               
                    │ │                    ('BUILD_GENERATED_DIR', '$(BUILD_DIR)/generated'),         │ │               
                    │ │                    ('BUILD_FIRMWARE_DIR', '$(BUILD_DIR)/fw'),                 │ │               
                    │ │                    ('BUILD_FW_CACHE_PREFILLS_DIR',                            │ │               
                    │ │                    '$(BUILD_DIR)/fw/cache-prefills'),                         │ │               
                    │ │                    ('BUILD_FW_CACHE_PREFILLS_BIN_DIR',                        │ │               
                    │ │                    '$(BUILD_DIR)/fw/cache-prefills/build'),                   │ │               
                    │ │                    ('BUILD_CACHE_OUTPUT_HEX_FILES_ROOT_DIR',                  │ │               
                    │ │                    '$(BUILD_DIR)/fw/cache-prefills/$(CFG_CACHE_HEX_FILES_SRC… │ │               
                    │ │                    ('BUILD_DCACHE_DIR',                                       │ │               
                    │ │                    '$(BUILD_DIR)/fw/cache-prefills/$(CFG_CACHE_HEX_FILES_SRC… │ │               
                    │ │                    ('BUILD_DCACHE_CACHELINES_DIR',                            │ │               
                    │ │                    '$(BUILD_DIR)/fw/cache-prefills/$(CFG_CACHE_HEX_FILES_SRC… │ │               
                    │ │                    ('BUILD_DCACHE_TAGRAM_DIR',                                │ │               
                    │ │                    '$(BUILD_DIR)/fw/cache-prefills/$(CFG_CACHE_HEX_FILES_SRC… │ │               
                    │ │                    ('BUILD_ICACHE_DIR',                                       │ │               
                    │ │                    '$(BUILD_DIR)/fw/cache-prefills/$(CFG_CACHE_HEX_FILES_SRC… │ │               
                    │ │                    ('BUILD_ICACHE_CACHELINES_DIR',                            │ │               
                    │ │                    '$(BUILD_DIR)/fw/cache-prefills/$(CFG_CACHE_HEX_FILES_SRC… │ │               
                    │ │                    ('BUILD_ICACHE_TAGRAM_DIR',                                │ │               
                    │ │                    '$(BUILD_DIR)/fw/cache-prefills/$(CFG_CACHE_HEX_FILES_SRC… │ │               
                    │ │                    ('BUILD_FW_BOOTROM_DIR', '$(BUILD_DIR)/fw/bootrom/build'), │ │               
                    │ │                    ('BUILD_BOOTROM_HEX_FILES_DIR',                            │ │               
                    │ │                    '$(BUILD_DIR)/fw/bootrom/hex-files'),                      │ │               
                    │ │                    ('DEFAULT_MERGED_TOML_NAME',                               │ │               
                    │ │                    '$(BUILD_DIR)/generated/config/merged.toml'),              │ │               
                    │ │                    ('DEFAULT_DEP_FILE_NAME',                                  │ │               
                    │ │                    '$(BUILD_DIR)/generated/make/config.mk.d'), ('CONFIG_MK',  │ │               
                    │ │                    '$(BUILD_DIR)/generated/make/curv.mk'), ('CONFIG_SVPKG',   │ │               
                    │ │                    '$(BUILD_DIR)/generated/hdl/curvcfgpkg.sv'),               │ │               
                    │ │                    ('CONFIG_SVH', '$(BUILD_DIR)/generated/hdl/curvcfg.svh'),  │ │               
                    │ │                    ('MEMMAP_SV', '$(BUILD_DIR)/generated/hdl/curvcfg.svh'),   │ │               
                    │ │                    ('MEMMAP_MD',                                              │ │               
                    │ │                    '$(BUILD_DIR)/generated/docs/MEMORY_MAP.md'),              │ │               
                    │ │                    ('CONFIG_ENV', '$(BUILD_DIR)/generated/shell/curv.env'),   │ │               
                    │ │                    ('BUILD_CACHE_PREFILL_HEX_HDR_FILE',                       │ │               
                    │ │                    '$(BUILD_DIR)/fw/cache-prefills/build/cache_hex_files_pat… │ │               
                    │ │                    ('BUILD_SRC_ICACHE_HEX_FILE',                              │ │               
                    │ │                    '$(BUILD_DIR)/fw/cache-prefills/build/text-section.hex'),  │ │               
                    │ │                    ('BUILD_SRC_DCACHE_HEX_FILE',                              │ │               
                    │ │                    '$(BUILD_DIR)/fw/cache-prefills/build/data-section.hex'),  │ │               
                    │ │                    ('BUILD_WISHBONE_HEX_FILE',                                │ │               
                    │ │                    '$(BUILD_DIR)/fw/cache-prefills/build/icache_dcache.hex'), │ │               
                    │ │                    ('BUILD_CACHE_README_FILE',                                │ │               
                    │ │                    '$(BUILD_DIR)/fw/cache-prefills/build/cache_readme.txt'),  │ │               
                    │ │                    ('BUILD_BOOTROM_HEX_FILES',                                │ │               
                    │ │                    '$(BUILD_DIR)/fw/bootrom/hex-files/bootrom.hex')])         │ │               
                    │ │                k = 'DEFAULT_PROFILE_TOML_PATH'                                │ │               
                    │ │   new_env_values = {                                                          │ │               
                    │ │                    │   'CURV_REPO_DIR':                                       │ │               
                    │ │                    CurvConfigPath(/home/mwg/ecp5-first-steps [resolved]),     │ │               
                    │ │                    │   'CURV_CONFIG_DIR':                                     │ │               
                    │ │                    CurvConfigPath(/home/mwg/ecp5-first-steps/my-designs/risc… │ │               
                    │ │                    [resolved]),                                               │ │               
                    │ │                    │   'CURV_BOARDS_DIR':                                     │ │               
                    │ │                    CurvConfigPath(/home/mwg/ecp5-first-steps/my-designs/risc… │ │               
                    │ │                    [resolved]),                                               │ │               
                    │ │                    │   'CURV_RISCV_DIR':                                      │ │               
                    │ │                    CurvConfigPath(/home/mwg/ecp5-first-steps/my-designs/risc… │ │               
                    │ │                    [resolved]),                                               │ │               
                    │ │                    │   'CURV_COMMON_DIR':                                     │ │               
                    │ │                    CurvConfigPath(/home/mwg/ecp5-first-steps/my-designs/comm… │ │               
                    │ │                    [resolved]),                                               │ │               
                    │ │                    │   'CURV_FIRMWARE_DIR':                                   │ │               
                    │ │                    CurvConfigPath(/home/mwg/ecp5-first-steps/my-designs/risc… │ │               
                    │ │                    [resolved]),                                               │ │               
                    │ │                    │   'CURV_CONFIG_SCHEMA_DIR':                              │ │               
                    │ │                    CurvConfigPath(/home/mwg/ecp5-first-steps/my-designs/risc… │ │               
                    │ │                    [resolved]),                                               │ │               
                    │ │                    │   'CURV_CONFIG_PROFILES_DIR':                            │ │               
                    │ │                    CurvConfigPath(/home/mwg/ecp5-first-steps/my-designs/risc… │ │               
                    │ │                    [resolved]),                                               │ │               
                    │ │                    │   'CURV_CONFIG_PROFILE_OVERLAYS_DIR':                    │ │               
                    │ │                    CurvConfigPath(/home/mwg/ecp5-first-steps/my-designs/risc… │ │               
                    │ │                    [resolved]),                                               │ │               
                    │ │                    │   'CURV_CONFIG_MEMMAP_DIR':                              │ │               
                    │ │                    CurvConfigPath(/home/mwg/ecp5-first-steps/my-designs/risc… │ │               
                    │ │                    [resolved]),                                               │ │               
                    │ │                    │   ... +1                                                 │ │               
                    │ │                    }                                                          │ │               
                    │ │        new_value = CurvConfigPath(/home/mwg/ecp5-first-steps/my-designs/risc… │ │               
                    │ │                    [unresolved])                                              │ │               
                    │ │ replacement_vals = {                                                          │ │               
                    │ │                    │   'PROFILE': {                                           │ │               
                    │ │                    │   │   'CURV_REPO_DIR':                                   │ │               
                    │ │                    CurvConfigPath(/home/mwg/ecp5-first-steps [resolved]),     │ │               
                    │ │                    │   │   'CURV_CONFIG_DIR':                                 │ │               
                    │ │                    CurvConfigPath(/home/mwg/ecp5-first-steps/my-designs/risc… │ │               
                    │ │                    [resolved]),                                               │ │               
                    │ │                    │   │   'CURV_BOARDS_DIR':                                 │ │               
                    │ │                    CurvConfigPath(/home/mwg/ecp5-first-steps/my-designs/risc… │ │               
                    │ │                    [resolved]),                                               │ │               
                    │ │                    │   │   'CURV_RISCV_DIR':                                  │ │               
                    │ │                    CurvConfigPath(/home/mwg/ecp5-first-steps/my-designs/risc… │ │               
                    │ │                    [resolved]),                                               │ │               
                    │ │                    │   │   'CURV_COMMON_DIR':                                 │ │               
                    │ │                    CurvConfigPath(/home/mwg/ecp5-first-steps/my-designs/comm… │ │               
                    │ │                    [resolved]),                                               │ │               
                    │ │                    │   │   'CURV_FIRMWARE_DIR':                               │ │               
                    │ │                    CurvConfigPath(/home/mwg/ecp5-first-steps/my-designs/risc… │ │               
                    │ │                    [resolved]),                                               │ │               
                    │ │                    │   │   'CURV_CONFIG_SCHEMA_DIR':                          │ │               
                    │ │                    CurvConfigPath(/home/mwg/ecp5-first-steps/my-designs/risc… │ │               
                    │ │                    [resolved]),                                               │ │               
                    │ │                    │   │   'CURV_CONFIG_PROFILES_DIR':                        │ │               
                    │ │                    CurvConfigPath(/home/mwg/ecp5-first-steps/my-designs/risc… │ │               
                    │ │                    [resolved]),                                               │ │               
                    │ │                    │   │   'CURV_CONFIG_PROFILE_OVERLAYS_DIR':                │ │               
                    │ │                    CurvConfigPath(/home/mwg/ecp5-first-steps/my-designs/risc… │ │               
                    │ │                    [resolved]),                                               │ │               
                    │ │                    │   │   'CURV_CONFIG_MEMMAP_DIR':                          │ │               
                    │ │                    CurvConfigPath(/home/mwg/ecp5-first-steps/my-designs/risc… │ │               
                    │ │                    [resolved]),                                               │ │               
                    │ │                    │   │   ... +33                                            │ │               
                    │ │                    │   },                                                     │ │               
                    │ │                    │   'BOARD': None,                                         │ │               
                    │ │                    │   'BUILD_DIR':                                           │ │               
                    │ │                    '/home/mwg/ecp5-first-steps/my-designs/riscv-soc/riscv/tb… │ │               
                    │ │                    │   'CURV_ROOT_DIR':                                       │ │               
                    │ │                    '/home/mwg/ecp5-first-steps/my-designs/riscv-soc'          │ │               
                    │ │                    }                                                          │ │               
                    │ │             self = {}                                                         │ │               
                    │ │                v = '/home/mwg/ecp5-first-steps/my-designs/riscv-soc/config/p… │ │               
                    │ ╰───────────────────────────────────────────────────────────────────────────────╯ │               
                    │                                                                                   │               
                    │ /home/mwg/curv/mikegoelzer/tree-maker/src/term_tree_maker/term_tree_maker.py:491  │               
                    │ in __init__                                                                       │               
                    │                                                                                   │               
                    │    488 │   │   self.build_dir = BUILD_DIR                                         │               
                    │    489 │   │   self.curv_root_dir = CURV_ROOT_DIR                                 │               
                    │    490 │   │   self.cfgvalues = cfgvalues                                         │               
                    │ ❱  491 │   │   self._run_var_replacement()                                        │               
                    │    492 │                                                                          │               
                    │    493 │   def is_fully_resolved(self) -> bool:                                   │               
                    │    494 │   │   return len(_match_vars(self.path_str)) == 0                        │               
                    │                                                                                   │               
                    │ ╭─────────────────────────────────── locals ────────────────────────────────────╮ │               
                    │ │         BOARD = None                                                          │ │               
                    │ │     BUILD_DIR = '/home/mwg/ecp5-first-steps/my-designs/riscv-soc/riscv/tb/ve… │ │               
                    │ │     cfgvalues = None                                                          │ │               
                    │ │ CURV_ROOT_DIR = '/home/mwg/ecp5-first-steps/my-designs/riscv-soc'             │ │               
                    │ │          path = '/home/mwg/ecp5-first-steps/my-designs/riscv-soc/config/prof… │ │               
                    │ │       PROFILE = {                                                             │ │               
                    │ │                 │   'CURV_REPO_DIR':                                          │ │               
                    │ │                 CurvConfigPath(/home/mwg/ecp5-first-steps [resolved]),        │ │               
                    │ │                 │   'CURV_CONFIG_DIR':                                        │ │               
                    │ │                 CurvConfigPath(/home/mwg/ecp5-first-steps/my-designs/riscv-s… │ │               
                    │ │                 [resolved]),                                                  │ │               
                    │ │                 │   'CURV_BOARDS_DIR':                                        │ │               
                    │ │                 CurvConfigPath(/home/mwg/ecp5-first-steps/my-designs/riscv-s… │ │               
                    │ │                 [resolved]),                                                  │ │               
                    │ │                 │   'CURV_RISCV_DIR':                                         │ │               
                    │ │                 CurvConfigPath(/home/mwg/ecp5-first-steps/my-designs/riscv-s… │ │               
                    │ │                 [resolved]),                                                  │ │               
                    │ │                 │   'CURV_COMMON_DIR':                                        │ │               
                    │ │                 CurvConfigPath(/home/mwg/ecp5-first-steps/my-designs/common   │ │               
                    │ │                 [resolved]),                                                  │ │               
                    │ │                 │   'CURV_FIRMWARE_DIR':                                      │ │               
                    │ │                 CurvConfigPath(/home/mwg/ecp5-first-steps/my-designs/riscv-s… │ │               
                    │ │                 [resolved]),                                                  │ │               
                    │ │                 │   'CURV_CONFIG_SCHEMA_DIR':                                 │ │               
                    │ │                 CurvConfigPath(/home/mwg/ecp5-first-steps/my-designs/riscv-s… │ │               
                    │ │                 [resolved]),                                                  │ │               
                    │ │                 │   'CURV_CONFIG_PROFILES_DIR':                               │ │               
                    │ │                 CurvConfigPath(/home/mwg/ecp5-first-steps/my-designs/riscv-s… │ │               
                    │ │                 [resolved]),                                                  │ │               
                    │ │                 │   'CURV_CONFIG_PROFILE_OVERLAYS_DIR':                       │ │               
                    │ │                 CurvConfigPath(/home/mwg/ecp5-first-steps/my-designs/riscv-s… │ │               
                    │ │                 [resolved]),                                                  │ │               
                    │ │                 │   'CURV_CONFIG_MEMMAP_DIR':                                 │ │               
                    │ │                 CurvConfigPath(/home/mwg/ecp5-first-steps/my-designs/riscv-s… │ │               
                    │ │                 [resolved]),                                                  │ │               
                    │ │                 │   ... +33                                                   │ │               
                    │ │                 }                                                             │ │               
                    │ │          self = CurvConfigPath(/home/mwg/ecp5-first-steps/my-designs/riscv-s… │ │               
                    │ │                 [unresolved])                                                 │ │               
                    │ ╰───────────────────────────────────────────────────────────────────────────────╯ │               
                    │                                                                                   │               
                    │ /home/mwg/curv/mikegoelzer/tree-maker/src/term_tree_maker/term_tree_maker.py:519  │               
                    │ in _run_var_replacement                                                           │               
                    │                                                                                   │               
                    │    516 │   │   if self.cfgvalues is not None:                                     │               
                    │    517 │   │   │   for k, v in self.cfgvalues.items():                            │               
                    │    518 │   │   │   │   replacement_vals[k] = str(v)                               │               
                    │ ❱  519 │   │   self.path_str = _replace_vars(self.path_str, replacement_vals)     │               
                    │    520                                                                            │               
                    │    521 class CurvConfigPathEnv(dict[str, CurvConfigPath]):                        │               
                    │    522 │   def __init__(self, env_file: str, PROFILE: str = None, BOARD: str = No │               
                    │        None):                                                                     │               
                    │                                                                                   │               
                    │ ╭─────────────────────────────────── locals ────────────────────────────────────╮ │               
                    │ │ replacement_vals = {                                                          │ │               
                    │ │                    │   'PROFILE': {                                           │ │               
                    │ │                    │   │   'CURV_REPO_DIR':                                   │ │               
                    │ │                    CurvConfigPath(/home/mwg/ecp5-first-steps [resolved]),     │ │               
                    │ │                    │   │   'CURV_CONFIG_DIR':                                 │ │               
                    │ │                    CurvConfigPath(/home/mwg/ecp5-first-steps/my-designs/risc… │ │               
                    │ │                    [resolved]),                                               │ │               
                    │ │                    │   │   'CURV_BOARDS_DIR':                                 │ │               
                    │ │                    CurvConfigPath(/home/mwg/ecp5-first-steps/my-designs/risc… │ │               
                    │ │                    [resolved]),                                               │ │               
                    │ │                    │   │   'CURV_RISCV_DIR':                                  │ │               
                    │ │                    CurvConfigPath(/home/mwg/ecp5-first-steps/my-designs/risc… │ │               
                    │ │                    [resolved]),                                               │ │               
                    │ │                    │   │   'CURV_COMMON_DIR':                                 │ │               
                    │ │                    CurvConfigPath(/home/mwg/ecp5-first-steps/my-designs/comm… │ │               
                    │ │                    [resolved]),                                               │ │               
                    │ │                    │   │   'CURV_FIRMWARE_DIR':                               │ │               
                    │ │                    CurvConfigPath(/home/mwg/ecp5-first-steps/my-designs/risc… │ │               
                    │ │                    [resolved]),                                               │ │               
                    │ │                    │   │   'CURV_CONFIG_SCHEMA_DIR':                          │ │               
                    │ │                    CurvConfigPath(/home/mwg/ecp5-first-steps/my-designs/risc… │ │               
                    │ │                    [resolved]),                                               │ │               
                    │ │                    │   │   'CURV_CONFIG_PROFILES_DIR':                        │ │               
                    │ │                    CurvConfigPath(/home/mwg/ecp5-first-steps/my-designs/risc… │ │               
                    │ │                    [resolved]),                                               │ │               
                    │ │                    │   │   'CURV_CONFIG_PROFILE_OVERLAYS_DIR':                │ │               
                    │ │                    CurvConfigPath(/home/mwg/ecp5-first-steps/my-designs/risc… │ │               
                    │ │                    [resolved]),                                               │ │               
                    │ │                    │   │   'CURV_CONFIG_MEMMAP_DIR':                          │ │               
                    │ │                    CurvConfigPath(/home/mwg/ecp5-first-steps/my-designs/risc… │ │               
                    │ │                    [resolved]),                                               │ │               
                    │ │                    │   │   ... +33                                            │ │               
                    │ │                    │   },                                                     │ │               
                    │ │                    │   'BOARD': None,                                         │ │               
                    │ │                    │   'BUILD_DIR':                                           │ │               
                    │ │                    '/home/mwg/ecp5-first-steps/my-designs/riscv-soc/riscv/tb… │ │               
                    │ │                    │   'CURV_ROOT_DIR':                                       │ │               
                    │ │                    '/home/mwg/ecp5-first-steps/my-designs/riscv-soc'          │ │               
                    │ │                    }                                                          │ │               
                    │ │             self = CurvConfigPath(/home/mwg/ecp5-first-steps/my-designs/risc… │ │               
                    │ │                    [unresolved])                                              │ │               
                    │ ╰───────────────────────────────────────────────────────────────────────────────╯ │               
                    │                                                                                   │               
                    │ /home/mwg/curv/mikegoelzer/tree-maker/src/term_tree_maker/term_tree_maker.py:452  │               
                    │ in _replace_vars                                                                  │               
                    │                                                                                   │               
                    │    449 │   pos_delta = 0                                                          │               
                    │    450 │   for var_name, (start, end), match in vars_spans:                       │               
                    │    451 │   │   if vars is not None and var_name in vars and vars[var_name] is not │               
                    │ ❱  452 │   │   │   s = s[:start + pos_delta] + vars[var_name] + s[end + pos_delta │               
                    │    453 │   │   │   pos_delta += len(vars[var_name]) - len(match)                  │               
                    │    454 │   return s                                                               │               
                    │    455                                                                            │               
                    │                                                                                   │               
                    │ ╭─────────────────────────────────── locals ────────────────────────────────────╮ │               
                    │ │        end = 74                                                               │ │               
                    │ │      match = '$(PROFILE)'                                                     │ │               
                    │ │  pos_delta = 0                                                                │ │               
                    │ │          s = '/home/mwg/ecp5-first-steps/my-designs/riscv-soc/config/profile… │ │               
                    │ │      start = 64                                                               │ │               
                    │ │   var_name = 'PROFILE'                                                        │ │               
                    │ │       vars = {                                                                │ │               
                    │ │              │   'PROFILE': {                                                 │ │               
                    │ │              │   │   'CURV_REPO_DIR':                                         │ │               
                    │ │              CurvConfigPath(/home/mwg/ecp5-first-steps [resolved]),           │ │               
                    │ │              │   │   'CURV_CONFIG_DIR':                                       │ │               
                    │ │              CurvConfigPath(/home/mwg/ecp5-first-steps/my-designs/riscv-soc/… │ │               
                    │ │              [resolved]),                                                     │ │               
                    │ │              │   │   'CURV_BOARDS_DIR':                                       │ │               
                    │ │              CurvConfigPath(/home/mwg/ecp5-first-steps/my-designs/riscv-soc/… │ │               
                    │ │              [resolved]),                                                     │ │               
                    │ │              │   │   'CURV_RISCV_DIR':                                        │ │               
                    │ │              CurvConfigPath(/home/mwg/ecp5-first-steps/my-designs/riscv-soc/… │ │               
                    │ │              [resolved]),                                                     │ │               
                    │ │              │   │   'CURV_COMMON_DIR':                                       │ │               
                    │ │              CurvConfigPath(/home/mwg/ecp5-first-steps/my-designs/common      │ │               
                    │ │              [resolved]),                                                     │ │               
                    │ │              │   │   'CURV_FIRMWARE_DIR':                                     │ │               
                    │ │              CurvConfigPath(/home/mwg/ecp5-first-steps/my-designs/riscv-soc/… │ │               
                    │ │              [resolved]),                                                     │ │               
                    │ │              │   │   'CURV_CONFIG_SCHEMA_DIR':                                │ │               
                    │ │              CurvConfigPath(/home/mwg/ecp5-first-steps/my-designs/riscv-soc/… │ │               
                    │ │              [resolved]),                                                     │ │               
                    │ │              │   │   'CURV_CONFIG_PROFILES_DIR':                              │ │               
                    │ │              CurvConfigPath(/home/mwg/ecp5-first-steps/my-designs/riscv-soc/… │ │               
                    │ │              [resolved]),                                                     │ │               
                    │ │              │   │   'CURV_CONFIG_PROFILE_OVERLAYS_DIR':                      │ │               
                    │ │              CurvConfigPath(/home/mwg/ecp5-first-steps/my-designs/riscv-soc/… │ │               
                    │ │              [resolved]),                                                     │ │               
                    │ │              │   │   'CURV_CONFIG_MEMMAP_DIR':                                │ │               
                    │ │              CurvConfigPath(/home/mwg/ecp5-first-steps/my-designs/riscv-soc/… │ │               
                    │ │              [resolved]),                                                     │ │               
                    │ │              │   │   ... +33                                                  │ │               
                    │ │              │   },                                                           │ │               
                    │ │              │   'BOARD': None,                                               │ │               
                    │ │              │   'BUILD_DIR':                                                 │ │               
                    │ │              '/home/mwg/ecp5-first-steps/my-designs/riscv-soc/riscv/tb/veril… │ │               
                    │ │              │   'CURV_ROOT_DIR':                                             │ │               
                    │ │              '/home/mwg/ecp5-first-steps/my-designs/riscv-soc'                │ │               
                    │ │              }                                                                │ │               
                    │ │ vars_spans = [('PROFILE', (64, 74), '$(PROFILE)')]                            │ │               
                    │ ╰───────────────────────────────────────────────────────────────────────────────╯ │               
                    ╰───────────────────────────────────────────────────────────────────────────────────╯               
                    TypeError: can only concatenate str (not "dict") to str                                             
[04:46:26] INFO     [logger] configured: LoggingLevels(stderr_level=CRITICAL, file_level=DEBUG)            logger.py:171
[04:46:26] INFO     [logger] configured: LoggingLevels(stderr_level=CRITICAL, file_level=DEBUG)            logger.py:171
           INFO     [1;38;5;69m📂 CURV_REPO_DIR/                                                 term_tree_maker.py:1011
                    [0m    # root of curvcpu/curv repository                                                            
           INFO     [94m┗━━ [0m[1;38;5;69m📂 my-designs/                                         term_tree_maker.py:1011
                    [0m                                                                                                 
           INFO     [94m    [0m[94m┣━━ [0m[1;38;5;69m📂 riscv-soc/                               term_tree_maker.py:1011
                    [0m                                                                                                 
           INFO     [94m    [0m[94m┃   [0m[94m┣━━ [0m[1;38;5;69m📂 config/                       term_tree_maker.py:1011
                    [0m    # CURV_CONFIG_DIR                                                                            
           INFO     [94m    [0m[94m┃   [0m[94m┃   [0m[94m┣━━ [0m[1;38;5;69m📂 schema/            term_tree_maker.py:1011
                    [0m    # CURV_CONFIG_SCHEMA_DIR                                                                     
           INFO     [94m    [0m[94m┃   [0m[94m┃   [0m[94m┃   [0m[94m┣━━ [0m[1;38;5;160m📄        term_tree_maker.py:1011
                    schema.toml                                         [0m    #                                        
                    DEFAULT_SCHEMA_TOML_PATH                                                                            
           INFO     [94m    [0m[94m┃   [0m[94m┃   [0m[94m┃   [0m[94m┗━━ [0m[1;38;5;160m📄        term_tree_maker.py:1011
                    tb-extras-schema.toml                               [0m    #                                        
                    DEFAULT_TB_SCHEMA_TOML_PATH                                                                         
           INFO     [94m    [0m[94m┃   [0m[94m┃   [0m[94m┣━━ [0m[1;38;5;69m📂 profiles/          term_tree_maker.py:1011
                    [0m    # CURV_CONFIG_PROFILES_DIR                                                                   
           INFO     [94m    [0m[94m┃   [0m[94m┃   [0m[94m┃   [0m[94m┣━━ [0m[1;38;5;69m📂         term_tree_maker.py:1011
                    overlays/                                           [0m    #                                        
                    CURV_CONFIG_PROFILE_OVERLAYS_DIR                                                                    
           INFO     [94m    [0m[94m┃   [0m[94m┃   [0m[94m┃   [0m[94m┃   [0m[94m┗━━               term_tree_maker.py:1011
                    [0m[1;38;5;160m📄 tb.toml                                         [0m    #                          
                    DEFAULT_TB_OVERLAY_TOML_PATH                                                                        
           INFO     [94m    [0m[94m┃   [0m[94m┃   [0m[94m┃   [0m[94m┗━━ [0m[1;38;5;160m📄        term_tree_maker.py:1011
                    $(PROFILE).toml                                     [0m    #                                        
                    DEFAULT_PROFILE_TOML_PATH                                                                           
           INFO     [94m    [0m[94m┃   [0m[94m┃   [0m[94m┗━━ [0m[1;38;5;160m📄 memmap/           term_tree_maker.py:1011
                    [0m    # CURV_CONFIG_MEMMAP_DIR                                                                     
           INFO     [94m    [0m[94m┃   [0m[94m┣━━ [0m[1;38;5;69m📂 boards/                       term_tree_maker.py:1011
                    [0m    # CURV_BOARDS_DIR                                                                            
           INFO     [94m    [0m[94m┃   [0m[94m┃   [0m[94m┗━━ [0m[1;38;5;69m📂 $(BOARD)/          term_tree_maker.py:1011
                    [0m                                                                                                 
           INFO     [94m    [0m[94m┃   [0m[94m┃   [0m[94m    [0m[94m┗━━ [0m[1;38;5;160m📄        term_tree_maker.py:1011
                    devices/                                            [0m    #                                        
                    CURV_CONFIG_DEVICES_DIR                                                                             
           INFO     [94m    [0m[94m┃   [0m[94m┗━━ [0m[1;38;5;69m📂 riscv/                        term_tree_maker.py:1011
                    [0m    # CURV_RISCV_DIR                                                                             
           INFO     [94m    [0m[94m┃   [0m[94m    [0m[94m┣━━ [0m[1;38;5;69m📂 firmware/          term_tree_maker.py:1011
                    [0m    # CURV_FIRMWARE_DIR                                                                          
           INFO     [94m    [0m[94m┃   [0m[94m    [0m[94m┃   [0m[94m┗━━ [0m[1;38;5;69m📂         term_tree_maker.py:1011
                    cache-prefills/                                     [0m                                             
           INFO     [94m    [0m[94m┃   [0m[94m    [0m[94m┃   [0m[94m    [0m[94m┗━━               term_tree_maker.py:1011
                    [0m[1;38;5;160m📄 $(CFG_CACHE_HEX_FILES_SRC_NAME)/                [0m    #                          
                    BUILD_CACHE_PREFILL_INPUT_DIR                                                                       
           INFO     [94m    [0m[94m┃   [0m[94m    [0m[94m┗━━ [0m[1;38;5;69m📂 tb/                term_tree_maker.py:1011
                    [0m                                                                                                 
           INFO     [94m    [0m[94m┃   [0m[94m    [0m[94m    [0m[94m┗━━ [0m[1;38;5;69m📂         term_tree_maker.py:1011
                    verilator/                                          [0m                                             
           INFO     [94m    [0m[94m┃   [0m[94m    [0m[94m    [0m[94m    [0m[94m┗━━               term_tree_maker.py:1011
                    [0m[1;38;5;69m📂 riscvcpu/                                       [0m                                
           INFO     [94m    [0m[94m┃   [0m[94m    [0m[94m    [0m[94m    [0m[94m    [0m[94m┗━━    term_tree_maker.py:1011
                    [0m[1;38;5;69m📂 build/                                      [0m                                    
           INFO     [94m    [0m[94m┃   [0m[94m    [0m[94m    [0m[94m    [0m[94m    [0m[94m       term_tree_maker.py:1011
                    [0m[94m┣━━ [0m[1;38;5;69m📂 generated/                              [0m    #                        
                    BUILD_GENERATED_DIR                                                                                 
           INFO     [94m    [0m[94m┃   [0m[94m    [0m[94m    [0m[94m    [0m[94m    [0m[94m       term_tree_maker.py:1011
                    [0m[94m┃   [0m[94m┣━━ [0m[1;38;5;69m📂 config/                                                      
                    [0m                                                                                                 
           INFO     [94m    [0m[94m┃   [0m[94m    [0m[94m    [0m[94m    [0m[94m    [0m[94m       term_tree_maker.py:1011
                    [0m[94m┃   [0m[94m┃   [0m[94m┗━━ [0m[1;38;5;160m📄 merged.toml                                      
                    [0m    # DEFAULT_MERGED_TOML_NAME                                                                   
           INFO     [94m    [0m[94m┃   [0m[94m    [0m[94m    [0m[94m    [0m[94m    [0m[94m       term_tree_maker.py:1011
                    [0m[94m┃   [0m[94m┣━━ [0m[1;38;5;69m📂 make/                                                        
                    [0m                                                                                                 
           INFO     [94m    [0m[94m┃   [0m[94m    [0m[94m    [0m[94m    [0m[94m    [0m[94m       term_tree_maker.py:1011
                    [0m[94m┃   [0m[94m┃   [0m[94m┣━━ [0m[1;38;5;160m📄 config.mk.d                                      
                    [0m    # DEFAULT_DEP_FILE_NAME                                                                      
           INFO     [94m    [0m[94m┃   [0m[94m    [0m[94m    [0m[94m    [0m[94m    [0m[94m       term_tree_maker.py:1011
                    [0m[94m┃   [0m[94m┃   [0m[94m┗━━ [0m[1;38;5;160m📄 curv.mk                                          
                    [0m    # CONFIG_MK                                                                                  
           INFO     [94m    [0m[94m┃   [0m[94m    [0m[94m    [0m[94m    [0m[94m    [0m[94m       term_tree_maker.py:1011
                    [0m[94m┃   [0m[94m┣━━ [0m[1;38;5;69m📂 hdl/                                                         
                    [0m                                                                                                 
           INFO     [94m    [0m[94m┃   [0m[94m    [0m[94m    [0m[94m    [0m[94m    [0m[94m       term_tree_maker.py:1011
                    [0m[94m┃   [0m[94m┃   [0m[94m┣━━ [0m[1;38;5;160m📄 curvcfgpkg.sv                                    
                    [0m    # CONFIG_SVPKG                                                                               
           INFO     [94m    [0m[94m┃   [0m[94m    [0m[94m    [0m[94m    [0m[94m    [0m[94m       term_tree_maker.py:1011
                    [0m[94m┃   [0m[94m┃   [0m[94m┗━━ [0m[1;38;5;160m📄 curvcfg.svh                                      
                    [0m    # CONFIG_SVH                                                                                 
           INFO     [94m    [0m[94m┃   [0m[94m    [0m[94m    [0m[94m    [0m[94m    [0m[94m       term_tree_maker.py:1011
                    [0m[94m┃   [0m[94m┣━━ [0m[1;38;5;69m📂 docs/                                                        
                    [0m                                                                                                 
           INFO     [94m    [0m[94m┃   [0m[94m    [0m[94m    [0m[94m    [0m[94m    [0m[94m       term_tree_maker.py:1011
                    [0m[94m┃   [0m[94m┃   [0m[94m┗━━ [0m[1;38;5;160m📄 MEMORY_MAP.md                                    
                    [0m    # MEMMAP_MD                                                                                  
           INFO     [94m    [0m[94m┃   [0m[94m    [0m[94m    [0m[94m    [0m[94m    [0m[94m       term_tree_maker.py:1011
                    [0m[94m┃   [0m[94m┗━━ [0m[1;38;5;69m📂 shell/                                                       
                    [0m                                                                                                 
           INFO     [94m    [0m[94m┃   [0m[94m    [0m[94m    [0m[94m    [0m[94m    [0m[94m       term_tree_maker.py:1011
                    [0m[94m┃   [0m[94m    [0m[94m┗━━ [0m[1;38;5;160m📄 curv.env                                         
                    [0m    # CONFIG_ENV                                                                                 
           INFO     [94m    [0m[94m┃   [0m[94m    [0m[94m    [0m[94m    [0m[94m    [0m[94m       term_tree_maker.py:1011
                    [0m[94m┗━━ [0m[1;38;5;69m📂 fw/                                     [0m    #                        
                    BUILD_FIRMWARE_DIR                                                                                  
           INFO     [94m    [0m[94m┃   [0m[94m    [0m[94m    [0m[94m    [0m[94m    [0m[94m       term_tree_maker.py:1011
                    [0m[94m    [0m[94m┣━━ [0m[1;38;5;69m📂 cache-prefills/                                              
                    [0m    # BUILD_FW_CACHE_PREFILLS_DIR                                                                
           INFO     [94m    [0m[94m┃   [0m[94m    [0m[94m    [0m[94m    [0m[94m    [0m[94m       term_tree_maker.py:1011
                    [0m[94m    [0m[94m┃   [0m[94m┣━━ [0m[1;38;5;69m📂 build/                                            
                    [0m    # BUILD_FW_CACHE_PREFILLS_BIN_DIR                                                            
           INFO     [94m    [0m[94m┃   [0m[94m    [0m[94m    [0m[94m    [0m[94m    [0m[94m       term_tree_maker.py:1011
                    [0m[94m    [0m[94m┃   [0m[94m┃   [0m[94m┣━━ [0m[1;38;5;160m📄                                       
                    cache_hex_files_paths.svh   [0m    # BUILD_CACHE_PREFILL_HEX_HDR_FILE                               
           INFO     [94m    [0m[94m┃   [0m[94m    [0m[94m    [0m[94m    [0m[94m    [0m[94m       term_tree_maker.py:1011
                    [0m[94m    [0m[94m┃   [0m[94m┃   [0m[94m┣━━ [0m[1;38;5;160m📄                                       
                    text-section.hex            [0m    # BUILD_SRC_ICACHE_HEX_FILE                                      
           INFO     [94m    [0m[94m┃   [0m[94m    [0m[94m    [0m[94m    [0m[94m    [0m[94m       term_tree_maker.py:1011
                    [0m[94m    [0m[94m┃   [0m[94m┃   [0m[94m┣━━ [0m[1;38;5;160m📄                                       
                    data-section.hex            [0m    # BUILD_SRC_DCACHE_HEX_FILE                                      
           INFO     [94m    [0m[94m┃   [0m[94m    [0m[94m    [0m[94m    [0m[94m    [0m[94m       term_tree_maker.py:1011
                    [0m[94m    [0m[94m┃   [0m[94m┃   [0m[94m┣━━ [0m[1;38;5;160m📄                                       
                    icache_dcache.hex           [0m    # BUILD_WISHBONE_HEX_FILE                                        
           INFO     [94m    [0m[94m┃   [0m[94m    [0m[94m    [0m[94m    [0m[94m    [0m[94m       term_tree_maker.py:1011
                    [0m[94m    [0m[94m┃   [0m[94m┃   [0m[94m┗━━ [0m[1;38;5;160m📄                                       
                    cache_readme.txt            [0m    # BUILD_CACHE_README_FILE                                        
           INFO     [94m    [0m[94m┃   [0m[94m    [0m[94m    [0m[94m    [0m[94m    [0m[94m       term_tree_maker.py:1011
                    [0m[94m    [0m[94m┃   [0m[94m┗━━ [0m[1;38;5;69m📂                                                   
                    $(CFG_CACHE_HEX_FILES_SRC_NAME)/[0m    #                                                            
                    BUILD_CACHE_OUTPUT_HEX_FILES_ROOT_DIR                                                               
           INFO     [94m    [0m[94m┃   [0m[94m    [0m[94m    [0m[94m    [0m[94m    [0m[94m       term_tree_maker.py:1011
                    [0m[94m    [0m[94m┃   [0m[94m    [0m[94m┣━━ [0m[1;38;5;69m📂 dcache/                                
                    [0m    # BUILD_DCACHE_DIR                                                                           
           INFO     [94m    [0m[94m┃   [0m[94m    [0m[94m    [0m[94m    [0m[94m    [0m[94m       term_tree_maker.py:1011
                    [0m[94m    [0m[94m┃   [0m[94m    [0m[94m┃   [0m[94m┣━━ [0m[1;38;5;160m📄                            
                    cachelines/             [0m    # BUILD_DCACHE_CACHELINES_DIR                                        
           INFO     [94m    [0m[94m┃   [0m[94m    [0m[94m    [0m[94m    [0m[94m    [0m[94m       term_tree_maker.py:1011
                    [0m[94m    [0m[94m┃   [0m[94m    [0m[94m┃   [0m[94m┗━━ [0m[1;38;5;160m📄                            
                    tagram/                 [0m    # BUILD_DCACHE_TAGRAM_DIR                                            
           INFO     [94m    [0m[94m┃   [0m[94m    [0m[94m    [0m[94m    [0m[94m    [0m[94m       term_tree_maker.py:1011
                    [0m[94m    [0m[94m┃   [0m[94m    [0m[94m┗━━ [0m[1;38;5;69m📂 icache/                                
                    [0m    # BUILD_ICACHE_DIR                                                                           
           INFO     [94m    [0m[94m┃   [0m[94m    [0m[94m    [0m[94m    [0m[94m    [0m[94m       term_tree_maker.py:1011
                    [0m[94m    [0m[94m┃   [0m[94m    [0m[94m    [0m[94m┣━━ [0m[1;38;5;160m📄                            
                    cachelines/             [0m    # BUILD_ICACHE_CACHELINES_DIR                                        
           INFO     [94m    [0m[94m┃   [0m[94m    [0m[94m    [0m[94m    [0m[94m    [0m[94m       term_tree_maker.py:1011
                    [0m[94m    [0m[94m┃   [0m[94m    [0m[94m    [0m[94m┗━━ [0m[1;38;5;160m📄                            
                    tagram/                 [0m    # BUILD_ICACHE_TAGRAM_DIR                                            
           INFO     [94m    [0m[94m┃   [0m[94m    [0m[94m    [0m[94m    [0m[94m    [0m[94m       term_tree_maker.py:1011
                    [0m[94m    [0m[94m┗━━ [0m[1;38;5;69m📂 bootrom/                                                     
                    [0m                                                                                                 
           INFO     [94m    [0m[94m┃   [0m[94m    [0m[94m    [0m[94m    [0m[94m    [0m[94m       term_tree_maker.py:1011
                    [0m[94m    [0m[94m    [0m[94m┗━━ [0m[1;38;5;160m📄 build/                                           
                    [0m    # BUILD_FW_BOOTROM_DIR                                                                       
           INFO     [94m    [0m[94m┃   [0m[94m    [0m[94m    [0m[94m    [0m[94m    [0m[94m       term_tree_maker.py:1011
                    [0m[94m    [0m[94m    [0m[94m┗━━ [0m[1;38;5;69m📂 hex-files/                                        
                    [0m    # BUILD_BOOTROM_HEX_FILES_DIR                                                                
           INFO     [94m    [0m[94m┃   [0m[94m    [0m[94m    [0m[94m    [0m[94m    [0m[94m       term_tree_maker.py:1011
                    [0m[94m    [0m[94m    [0m[94m    [0m[94m┗━━ [0m[1;38;5;160m📄 bootrom.hex                           
                    [0m    # BUILD_BOOTROM_HEX_FILES                                                                    
           INFO     [94m    [0m[94m┗━━ [0m[1;38;5;160m📄 common/                                 term_tree_maker.py:1011
                    [0m    # CURV_COMMON_DIR                                                                            
[04:47:45] INFO     [logger] configured: LoggingLevels(stderr_level=CRITICAL, file_level=DEBUG)            logger.py:171
[04:47:45] INFO     [logger] configured: LoggingLevels(stderr_level=CRITICAL, file_level=DEBUG)            logger.py:171
           INFO     [1;38;5;69m📂 CURV_REPO_DIR/                                                 term_tree_maker.py:1013
                    [0m    # root of curvcpu/curv repository                                                            
           INFO     [94m┗━━ [0m[1;38;5;69m📂 my-designs/                                         term_tree_maker.py:1013
                    [0m                                                                                                 
           INFO     [94m    [0m[94m┣━━ [0m[1;38;5;69m📂 riscv-soc/                               term_tree_maker.py:1013
                    [0m                                                                                                 
           INFO     [94m    [0m[94m┃   [0m[94m┣━━ [0m[1;38;5;69m📂 config/                       term_tree_maker.py:1013
                    [0m    # CURV_CONFIG_DIR                                                                            
           INFO     [94m    [0m[94m┃   [0m[94m┃   [0m[94m┣━━ [0m[1;38;5;69m📂 schema/            term_tree_maker.py:1013
                    [0m    # CURV_CONFIG_SCHEMA_DIR                                                                     
           INFO     [94m    [0m[94m┃   [0m[94m┃   [0m[94m┃   [0m[94m┣━━ [0m[1;38;5;160m📄        term_tree_maker.py:1013
                    schema.toml                                         [0m    #                                        
                    DEFAULT_SCHEMA_TOML_PATH                                                                            
           INFO     [94m    [0m[94m┃   [0m[94m┃   [0m[94m┃   [0m[94m┗━━ [0m[1;38;5;160m📄        term_tree_maker.py:1013
                    tb-extras-schema.toml                               [0m    #                                        
                    DEFAULT_TB_SCHEMA_TOML_PATH                                                                         
           INFO     [94m    [0m[94m┃   [0m[94m┃   [0m[94m┣━━ [0m[1;38;5;69m📂 profiles/          term_tree_maker.py:1013
                    [0m    # CURV_CONFIG_PROFILES_DIR                                                                   
           INFO     [94m    [0m[94m┃   [0m[94m┃   [0m[94m┃   [0m[94m┣━━ [0m[1;38;5;69m📂         term_tree_maker.py:1013
                    overlays/                                           [0m    #                                        
                    CURV_CONFIG_PROFILE_OVERLAYS_DIR                                                                    
           INFO     [94m    [0m[94m┃   [0m[94m┃   [0m[94m┃   [0m[94m┃   [0m[94m┗━━               term_tree_maker.py:1013
                    [0m[1;38;5;160m📄 tb.toml                                         [0m    #                          
                    DEFAULT_TB_OVERLAY_TOML_PATH                                                                        
           INFO     [94m    [0m[94m┃   [0m[94m┃   [0m[94m┃   [0m[94m┗━━ [0m[1;38;5;160m📄        term_tree_maker.py:1013
                    $(PROFILE).toml                                     [0m    #                                        
                    DEFAULT_PROFILE_TOML_PATH                                                                           
           INFO     [94m    [0m[94m┃   [0m[94m┃   [0m[94m┗━━ [0m[1;38;5;160m📄 memmap/           term_tree_maker.py:1013
                    [0m    # CURV_CONFIG_MEMMAP_DIR                                                                     
           INFO     [94m    [0m[94m┃   [0m[94m┣━━ [0m[1;38;5;69m📂 boards/                       term_tree_maker.py:1013
                    [0m    # CURV_BOARDS_DIR                                                                            
           INFO     [94m    [0m[94m┃   [0m[94m┃   [0m[94m┗━━ [0m[1;38;5;69m📂 $(BOARD)/          term_tree_maker.py:1013
                    [0m                                                                                                 
           INFO     [94m    [0m[94m┃   [0m[94m┃   [0m[94m    [0m[94m┗━━ [0m[1;38;5;160m📄        term_tree_maker.py:1013
                    devices/                                            [0m    #                                        
                    CURV_CONFIG_DEVICES_DIR                                                                             
           INFO     [94m    [0m[94m┃   [0m[94m┗━━ [0m[1;38;5;69m📂 riscv/                        term_tree_maker.py:1013
                    [0m    # CURV_RISCV_DIR                                                                             
           INFO     [94m    [0m[94m┃   [0m[94m    [0m[94m┣━━ [0m[1;38;5;69m📂 firmware/          term_tree_maker.py:1013
                    [0m    # CURV_FIRMWARE_DIR                                                                          
           INFO     [94m    [0m[94m┃   [0m[94m    [0m[94m┃   [0m[94m┗━━ [0m[1;38;5;69m📂         term_tree_maker.py:1013
                    cache-prefills/                                     [0m                                             
           INFO     [94m    [0m[94m┃   [0m[94m    [0m[94m┃   [0m[94m    [0m[94m┗━━               term_tree_maker.py:1013
                    [0m[1;38;5;160m📄 $(CFG_CACHE_HEX_FILES_SRC_NAME)/                [0m    #                          
                    BUILD_CACHE_PREFILL_INPUT_DIR                                                                       
           INFO     [94m    [0m[94m┃   [0m[94m    [0m[94m┗━━ [0m[1;38;5;69m📂 tb/                term_tree_maker.py:1013
                    [0m                                                                                                 
           INFO     [94m    [0m[94m┃   [0m[94m    [0m[94m    [0m[94m┗━━ [0m[1;38;5;69m📂         term_tree_maker.py:1013
                    verilator/                                          [0m                                             
           INFO     [94m    [0m[94m┃   [0m[94m    [0m[94m    [0m[94m    [0m[94m┗━━               term_tree_maker.py:1013
                    [0m[1;38;5;69m📂 riscvcpu/                                       [0m                                
           INFO     [94m    [0m[94m┃   [0m[94m    [0m[94m    [0m[94m    [0m[94m    [0m[94m┗━━    term_tree_maker.py:1013
                    [0m[1;38;5;69m📂 build/                                      [0m                                    
           INFO     [94m    [0m[94m┃   [0m[94m    [0m[94m    [0m[94m    [0m[94m    [0m[94m       term_tree_maker.py:1013
                    [0m[94m┣━━ [0m[1;38;5;69m📂 generated/                              [0m    #                        
                    BUILD_GENERATED_DIR                                                                                 
           INFO     [94m    [0m[94m┃   [0m[94m    [0m[94m    [0m[94m    [0m[94m    [0m[94m       term_tree_maker.py:1013
                    [0m[94m┃   [0m[94m┣━━ [0m[1;38;5;69m📂 config/                                                      
                    [0m                                                                                                 
           INFO     [94m    [0m[94m┃   [0m[94m    [0m[94m    [0m[94m    [0m[94m    [0m[94m       term_tree_maker.py:1013
                    [0m[94m┃   [0m[94m┃   [0m[94m┗━━ [0m[1;38;5;160m📄 merged.toml                                      
                    [0m    # DEFAULT_MERGED_TOML_NAME                                                                   
           INFO     [94m    [0m[94m┃   [0m[94m    [0m[94m    [0m[94m    [0m[94m    [0m[94m       term_tree_maker.py:1013
                    [0m[94m┃   [0m[94m┣━━ [0m[1;38;5;69m📂 make/                                                        
                    [0m                                                                                                 
           INFO     [94m    [0m[94m┃   [0m[94m    [0m[94m    [0m[94m    [0m[94m    [0m[94m       term_tree_maker.py:1013
                    [0m[94m┃   [0m[94m┃   [0m[94m┣━━ [0m[1;38;5;160m📄 config.mk.d                                      
                    [0m    # DEFAULT_DEP_FILE_NAME                                                                      
           INFO     [94m    [0m[94m┃   [0m[94m    [0m[94m    [0m[94m    [0m[94m    [0m[94m       term_tree_maker.py:1013
                    [0m[94m┃   [0m[94m┃   [0m[94m┗━━ [0m[1;38;5;160m📄 curv.mk                                          
                    [0m    # CONFIG_MK                                                                                  
           INFO     [94m    [0m[94m┃   [0m[94m    [0m[94m    [0m[94m    [0m[94m    [0m[94m       term_tree_maker.py:1013
                    [0m[94m┃   [0m[94m┣━━ [0m[1;38;5;69m📂 hdl/                                                         
                    [0m                                                                                                 
           INFO     [94m    [0m[94m┃   [0m[94m    [0m[94m    [0m[94m    [0m[94m    [0m[94m       term_tree_maker.py:1013
                    [0m[94m┃   [0m[94m┃   [0m[94m┣━━ [0m[1;38;5;160m📄 curvcfgpkg.sv                                    
                    [0m    # CONFIG_SVPKG                                                                               
           INFO     [94m    [0m[94m┃   [0m[94m    [0m[94m    [0m[94m    [0m[94m    [0m[94m       term_tree_maker.py:1013
                    [0m[94m┃   [0m[94m┃   [0m[94m┗━━ [0m[1;38;5;160m📄 curvcfg.svh                                      
                    [0m    # CONFIG_SVH                                                                                 
           INFO     [94m    [0m[94m┃   [0m[94m    [0m[94m    [0m[94m    [0m[94m    [0m[94m       term_tree_maker.py:1013
                    [0m[94m┃   [0m[94m┣━━ [0m[1;38;5;69m📂 docs/                                                        
                    [0m                                                                                                 
           INFO     [94m    [0m[94m┃   [0m[94m    [0m[94m    [0m[94m    [0m[94m    [0m[94m       term_tree_maker.py:1013
                    [0m[94m┃   [0m[94m┃   [0m[94m┗━━ [0m[1;38;5;160m📄 MEMORY_MAP.md                                    
                    [0m    # MEMMAP_MD                                                                                  
           INFO     [94m    [0m[94m┃   [0m[94m    [0m[94m    [0m[94m    [0m[94m    [0m[94m       term_tree_maker.py:1013
                    [0m[94m┃   [0m[94m┗━━ [0m[1;38;5;69m📂 shell/                                                       
                    [0m                                                                                                 
           INFO     [94m    [0m[94m┃   [0m[94m    [0m[94m    [0m[94m    [0m[94m    [0m[94m       term_tree_maker.py:1013
                    [0m[94m┃   [0m[94m    [0m[94m┗━━ [0m[1;38;5;160m📄 curv.env                                         
                    [0m    # CONFIG_ENV                                                                                 
           INFO     [94m    [0m[94m┃   [0m[94m    [0m[94m    [0m[94m    [0m[94m    [0m[94m       term_tree_maker.py:1013
                    [0m[94m┗━━ [0m[1;38;5;69m📂 fw/                                     [0m    #                        
                    BUILD_FIRMWARE_DIR                                                                                  
           INFO     [94m    [0m[94m┃   [0m[94m    [0m[94m    [0m[94m    [0m[94m    [0m[94m       term_tree_maker.py:1013
                    [0m[94m    [0m[94m┣━━ [0m[1;38;5;69m📂 cache-prefills/                                              
                    [0m    # BUILD_FW_CACHE_PREFILLS_DIR                                                                
           INFO     [94m    [0m[94m┃   [0m[94m    [0m[94m    [0m[94m    [0m[94m    [0m[94m       term_tree_maker.py:1013
                    [0m[94m    [0m[94m┃   [0m[94m┣━━ [0m[1;38;5;69m📂 build/                                            
                    [0m    # BUILD_FW_CACHE_PREFILLS_BIN_DIR                                                            
           INFO     [94m    [0m[94m┃   [0m[94m    [0m[94m    [0m[94m    [0m[94m    [0m[94m       term_tree_maker.py:1013
                    [0m[94m    [0m[94m┃   [0m[94m┃   [0m[94m┣━━ [0m[1;38;5;160m📄                                       
                    cache_hex_files_paths.svh   [0m    # BUILD_CACHE_PREFILL_HEX_HDR_FILE                               
           INFO     [94m    [0m[94m┃   [0m[94m    [0m[94m    [0m[94m    [0m[94m    [0m[94m       term_tree_maker.py:1013
                    [0m[94m    [0m[94m┃   [0m[94m┃   [0m[94m┣━━ [0m[1;38;5;160m📄                                       
                    text-section.hex            [0m    # BUILD_SRC_ICACHE_HEX_FILE                                      
           INFO     [94m    [0m[94m┃   [0m[94m    [0m[94m    [0m[94m    [0m[94m    [0m[94m       term_tree_maker.py:1013
                    [0m[94m    [0m[94m┃   [0m[94m┃   [0m[94m┣━━ [0m[1;38;5;160m📄                                       
                    data-section.hex            [0m    # BUILD_SRC_DCACHE_HEX_FILE                                      
           INFO     [94m    [0m[94m┃   [0m[94m    [0m[94m    [0m[94m    [0m[94m    [0m[94m       term_tree_maker.py:1013
                    [0m[94m    [0m[94m┃   [0m[94m┃   [0m[94m┣━━ [0m[1;38;5;160m📄                                       
                    icache_dcache.hex           [0m    # BUILD_WISHBONE_HEX_FILE                                        
           INFO     [94m    [0m[94m┃   [0m[94m    [0m[94m    [0m[94m    [0m[94m    [0m[94m       term_tree_maker.py:1013
                    [0m[94m    [0m[94m┃   [0m[94m┃   [0m[94m┗━━ [0m[1;38;5;160m📄                                       
                    cache_readme.txt            [0m    # BUILD_CACHE_README_FILE                                        
           INFO     [94m    [0m[94m┃   [0m[94m    [0m[94m    [0m[94m    [0m[94m    [0m[94m       term_tree_maker.py:1013
                    [0m[94m    [0m[94m┃   [0m[94m┗━━ [0m[1;38;5;69m📂                                                   
                    $(CFG_CACHE_HEX_FILES_SRC_NAME)/[0m    #                                                            
                    BUILD_CACHE_OUTPUT_HEX_FILES_ROOT_DIR                                                               
           INFO     [94m    [0m[94m┃   [0m[94m    [0m[94m    [0m[94m    [0m[94m    [0m[94m       term_tree_maker.py:1013
                    [0m[94m    [0m[94m┃   [0m[94m    [0m[94m┣━━ [0m[1;38;5;69m📂 dcache/                                
                    [0m    # BUILD_DCACHE_DIR                                                                           
           INFO     [94m    [0m[94m┃   [0m[94m    [0m[94m    [0m[94m    [0m[94m    [0m[94m       term_tree_maker.py:1013
                    [0m[94m    [0m[94m┃   [0m[94m    [0m[94m┃   [0m[94m┣━━ [0m[1;38;5;160m📄                            
                    cachelines/             [0m    # BUILD_DCACHE_CACHELINES_DIR                                        
           INFO     [94m    [0m[94m┃   [0m[94m    [0m[94m    [0m[94m    [0m[94m    [0m[94m       term_tree_maker.py:1013
                    [0m[94m    [0m[94m┃   [0m[94m    [0m[94m┃   [0m[94m┗━━ [0m[1;38;5;160m📄                            
                    tagram/                 [0m    # BUILD_DCACHE_TAGRAM_DIR                                            
           INFO     [94m    [0m[94m┃   [0m[94m    [0m[94m    [0m[94m    [0m[94m    [0m[94m       term_tree_maker.py:1013
                    [0m[94m    [0m[94m┃   [0m[94m    [0m[94m┗━━ [0m[1;38;5;69m📂 icache/                                
                    [0m    # BUILD_ICACHE_DIR                                                                           
           INFO     [94m    [0m[94m┃   [0m[94m    [0m[94m    [0m[94m    [0m[94m    [0m[94m       term_tree_maker.py:1013
                    [0m[94m    [0m[94m┃   [0m[94m    [0m[94m    [0m[94m┣━━ [0m[1;38;5;160m📄                            
                    cachelines/             [0m    # BUILD_ICACHE_CACHELINES_DIR                                        
           INFO     [94m    [0m[94m┃   [0m[94m    [0m[94m    [0m[94m    [0m[94m    [0m[94m       term_tree_maker.py:1013
                    [0m[94m    [0m[94m┃   [0m[94m    [0m[94m    [0m[94m┗━━ [0m[1;38;5;160m📄                            
                    tagram/                 [0m    # BUILD_ICACHE_TAGRAM_DIR                                            
           INFO     [94m    [0m[94m┃   [0m[94m    [0m[94m    [0m[94m    [0m[94m    [0m[94m       term_tree_maker.py:1013
                    [0m[94m    [0m[94m┗━━ [0m[1;38;5;69m📂 bootrom/                                                     
                    [0m                                                                                                 
           INFO     [94m    [0m[94m┃   [0m[94m    [0m[94m    [0m[94m    [0m[94m    [0m[94m       term_tree_maker.py:1013
                    [0m[94m    [0m[94m    [0m[94m┗━━ [0m[1;38;5;160m📄 build/                                           
                    [0m    # BUILD_FW_BOOTROM_DIR                                                                       
           INFO     [94m    [0m[94m┃   [0m[94m    [0m[94m    [0m[94m    [0m[94m    [0m[94m       term_tree_maker.py:1013
                    [0m[94m    [0m[94m    [0m[94m┗━━ [0m[1;38;5;69m📂 hex-files/                                        
                    [0m    # BUILD_BOOTROM_HEX_FILES_DIR                                                                
           INFO     [94m    [0m[94m┃   [0m[94m    [0m[94m    [0m[94m    [0m[94m    [0m[94m       term_tree_maker.py:1013
                    [0m[94m    [0m[94m    [0m[94m    [0m[94m┗━━ [0m[1;38;5;160m📄 bootrom.hex                           
                    [0m    # BUILD_BOOTROM_HEX_FILES                                                                    
           INFO     [94m    [0m[94m┗━━ [0m[1;38;5;160m📄 common/                                 term_tree_maker.py:1013
                    [0m    # CURV_COMMON_DIR                                                                            
[04:56:20] INFO     [logger] configured: LoggingLevels(stderr_level=CRITICAL, file_level=DEBUG)            logger.py:171
[04:56:20] INFO     [logger] configured: LoggingLevels(stderr_level=CRITICAL, file_level=DEBUG)            logger.py:171
           ERROR    Error: CfgValues.__init__() takes from 1 to 2 positional arguments but 3 were given   __main__.py:21
                    ╭──────────────────────── Traceback (most recent call last) ────────────────────────╮               
                    │ /home/mwg/curv/mikegoelzer/tree-maker/src/term_tree_maker/__main__.py:17 in main  │               
                    │                                                                                   │               
                    │   14 │   """                                                                      │               
                    │   15 │   init_logging()                                                           │               
                    │   16 │   try:                                                                     │               
                    │ ❱ 17 │   │   result: Optional[int] = _cli_main()                                  │               
                    │   18 │   except SystemExit as exc:                                                │               
                    │   19 │   │   return exc.code if isinstance(exc.code, int) else 0                  │               
                    │   20 │   except Exception as exc:                                                 │               
                    │                                                                                   │               
                    │ ╭─────────────────────────────────── locals ────────────────────────────────────╮ │               
                    │ │ exc = TypeError('CfgValues.__init__() takes from 1 to 2 positional arguments  │ │               
                    │ │       but 3 were given')                                                      │ │               
                    │ ╰───────────────────────────────────────────────────────────────────────────────╯ │               
                    │                                                                                   │               
                    │ /home/mwg/curv/mikegoelzer/tree-maker/src/term_tree_maker/term_tree_maker.py:883  │               
                    │ in main                                                                           │               
                    │                                                                                   │               
                    │    880 │   │   data_fn = lambda max_comment_line_width: make_data_from_path_env(m │               
                    │    881 │                                                                          │               
                    │    882 │   # make the Node tree from the data source                              │               
                    │ ❱  883 │   root = data_fn(max_comment_line_width)                                 │               
                    │    884 │                                                                          │               
                    │    885 │   invisible_table = Table.grid(padding=0)                                │               
                    │    886 │   invisible_table.add_column("tree", justify="left", no_wrap=True)       │               
                    │                                                                                   │               
                    │ ╭─────────────────────────────────── locals ────────────────────────────────────╮ │               
                    │ │                   args = Namespace(insert_extra_top_line=False,               │ │               
                    │ │                          chunk_lines_amount=None, chunk_number=0,             │ │               
                    │ │                          chunk_count=False,                                   │ │               
                    │ │                          data_source='/home/mwg/ecp5-first-steps/my-designs/… │ │               
                    │ │ max_comment_line_width = None                                                 │ │               
                    │ ╰───────────────────────────────────────────────────────────────────────────────╯ │               
                    │                                                                                   │               
                    │ /home/mwg/curv/mikegoelzer/tree-maker/src/term_tree_maker/term_tree_maker.py:880  │               
                    │ in <lambda>                                                                       │               
                    │                                                                                   │               
                    │    877 │   │   data_fn = lambda max_comment_line_width: make_dummy_data(max_comme │               
                    │    878 │   else:                                                                  │               
                    │    879 │   │   # treat data source as a path to an environment file               │               
                    │ ❱  880 │   │   data_fn = lambda max_comment_line_width: make_data_from_path_env(m │               
                    │    881 │                                                                          │               
                    │    882 │   # make the Node tree from the data source                              │               
                    │    883 │   root = data_fn(max_comment_line_width)                                 │               
                    │                                                                                   │               
                    │ ╭─────────────────────────────────── locals ────────────────────────────────────╮ │               
                    │ │                   args = Namespace(insert_extra_top_line=False,               │ │               
                    │ │                          chunk_lines_amount=None, chunk_number=0,             │ │               
                    │ │                          chunk_count=False,                                   │ │               
                    │ │                          data_source='/home/mwg/ecp5-first-steps/my-designs/… │ │               
                    │ │ max_comment_line_width = None                                                 │ │               
                    │ ╰───────────────────────────────────────────────────────────────────────────────╯ │               
                    │                                                                                   │               
                    │ /home/mwg/curv/mikegoelzer/tree-maker/src/term_tree_maker/term_tree_maker.py:599  │               
                    │ in make_data_from_path_env                                                        │               
                    │                                                                                   │               
                    │    596 │                                                                          │               
                    │    597 │   # 3) Resolve values from path_raw.env                                  │               
                    │    598 │   env_file_values = CurvConfigPathEnv(env_file, BUILD_DIR=build_dir, CUR │               
                    │ ❱  599 │   cfgvalues = CfgValues("CFG_CACHE_HEX_FILES_SRC_NAME", CfgValue(        │               
                    │    600 │   │   │   value="auipc-bypass",                                          │               
                    │    601 │   │   │   meta={                                                         │               
                    │    602 │   │   │   │   'makefile_type': 'string',                                 │               
                    │                                                                                   │               
                    │ ╭─────────────────────────────────── locals ────────────────────────────────────╮ │               
                    │ │              build_dir = '/home/mwg/ecp5-first-steps/my-designs/riscv-soc/ri… │ │               
                    │ │          curv_root_dir = '/home/mwg/ecp5-first-steps/my-designs/riscv-soc'    │ │               
                    │ │               env_file = '/home/mwg/ecp5-first-steps/my-designs/riscv-soc/sc… │ │               
                    │ │        env_file_values = {                                                    │ │               
                    │ │                          │   'CURV_REPO_DIR':                                 │ │               
                    │ │                          CurvConfigPath(/home/mwg/ecp5-first-steps            │ │               
                    │ │                          [resolved]),                                         │ │               
                    │ │                          │   'CURV_CONFIG_DIR':                               │ │               
                    │ │                          CurvConfigPath(/home/mwg/ecp5-first-steps/my-design… │ │               
                    │ │                          [resolved]),                                         │ │               
                    │ │                          │   'CURV_BOARDS_DIR':                               │ │               
                    │ │                          CurvConfigPath(/home/mwg/ecp5-first-steps/my-design… │ │               
                    │ │                          [resolved]),                                         │ │               
                    │ │                          │   'CURV_RISCV_DIR':                                │ │               
                    │ │                          CurvConfigPath(/home/mwg/ecp5-first-steps/my-design… │ │               
                    │ │                          [resolved]),                                         │ │               
                    │ │                          │   'CURV_COMMON_DIR':                               │ │               
                    │ │                          CurvConfigPath(/home/mwg/ecp5-first-steps/my-design… │ │               
                    │ │                          [resolved]),                                         │ │               
                    │ │                          │   'CURV_FIRMWARE_DIR':                             │ │               
                    │ │                          CurvConfigPath(/home/mwg/ecp5-first-steps/my-design… │ │               
                    │ │                          [resolved]),                                         │ │               
                    │ │                          │   'CURV_CONFIG_SCHEMA_DIR':                        │ │               
                    │ │                          CurvConfigPath(/home/mwg/ecp5-first-steps/my-design… │ │               
                    │ │                          [resolved]),                                         │ │               
                    │ │                          │   'CURV_CONFIG_PROFILES_DIR':                      │ │               
                    │ │                          CurvConfigPath(/home/mwg/ecp5-first-steps/my-design… │ │               
                    │ │                          [resolved]),                                         │ │               
                    │ │                          │   'CURV_CONFIG_PROFILE_OVERLAYS_DIR':              │ │               
                    │ │                          CurvConfigPath(/home/mwg/ecp5-first-steps/my-design… │ │               
                    │ │                          [resolved]),                                         │ │               
                    │ │                          │   'CURV_CONFIG_MEMMAP_DIR':                        │ │               
                    │ │                          CurvConfigPath(/home/mwg/ecp5-first-steps/my-design… │ │               
                    │ │                          [resolved]),                                         │ │               
                    │ │                          │   ... +33                                          │ │               
                    │ │                          }                                                    │ │               
                    │ │ max_comment_line_width = None                                                 │ │               
                    │ ╰───────────────────────────────────────────────────────────────────────────────╯ │               
                    ╰───────────────────────────────────────────────────────────────────────────────────╯               
                    TypeError: CfgValues.__init__() takes from 1 to 2 positional arguments but 3 were                   
                    given                                                                                               
[04:57:09] INFO     [logger] configured: LoggingLevels(stderr_level=CRITICAL, file_level=DEBUG)            logger.py:171
[04:57:09] INFO     [logger] configured: LoggingLevels(stderr_level=CRITICAL, file_level=DEBUG)            logger.py:171
           ERROR    Error: cannot convert dictionary update sequence element #0 to a sequence             __main__.py:21
                    ╭──────────────────────── Traceback (most recent call last) ────────────────────────╮               
                    │ /home/mwg/curv/mikegoelzer/tree-maker/src/term_tree_maker/__main__.py:17 in main  │               
                    │                                                                                   │               
                    │   14 │   """                                                                      │               
                    │   15 │   init_logging()                                                           │               
                    │   16 │   try:                                                                     │               
                    │ ❱ 17 │   │   result: Optional[int] = _cli_main()                                  │               
                    │   18 │   except SystemExit as exc:                                                │               
                    │   19 │   │   return exc.code if isinstance(exc.code, int) else 0                  │               
                    │   20 │   except Exception as exc:                                                 │               
                    │                                                                                   │               
                    │ ╭─────────────────────────────────── locals ────────────────────────────────────╮ │               
                    │ │ exc = TypeError('cannot convert dictionary update sequence element #0 to a    │ │               
                    │ │       sequence')                                                              │ │               
                    │ ╰───────────────────────────────────────────────────────────────────────────────╯ │               
                    │                                                                                   │               
                    │ /home/mwg/curv/mikegoelzer/tree-maker/src/term_tree_maker/term_tree_maker.py:883  │               
                    │ in main                                                                           │               
                    │                                                                                   │               
                    │    880 │   │   data_fn = lambda max_comment_line_width: make_data_from_path_env(m │               
                    │    881 │                                                                          │               
                    │    882 │   # make the Node tree from the data source                              │               
                    │ ❱  883 │   root = data_fn(max_comment_line_width)                                 │               
                    │    884 │                                                                          │               
                    │    885 │   invisible_table = Table.grid(padding=0)                                │               
                    │    886 │   invisible_table.add_column("tree", justify="left", no_wrap=True)       │               
                    │                                                                                   │               
                    │ ╭─────────────────────────────────── locals ────────────────────────────────────╮ │               
                    │ │                   args = Namespace(insert_extra_top_line=False,               │ │               
                    │ │                          chunk_lines_amount=None, chunk_number=0,             │ │               
                    │ │                          chunk_count=False,                                   │ │               
                    │ │                          data_source='/home/mwg/ecp5-first-steps/my-designs/… │ │               
                    │ │ max_comment_line_width = None                                                 │ │               
                    │ ╰───────────────────────────────────────────────────────────────────────────────╯ │               
                    │                                                                                   │               
                    │ /home/mwg/curv/mikegoelzer/tree-maker/src/term_tree_maker/term_tree_maker.py:880  │               
                    │ in <lambda>                                                                       │               
                    │                                                                                   │               
                    │    877 │   │   data_fn = lambda max_comment_line_width: make_dummy_data(max_comme │               
                    │    878 │   else:                                                                  │               
                    │    879 │   │   # treat data source as a path to an environment file               │               
                    │ ❱  880 │   │   data_fn = lambda max_comment_line_width: make_data_from_path_env(m │               
                    │    881 │                                                                          │               
                    │    882 │   # make the Node tree from the data source                              │               
                    │    883 │   root = data_fn(max_comment_line_width)                                 │               
                    │                                                                                   │               
                    │ ╭─────────────────────────────────── locals ────────────────────────────────────╮ │               
                    │ │                   args = Namespace(insert_extra_top_line=False,               │ │               
                    │ │                          chunk_lines_amount=None, chunk_number=0,             │ │               
                    │ │                          chunk_count=False,                                   │ │               
                    │ │                          data_source='/home/mwg/ecp5-first-steps/my-designs/… │ │               
                    │ │ max_comment_line_width = None                                                 │ │               
                    │ ╰───────────────────────────────────────────────────────────────────────────────╯ │               
                    │                                                                                   │               
                    │ /home/mwg/curv/mikegoelzer/tree-maker/src/term_tree_maker/term_tree_maker.py:599  │               
                    │ in make_data_from_path_env                                                        │               
                    │                                                                                   │               
                    │    596 │                                                                          │               
                    │    597 │   # 3) Resolve values from path_raw.env                                  │               
                    │    598 │   env_file_values = CurvConfigPathEnv(env_file, BUILD_DIR=build_dir, CUR │               
                    │ ❱  599 │   cfgvalues = CfgValues({"CFG_CACHE_HEX_FILES_SRC_NAME", CfgValue(       │               
                    │    600 │   │   │   value="auipc-bypass",                                          │               
                    │    601 │   │   │   meta={                                                         │               
                    │    602 │   │   │   │   'makefile_type': 'string',                                 │               
                    │                                                                                   │               
                    │ ╭─────────────────────────────────── locals ────────────────────────────────────╮ │               
                    │ │              build_dir = '/home/mwg/ecp5-first-steps/my-designs/riscv-soc/ri… │ │               
                    │ │          curv_root_dir = '/home/mwg/ecp5-first-steps/my-designs/riscv-soc'    │ │               
                    │ │               env_file = '/home/mwg/ecp5-first-steps/my-designs/riscv-soc/sc… │ │               
                    │ │        env_file_values = {                                                    │ │               
                    │ │                          │   'CURV_REPO_DIR':                                 │ │               
                    │ │                          CurvConfigPath(/home/mwg/ecp5-first-steps            │ │               
                    │ │                          [resolved]),                                         │ │               
                    │ │                          │   'CURV_CONFIG_DIR':                               │ │               
                    │ │                          CurvConfigPath(/home/mwg/ecp5-first-steps/my-design… │ │               
                    │ │                          [resolved]),                                         │ │               
                    │ │                          │   'CURV_BOARDS_DIR':                               │ │               
                    │ │                          CurvConfigPath(/home/mwg/ecp5-first-steps/my-design… │ │               
                    │ │                          [resolved]),                                         │ │               
                    │ │                          │   'CURV_RISCV_DIR':                                │ │               
                    │ │                          CurvConfigPath(/home/mwg/ecp5-first-steps/my-design… │ │               
                    │ │                          [resolved]),                                         │ │               
                    │ │                          │   'CURV_COMMON_DIR':                               │ │               
                    │ │                          CurvConfigPath(/home/mwg/ecp5-first-steps/my-design… │ │               
                    │ │                          [resolved]),                                         │ │               
                    │ │                          │   'CURV_FIRMWARE_DIR':                             │ │               
                    │ │                          CurvConfigPath(/home/mwg/ecp5-first-steps/my-design… │ │               
                    │ │                          [resolved]),                                         │ │               
                    │ │                          │   'CURV_CONFIG_SCHEMA_DIR':                        │ │               
                    │ │                          CurvConfigPath(/home/mwg/ecp5-first-steps/my-design… │ │               
                    │ │                          [resolved]),                                         │ │               
                    │ │                          │   'CURV_CONFIG_PROFILES_DIR':                      │ │               
                    │ │                          CurvConfigPath(/home/mwg/ecp5-first-steps/my-design… │ │               
                    │ │                          [resolved]),                                         │ │               
                    │ │                          │   'CURV_CONFIG_PROFILE_OVERLAYS_DIR':              │ │               
                    │ │                          CurvConfigPath(/home/mwg/ecp5-first-steps/my-design… │ │               
                    │ │                          [resolved]),                                         │ │               
                    │ │                          │   'CURV_CONFIG_MEMMAP_DIR':                        │ │               
                    │ │                          CurvConfigPath(/home/mwg/ecp5-first-steps/my-design… │ │               
                    │ │                          [resolved]),                                         │ │               
                    │ │                          │   ... +33                                          │ │               
                    │ │                          }                                                    │ │               
                    │ │ max_comment_line_width = None                                                 │ │               
                    │ ╰───────────────────────────────────────────────────────────────────────────────╯ │               
                    │                                                                                   │               
                    │ /home/mwg/curv-python/packages/curvtools/src/curvtools/cli/curvcfg/lib/util/cfgva │               
                    │ lue.py:161 in __init__                                                            │               
                    │                                                                                   │               
                    │   158 │   """                                                                     │               
                    │   159 │                                                                           │               
                    │   160 │   def __init__(self, vals: Dict[str, CfgValue] | None = None):            │               
                    │ ❱ 161 │   │   super().__init__(vals or {})                                        │               
                    │   162 │                                                                           │               
                    │   163 │   def __repr__(self) -> str:                                              │               
                    │   164 │   │   return f"CfgValues({', '.join([f'{k}: {v}' for k, v in self.items() │               
                    │                                                                                   │               
                    │ ╭─────────────────────────────────── locals ────────────────────────────────────╮ │               
                    │ │ self = CfgValues()                                                            │ │               
                    │ │ vals = {                                                                      │ │               
                    │ │        │   CfgValue(value=auipc-bypass, makefile_type=string,                 │ │               
                    │ │        string_value=auipc-bypass, locations=a,l,l,                            │ │               
                    │ │        toml_path=cache.hex_files.src_name, python type=<class 'str'>,         │ │               
                    │ │        is_default=False),                                                     │ │               
                    │ │        │   'CFG_CACHE_HEX_FILES_SRC_NAME'                                     │ │               
                    │ │        }                                                                      │ │               
                    │ ╰───────────────────────────────────────────────────────────────────────────────╯ │               
                    ╰───────────────────────────────────────────────────────────────────────────────────╯               
                    TypeError: cannot convert dictionary update sequence element #0 to a sequence                       
[04:57:32] INFO     [logger] configured: LoggingLevels(stderr_level=CRITICAL, file_level=DEBUG)            logger.py:171
[04:57:32] INFO     [logger] configured: LoggingLevels(stderr_level=CRITICAL, file_level=DEBUG)            logger.py:171
           ERROR    Error: cannot convert dictionary update sequence element #0 to a sequence             __main__.py:21
                    ╭──────────────────────── Traceback (most recent call last) ────────────────────────╮               
                    │ /home/mwg/curv/mikegoelzer/tree-maker/src/term_tree_maker/__main__.py:17 in main  │               
                    │                                                                                   │               
                    │   14 │   """                                                                      │               
                    │   15 │   init_logging()                                                           │               
                    │   16 │   try:                                                                     │               
                    │ ❱ 17 │   │   result: Optional[int] = _cli_main()                                  │               
                    │   18 │   except SystemExit as exc:                                                │               
                    │   19 │   │   return exc.code if isinstance(exc.code, int) else 0                  │               
                    │   20 │   except Exception as exc:                                                 │               
                    │                                                                                   │               
                    │ ╭─────────────────────────────────── locals ────────────────────────────────────╮ │               
                    │ │ exc = TypeError('cannot convert dictionary update sequence element #0 to a    │ │               
                    │ │       sequence')                                                              │ │               
                    │ ╰───────────────────────────────────────────────────────────────────────────────╯ │               
                    │                                                                                   │               
                    │ /home/mwg/curv/mikegoelzer/tree-maker/src/term_tree_maker/term_tree_maker.py:883  │               
                    │ in main                                                                           │               
                    │                                                                                   │               
                    │    880 │   │   data_fn = lambda max_comment_line_width: make_data_from_path_env(m │               
                    │    881 │                                                                          │               
                    │    882 │   # make the Node tree from the data source                              │               
                    │ ❱  883 │   root = data_fn(max_comment_line_width)                                 │               
                    │    884 │                                                                          │               
                    │    885 │   invisible_table = Table.grid(padding=0)                                │               
                    │    886 │   invisible_table.add_column("tree", justify="left", no_wrap=True)       │               
                    │                                                                                   │               
                    │ ╭─────────────────────────────────── locals ────────────────────────────────────╮ │               
                    │ │                   args = Namespace(insert_extra_top_line=False,               │ │               
                    │ │                          chunk_lines_amount=None, chunk_number=0,             │ │               
                    │ │                          chunk_count=False,                                   │ │               
                    │ │                          data_source='/home/mwg/ecp5-first-steps/my-designs/… │ │               
                    │ │ max_comment_line_width = None                                                 │ │               
                    │ ╰───────────────────────────────────────────────────────────────────────────────╯ │               
                    │                                                                                   │               
                    │ /home/mwg/curv/mikegoelzer/tree-maker/src/term_tree_maker/term_tree_maker.py:880  │               
                    │ in <lambda>                                                                       │               
                    │                                                                                   │               
                    │    877 │   │   data_fn = lambda max_comment_line_width: make_dummy_data(max_comme │               
                    │    878 │   else:                                                                  │               
                    │    879 │   │   # treat data source as a path to an environment file               │               
                    │ ❱  880 │   │   data_fn = lambda max_comment_line_width: make_data_from_path_env(m │               
                    │    881 │                                                                          │               
                    │    882 │   # make the Node tree from the data source                              │               
                    │    883 │   root = data_fn(max_comment_line_width)                                 │               
                    │                                                                                   │               
                    │ ╭─────────────────────────────────── locals ────────────────────────────────────╮ │               
                    │ │                   args = Namespace(insert_extra_top_line=False,               │ │               
                    │ │                          chunk_lines_amount=None, chunk_number=0,             │ │               
                    │ │                          chunk_count=False,                                   │ │               
                    │ │                          data_source='/home/mwg/ecp5-first-steps/my-designs/… │ │               
                    │ │ max_comment_line_width = None                                                 │ │               
                    │ ╰───────────────────────────────────────────────────────────────────────────────╯ │               
                    │                                                                                   │               
                    │ /home/mwg/curv/mikegoelzer/tree-maker/src/term_tree_maker/term_tree_maker.py:599  │               
                    │ in make_data_from_path_env                                                        │               
                    │                                                                                   │               
                    │    596 │                                                                          │               
                    │    597 │   # 3) Resolve values from path_raw.env                                  │               
                    │    598 │   env_file_values = CurvConfigPathEnv(env_file, BUILD_DIR=build_dir, CUR │               
                    │ ❱  599 │   cfgvalues = CfgValues({"CFG_CACHE_HEX_FILES_SRC_NAME", CfgValue(       │               
                    │    600 │   │   │   value="auipc-bypass",                                          │               
                    │    601 │   │   │   meta={                                                         │               
                    │    602 │   │   │   │   'makefile_type': 'string',                                 │               
                    │                                                                                   │               
                    │ ╭─────────────────────────────────── locals ────────────────────────────────────╮ │               
                    │ │              build_dir = '/home/mwg/ecp5-first-steps/my-designs/riscv-soc/ri… │ │               
                    │ │          curv_root_dir = '/home/mwg/ecp5-first-steps/my-designs/riscv-soc'    │ │               
                    │ │               env_file = '/home/mwg/ecp5-first-steps/my-designs/riscv-soc/sc… │ │               
                    │ │        env_file_values = {                                                    │ │               
                    │ │                          │   'CURV_REPO_DIR':                                 │ │               
                    │ │                          CurvConfigPath(/home/mwg/ecp5-first-steps            │ │               
                    │ │                          [resolved]),                                         │ │               
                    │ │                          │   'CURV_CONFIG_DIR':                               │ │               
                    │ │                          CurvConfigPath(/home/mwg/ecp5-first-steps/my-design… │ │               
                    │ │                          [resolved]),                                         │ │               
                    │ │                          │   'CURV_BOARDS_DIR':                               │ │               
                    │ │                          CurvConfigPath(/home/mwg/ecp5-first-steps/my-design… │ │               
                    │ │                          [resolved]),                                         │ │               
                    │ │                          │   'CURV_RISCV_DIR':                                │ │               
                    │ │                          CurvConfigPath(/home/mwg/ecp5-first-steps/my-design… │ │               
                    │ │                          [resolved]),                                         │ │               
                    │ │                          │   'CURV_COMMON_DIR':                               │ │               
                    │ │                          CurvConfigPath(/home/mwg/ecp5-first-steps/my-design… │ │               
                    │ │                          [resolved]),                                         │ │               
                    │ │                          │   'CURV_FIRMWARE_DIR':                             │ │               
                    │ │                          CurvConfigPath(/home/mwg/ecp5-first-steps/my-design… │ │               
                    │ │                          [resolved]),                                         │ │               
                    │ │                          │   'CURV_CONFIG_SCHEMA_DIR':                        │ │               
                    │ │                          CurvConfigPath(/home/mwg/ecp5-first-steps/my-design… │ │               
                    │ │                          [resolved]),                                         │ │               
                    │ │                          │   'CURV_CONFIG_PROFILES_DIR':                      │ │               
                    │ │                          CurvConfigPath(/home/mwg/ecp5-first-steps/my-design… │ │               
                    │ │                          [resolved]),                                         │ │               
                    │ │                          │   'CURV_CONFIG_PROFILE_OVERLAYS_DIR':              │ │               
                    │ │                          CurvConfigPath(/home/mwg/ecp5-first-steps/my-design… │ │               
                    │ │                          [resolved]),                                         │ │               
                    │ │                          │   'CURV_CONFIG_MEMMAP_DIR':                        │ │               
                    │ │                          CurvConfigPath(/home/mwg/ecp5-first-steps/my-design… │ │               
                    │ │                          [resolved]),                                         │ │               
                    │ │                          │   ... +33                                          │ │               
                    │ │                          }                                                    │ │               
                    │ │ max_comment_line_width = None                                                 │ │               
                    │ ╰───────────────────────────────────────────────────────────────────────────────╯ │               
                    │                                                                                   │               
                    │ /home/mwg/curv-python/packages/curvtools/src/curvtools/cli/curvcfg/lib/util/cfgva │               
                    │ lue.py:161 in __init__                                                            │               
                    │                                                                                   │               
                    │   158 │   """                                                                     │               
                    │   159 │                                                                           │               
                    │   160 │   def __init__(self, vals: Dict[str, CfgValue] | None = None):            │               
                    │ ❱ 161 │   │   super().__init__(vals or {})                                        │               
                    │   162 │                                                                           │               
                    │   163 │   def __repr__(self) -> str:                                              │               
                    │   164 │   │   return f"CfgValues({', '.join([f'{k}: {v}' for k, v in self.items() │               
                    │                                                                                   │               
                    │ ╭─────────────────────────────────── locals ────────────────────────────────────╮ │               
                    │ │ self = CfgValues()                                                            │ │               
                    │ │ vals = {                                                                      │ │               
                    │ │        │   CfgValue(value=auipc-bypass, makefile_type=string,                 │ │               
                    │ │        string_value=auipc-bypass, locations=all,                              │ │               
                    │ │        toml_path=cache.hex_files.src_name, python type=<class 'str'>,         │ │               
                    │ │        is_default=False),                                                     │ │               
                    │ │        │   'CFG_CACHE_HEX_FILES_SRC_NAME'                                     │ │               
                    │ │        }                                                                      │ │               
                    │ ╰───────────────────────────────────────────────────────────────────────────────╯ │               
                    ╰───────────────────────────────────────────────────────────────────────────────────╯               
                    TypeError: cannot convert dictionary update sequence element #0 to a sequence                       
[04:59:06] INFO     [logger] configured: LoggingLevels(stderr_level=CRITICAL, file_level=DEBUG)            logger.py:171
[04:59:06] INFO     [logger] configured: LoggingLevels(stderr_level=CRITICAL, file_level=DEBUG)            logger.py:171
           INFO     [1;38;5;69m📂 CURV_REPO_DIR/                                                 term_tree_maker.py:1029
                    [0m    # root of curvcpu/curv repository                                                            
           INFO     [94m┗━━ [0m[1;38;5;69m📂 my-designs/                                         term_tree_maker.py:1029
                    [0m                                                                                                 
           INFO     [94m    [0m[94m┣━━ [0m[1;38;5;69m📂 riscv-soc/                               term_tree_maker.py:1029
                    [0m                                                                                                 
           INFO     [94m    [0m[94m┃   [0m[94m┣━━ [0m[1;38;5;69m📂 config/                       term_tree_maker.py:1029
                    [0m    # CURV_CONFIG_DIR                                                                            
           INFO     [94m    [0m[94m┃   [0m[94m┃   [0m[94m┣━━ [0m[1;38;5;69m📂 schema/            term_tree_maker.py:1029
                    [0m    # CURV_CONFIG_SCHEMA_DIR                                                                     
           INFO     [94m    [0m[94m┃   [0m[94m┃   [0m[94m┃   [0m[94m┣━━ [0m[1;38;5;160m📄        term_tree_maker.py:1029
                    schema.toml                                      [0m    #                                           
                    DEFAULT_SCHEMA_TOML_PATH                                                                            
           INFO     [94m    [0m[94m┃   [0m[94m┃   [0m[94m┃   [0m[94m┗━━ [0m[1;38;5;160m📄        term_tree_maker.py:1029
                    tb-extras-schema.toml                            [0m    #                                           
                    DEFAULT_TB_SCHEMA_TOML_PATH                                                                         
           INFO     [94m    [0m[94m┃   [0m[94m┃   [0m[94m┣━━ [0m[1;38;5;69m📂 profiles/          term_tree_maker.py:1029
                    [0m    # CURV_CONFIG_PROFILES_DIR                                                                   
           INFO     [94m    [0m[94m┃   [0m[94m┃   [0m[94m┃   [0m[94m┣━━ [0m[1;38;5;69m📂         term_tree_maker.py:1029
                    overlays/                                        [0m    #                                           
                    CURV_CONFIG_PROFILE_OVERLAYS_DIR                                                                    
           INFO     [94m    [0m[94m┃   [0m[94m┃   [0m[94m┃   [0m[94m┃   [0m[94m┗━━               term_tree_maker.py:1029
                    [0m[1;38;5;160m📄 tb.toml                                      [0m    #                             
                    DEFAULT_TB_OVERLAY_TOML_PATH                                                                        
           INFO     [94m    [0m[94m┃   [0m[94m┃   [0m[94m┃   [0m[94m┗━━ [0m[1;38;5;160m📄        term_tree_maker.py:1029
                    $(PROFILE).toml                                  [0m    #                                           
                    DEFAULT_PROFILE_TOML_PATH                                                                           
           INFO     [94m    [0m[94m┃   [0m[94m┃   [0m[94m┗━━ [0m[1;38;5;160m📄 memmap/           term_tree_maker.py:1029
                    [0m    # CURV_CONFIG_MEMMAP_DIR                                                                     
           INFO     [94m    [0m[94m┃   [0m[94m┣━━ [0m[1;38;5;69m📂 boards/                       term_tree_maker.py:1029
                    [0m    # CURV_BOARDS_DIR                                                                            
           INFO     [94m    [0m[94m┃   [0m[94m┃   [0m[94m┗━━ [0m[1;38;5;69m📂 $(BOARD)/          term_tree_maker.py:1029
                    [0m                                                                                                 
           INFO     [94m    [0m[94m┃   [0m[94m┃   [0m[94m    [0m[94m┗━━ [0m[1;38;5;160m📄        term_tree_maker.py:1029
                    devices/                                         [0m    #                                           
                    CURV_CONFIG_DEVICES_DIR                                                                             
           INFO     [94m    [0m[94m┃   [0m[94m┗━━ [0m[1;38;5;69m📂 riscv/                        term_tree_maker.py:1029
                    [0m    # CURV_RISCV_DIR                                                                             
           INFO     [94m    [0m[94m┃   [0m[94m    [0m[94m┣━━ [0m[1;38;5;69m📂 firmware/          term_tree_maker.py:1029
                    [0m    # CURV_FIRMWARE_DIR                                                                          
           INFO     [94m    [0m[94m┃   [0m[94m    [0m[94m┃   [0m[94m┗━━ [0m[1;38;5;69m📂         term_tree_maker.py:1029
                    cache-prefills/                                  [0m                                                
           INFO     [94m    [0m[94m┃   [0m[94m    [0m[94m┃   [0m[94m    [0m[94m┗━━               term_tree_maker.py:1029
                    [0m[1;38;5;160m📄 auipc-bypass/                                [0m    #                             
                    BUILD_CACHE_PREFILL_INPUT_DIR                                                                       
           INFO     [94m    [0m[94m┃   [0m[94m    [0m[94m┗━━ [0m[1;38;5;69m📂 tb/                term_tree_maker.py:1029
                    [0m                                                                                                 
           INFO     [94m    [0m[94m┃   [0m[94m    [0m[94m    [0m[94m┗━━ [0m[1;38;5;69m📂         term_tree_maker.py:1029
                    verilator/                                       [0m                                                
           INFO     [94m    [0m[94m┃   [0m[94m    [0m[94m    [0m[94m    [0m[94m┗━━               term_tree_maker.py:1029
                    [0m[1;38;5;69m📂 riscvcpu/                                    [0m                                   
           INFO     [94m    [0m[94m┃   [0m[94m    [0m[94m    [0m[94m    [0m[94m    [0m[94m┗━━    term_tree_maker.py:1029
                    [0m[1;38;5;69m📂 build/                                   [0m                                       
           INFO     [94m    [0m[94m┃   [0m[94m    [0m[94m    [0m[94m    [0m[94m    [0m[94m       term_tree_maker.py:1029
                    [0m[94m┣━━ [0m[1;38;5;69m📂 generated/                           [0m    #                           
                    BUILD_GENERATED_DIR                                                                                 
           INFO     [94m    [0m[94m┃   [0m[94m    [0m[94m    [0m[94m    [0m[94m    [0m[94m       term_tree_maker.py:1029
                    [0m[94m┃   [0m[94m┣━━ [0m[1;38;5;69m📂 config/                          [0m                         
           INFO     [94m    [0m[94m┃   [0m[94m    [0m[94m    [0m[94m    [0m[94m    [0m[94m       term_tree_maker.py:1029
                    [0m[94m┃   [0m[94m┃   [0m[94m┗━━ [0m[1;38;5;160m📄 merged.toml                                      
                    [0m    # DEFAULT_MERGED_TOML_NAME                                                                   
           INFO     [94m    [0m[94m┃   [0m[94m    [0m[94m    [0m[94m    [0m[94m    [0m[94m       term_tree_maker.py:1029
                    [0m[94m┃   [0m[94m┣━━ [0m[1;38;5;69m📂 make/                            [0m                         
           INFO     [94m    [0m[94m┃   [0m[94m    [0m[94m    [0m[94m    [0m[94m    [0m[94m       term_tree_maker.py:1029
                    [0m[94m┃   [0m[94m┃   [0m[94m┣━━ [0m[1;38;5;160m📄 config.mk.d                                      
                    [0m    # DEFAULT_DEP_FILE_NAME                                                                      
           INFO     [94m    [0m[94m┃   [0m[94m    [0m[94m    [0m[94m    [0m[94m    [0m[94m       term_tree_maker.py:1029
                    [0m[94m┃   [0m[94m┃   [0m[94m┗━━ [0m[1;38;5;160m📄 curv.mk                                          
                    [0m    # CONFIG_MK                                                                                  
           INFO     [94m    [0m[94m┃   [0m[94m    [0m[94m    [0m[94m    [0m[94m    [0m[94m       term_tree_maker.py:1029
                    [0m[94m┃   [0m[94m┣━━ [0m[1;38;5;69m📂 hdl/                             [0m                         
           INFO     [94m    [0m[94m┃   [0m[94m    [0m[94m    [0m[94m    [0m[94m    [0m[94m       term_tree_maker.py:1029
                    [0m[94m┃   [0m[94m┃   [0m[94m┣━━ [0m[1;38;5;160m📄 curvcfgpkg.sv                                    
                    [0m    # CONFIG_SVPKG                                                                               
           INFO     [94m    [0m[94m┃   [0m[94m    [0m[94m    [0m[94m    [0m[94m    [0m[94m       term_tree_maker.py:1029
                    [0m[94m┃   [0m[94m┃   [0m[94m┗━━ [0m[1;38;5;160m📄 curvcfg.svh                                      
                    [0m    # CONFIG_SVH                                                                                 
           INFO     [94m    [0m[94m┃   [0m[94m    [0m[94m    [0m[94m    [0m[94m    [0m[94m       term_tree_maker.py:1029
                    [0m[94m┃   [0m[94m┣━━ [0m[1;38;5;69m📂 docs/                            [0m                         
           INFO     [94m    [0m[94m┃   [0m[94m    [0m[94m    [0m[94m    [0m[94m    [0m[94m       term_tree_maker.py:1029
                    [0m[94m┃   [0m[94m┃   [0m[94m┗━━ [0m[1;38;5;160m📄 MEMORY_MAP.md                                    
                    [0m    # MEMMAP_MD                                                                                  
           INFO     [94m    [0m[94m┃   [0m[94m    [0m[94m    [0m[94m    [0m[94m    [0m[94m       term_tree_maker.py:1029
                    [0m[94m┃   [0m[94m┗━━ [0m[1;38;5;69m📂 shell/                           [0m                         
           INFO     [94m    [0m[94m┃   [0m[94m    [0m[94m    [0m[94m    [0m[94m    [0m[94m       term_tree_maker.py:1029
                    [0m[94m┃   [0m[94m    [0m[94m┗━━ [0m[1;38;5;160m📄 curv.env                                         
                    [0m    # CONFIG_ENV                                                                                 
           INFO     [94m    [0m[94m┃   [0m[94m    [0m[94m    [0m[94m    [0m[94m    [0m[94m       term_tree_maker.py:1029
                    [0m[94m┗━━ [0m[1;38;5;69m📂 fw/                                  [0m    #                           
                    BUILD_FIRMWARE_DIR                                                                                  
           INFO     [94m    [0m[94m┃   [0m[94m    [0m[94m    [0m[94m    [0m[94m    [0m[94m       term_tree_maker.py:1029
                    [0m[94m    [0m[94m┣━━ [0m[1;38;5;69m📂 cache-prefills/                  [0m                         
                    # BUILD_FW_CACHE_PREFILLS_DIR                                                                       
           INFO     [94m    [0m[94m┃   [0m[94m    [0m[94m    [0m[94m    [0m[94m    [0m[94m       term_tree_maker.py:1029
                    [0m[94m    [0m[94m┃   [0m[94m┣━━ [0m[1;38;5;69m📂 build/                                            
                    [0m    # BUILD_FW_CACHE_PREFILLS_BIN_DIR                                                            
           INFO     [94m    [0m[94m┃   [0m[94m    [0m[94m    [0m[94m    [0m[94m    [0m[94m       term_tree_maker.py:1029
                    [0m[94m    [0m[94m┃   [0m[94m┃   [0m[94m┣━━ [0m[1;38;5;160m📄                                       
                    cache_hex_files_paths.svh[0m    # BUILD_CACHE_PREFILL_HEX_HDR_FILE                                  
           INFO     [94m    [0m[94m┃   [0m[94m    [0m[94m    [0m[94m    [0m[94m    [0m[94m       term_tree_maker.py:1029
                    [0m[94m    [0m[94m┃   [0m[94m┃   [0m[94m┣━━ [0m[1;38;5;160m📄                                       
                    text-section.hex         [0m    # BUILD_SRC_ICACHE_HEX_FILE                                         
           INFO     [94m    [0m[94m┃   [0m[94m    [0m[94m    [0m[94m    [0m[94m    [0m[94m       term_tree_maker.py:1029
                    [0m[94m    [0m[94m┃   [0m[94m┃   [0m[94m┣━━ [0m[1;38;5;160m📄                                       
                    data-section.hex         [0m    # BUILD_SRC_DCACHE_HEX_FILE                                         
           INFO     [94m    [0m[94m┃   [0m[94m    [0m[94m    [0m[94m    [0m[94m    [0m[94m       term_tree_maker.py:1029
                    [0m[94m    [0m[94m┃   [0m[94m┃   [0m[94m┣━━ [0m[1;38;5;160m📄                                       
                    icache_dcache.hex        [0m    # BUILD_WISHBONE_HEX_FILE                                           
           INFO     [94m    [0m[94m┃   [0m[94m    [0m[94m    [0m[94m    [0m[94m    [0m[94m       term_tree_maker.py:1029
                    [0m[94m    [0m[94m┃   [0m[94m┃   [0m[94m┗━━ [0m[1;38;5;160m📄                                       
                    cache_readme.txt         [0m    # BUILD_CACHE_README_FILE                                           
           INFO     [94m    [0m[94m┃   [0m[94m    [0m[94m    [0m[94m    [0m[94m    [0m[94m       term_tree_maker.py:1029
                    [0m[94m    [0m[94m┃   [0m[94m┗━━ [0m[1;38;5;69m📂 auipc-bypass/                                     
                    [0m    # BUILD_CACHE_OUTPUT_HEX_FILES_ROOT_DIR                                                      
           INFO     [94m    [0m[94m┃   [0m[94m    [0m[94m    [0m[94m    [0m[94m    [0m[94m       term_tree_maker.py:1029
                    [0m[94m    [0m[94m┃   [0m[94m    [0m[94m┣━━ [0m[1;38;5;69m📂 dcache/                                
                    [0m    # BUILD_DCACHE_DIR                                                                           
           INFO     [94m    [0m[94m┃   [0m[94m    [0m[94m    [0m[94m    [0m[94m    [0m[94m       term_tree_maker.py:1029
                    [0m[94m    [0m[94m┃   [0m[94m    [0m[94m┃   [0m[94m┣━━ [0m[1;38;5;160m📄                            
                    cachelines/          [0m    # BUILD_DCACHE_CACHELINES_DIR                                           
           INFO     [94m    [0m[94m┃   [0m[94m    [0m[94m    [0m[94m    [0m[94m    [0m[94m       term_tree_maker.py:1029
                    [0m[94m    [0m[94m┃   [0m[94m    [0m[94m┃   [0m[94m┗━━ [0m[1;38;5;160m📄                            
                    tagram/              [0m    # BUILD_DCACHE_TAGRAM_DIR                                               
           INFO     [94m    [0m[94m┃   [0m[94m    [0m[94m    [0m[94m    [0m[94m    [0m[94m       term_tree_maker.py:1029
                    [0m[94m    [0m[94m┃   [0m[94m    [0m[94m┗━━ [0m[1;38;5;69m📂 icache/                                
                    [0m    # BUILD_ICACHE_DIR                                                                           
           INFO     [94m    [0m[94m┃   [0m[94m    [0m[94m    [0m[94m    [0m[94m    [0m[94m       term_tree_maker.py:1029
                    [0m[94m    [0m[94m┃   [0m[94m    [0m[94m    [0m[94m┣━━ [0m[1;38;5;160m📄                            
                    cachelines/          [0m    # BUILD_ICACHE_CACHELINES_DIR                                           
           INFO     [94m    [0m[94m┃   [0m[94m    [0m[94m    [0m[94m    [0m[94m    [0m[94m       term_tree_maker.py:1029
                    [0m[94m    [0m[94m┃   [0m[94m    [0m[94m    [0m[94m┗━━ [0m[1;38;5;160m📄                            
                    tagram/              [0m    # BUILD_ICACHE_TAGRAM_DIR                                               
           INFO     [94m    [0m[94m┃   [0m[94m    [0m[94m    [0m[94m    [0m[94m    [0m[94m       term_tree_maker.py:1029
                    [0m[94m    [0m[94m┗━━ [0m[1;38;5;69m📂 bootrom/                         [0m                         
           INFO     [94m    [0m[94m┃   [0m[94m    [0m[94m    [0m[94m    [0m[94m    [0m[94m       term_tree_maker.py:1029
                    [0m[94m    [0m[94m    [0m[94m┗━━ [0m[1;38;5;160m📄 build/                                           
                    [0m    # BUILD_FW_BOOTROM_DIR                                                                       
           INFO     [94m    [0m[94m┃   [0m[94m    [0m[94m    [0m[94m    [0m[94m    [0m[94m       term_tree_maker.py:1029
                    [0m[94m    [0m[94m    [0m[94m┗━━ [0m[1;38;5;69m📂 hex-files/                                        
                    [0m    # BUILD_BOOTROM_HEX_FILES_DIR                                                                
           INFO     [94m    [0m[94m┃   [0m[94m    [0m[94m    [0m[94m    [0m[94m    [0m[94m       term_tree_maker.py:1029
                    [0m[94m    [0m[94m    [0m[94m    [0m[94m┗━━ [0m[1;38;5;160m📄 bootrom.hex                           
                    [0m    # BUILD_BOOTROM_HEX_FILES                                                                    
           INFO     [94m    [0m[94m┗━━ [0m[1;38;5;160m📄 common/                                 term_tree_maker.py:1029
                    [0m    # CURV_COMMON_DIR                                                                            
[05:00:32] INFO     [logger] configured: LoggingLevels(stderr_level=CRITICAL, file_level=DEBUG)            logger.py:171
[05:00:32] INFO     [logger] configured: LoggingLevels(stderr_level=CRITICAL, file_level=DEBUG)            logger.py:171
           INFO     [1;38;5;69m📂 CURV_REPO_DIR/                                                 term_tree_maker.py:1029
                    [0m    # root of curvcpu/curv repository                                                            
           INFO     [94m┗━━ [0m[1;38;5;69m📂 my-designs/                                         term_tree_maker.py:1029
                    [0m                                                                                                 
           INFO     [94m    [0m[94m┣━━ [0m[1;38;5;69m📂 riscv-soc/                               term_tree_maker.py:1029
                    [0m                                                                                                 
           INFO     [94m    [0m[94m┃   [0m[94m┣━━ [0m[1;38;5;69m📂 config/                       term_tree_maker.py:1029
                    [0m    # CURV_CONFIG_DIR                                                                            
           INFO     [94m    [0m[94m┃   [0m[94m┃   [0m[94m┣━━ [0m[1;38;5;69m📂 schema/            term_tree_maker.py:1029
                    [0m    # CURV_CONFIG_SCHEMA_DIR                                                                     
           INFO     [94m    [0m[94m┃   [0m[94m┃   [0m[94m┃   [0m[94m┣━━ [0m[1;38;5;160m📄        term_tree_maker.py:1029
                    schema.toml                                      [0m    #                                           
                    DEFAULT_SCHEMA_TOML_PATH                                                                            
           INFO     [94m    [0m[94m┃   [0m[94m┃   [0m[94m┃   [0m[94m┗━━ [0m[1;38;5;160m📄        term_tree_maker.py:1029
                    tb-extras-schema.toml                            [0m    #                                           
                    DEFAULT_TB_SCHEMA_TOML_PATH                                                                         
           INFO     [94m    [0m[94m┃   [0m[94m┃   [0m[94m┣━━ [0m[1;38;5;69m📂 profiles/          term_tree_maker.py:1029
                    [0m    # CURV_CONFIG_PROFILES_DIR                                                                   
           INFO     [94m    [0m[94m┃   [0m[94m┃   [0m[94m┃   [0m[94m┣━━ [0m[1;38;5;69m📂         term_tree_maker.py:1029
                    overlays/                                        [0m    #                                           
                    CURV_CONFIG_PROFILE_OVERLAYS_DIR                                                                    
           INFO     [94m    [0m[94m┃   [0m[94m┃   [0m[94m┃   [0m[94m┃   [0m[94m┗━━               term_tree_maker.py:1029
                    [0m[1;38;5;160m📄 tb.toml                                      [0m    #                             
                    DEFAULT_TB_OVERLAY_TOML_PATH                                                                        
           INFO     [94m    [0m[94m┃   [0m[94m┃   [0m[94m┃   [0m[94m┗━━ [0m[1;38;5;160m📄        term_tree_maker.py:1029
                    default.toml                                     [0m    #                                           
                    DEFAULT_PROFILE_TOML_PATH                                                                           
           INFO     [94m    [0m[94m┃   [0m[94m┃   [0m[94m┗━━ [0m[1;38;5;160m📄 memmap/           term_tree_maker.py:1029
                    [0m    # CURV_CONFIG_MEMMAP_DIR                                                                     
           INFO     [94m    [0m[94m┃   [0m[94m┣━━ [0m[1;38;5;69m📂 boards/                       term_tree_maker.py:1029
                    [0m    # CURV_BOARDS_DIR                                                                            
           INFO     [94m    [0m[94m┃   [0m[94m┃   [0m[94m┗━━ [0m[1;38;5;69m📂 ulx3s/             term_tree_maker.py:1029
                    [0m                                                                                                 
           INFO     [94m    [0m[94m┃   [0m[94m┃   [0m[94m    [0m[94m┗━━ [0m[1;38;5;160m📄        term_tree_maker.py:1029
                    devices/                                         [0m    #                                           
                    CURV_CONFIG_DEVICES_DIR                                                                             
           INFO     [94m    [0m[94m┃   [0m[94m┗━━ [0m[1;38;5;69m📂 riscv/                        term_tree_maker.py:1029
                    [0m    # CURV_RISCV_DIR                                                                             
           INFO     [94m    [0m[94m┃   [0m[94m    [0m[94m┣━━ [0m[1;38;5;69m📂 firmware/          term_tree_maker.py:1029
                    [0m    # CURV_FIRMWARE_DIR                                                                          
           INFO     [94m    [0m[94m┃   [0m[94m    [0m[94m┃   [0m[94m┗━━ [0m[1;38;5;69m📂         term_tree_maker.py:1029
                    cache-prefills/                                  [0m                                                
           INFO     [94m    [0m[94m┃   [0m[94m    [0m[94m┃   [0m[94m    [0m[94m┗━━               term_tree_maker.py:1029
                    [0m[1;38;5;160m📄 auipc-bypass/                                [0m    #                             
                    BUILD_CACHE_PREFILL_INPUT_DIR                                                                       
           INFO     [94m    [0m[94m┃   [0m[94m    [0m[94m┗━━ [0m[1;38;5;69m📂 tb/                term_tree_maker.py:1029
                    [0m                                                                                                 
           INFO     [94m    [0m[94m┃   [0m[94m    [0m[94m    [0m[94m┗━━ [0m[1;38;5;69m📂         term_tree_maker.py:1029
                    verilator/                                       [0m                                                
           INFO     [94m    [0m[94m┃   [0m[94m    [0m[94m    [0m[94m    [0m[94m┗━━               term_tree_maker.py:1029
                    [0m[1;38;5;69m📂 riscvcpu/                                    [0m                                   
           INFO     [94m    [0m[94m┃   [0m[94m    [0m[94m    [0m[94m    [0m[94m    [0m[94m┗━━    term_tree_maker.py:1029
                    [0m[1;38;5;69m📂 build/                                   [0m                                       
           INFO     [94m    [0m[94m┃   [0m[94m    [0m[94m    [0m[94m    [0m[94m    [0m[94m       term_tree_maker.py:1029
                    [0m[94m┣━━ [0m[1;38;5;69m📂 generated/                           [0m    #                           
                    BUILD_GENERATED_DIR                                                                                 
           INFO     [94m    [0m[94m┃   [0m[94m    [0m[94m    [0m[94m    [0m[94m    [0m[94m       term_tree_maker.py:1029
                    [0m[94m┃   [0m[94m┣━━ [0m[1;38;5;69m📂 config/                          [0m                         
           INFO     [94m    [0m[94m┃   [0m[94m    [0m[94m    [0m[94m    [0m[94m    [0m[94m       term_tree_maker.py:1029
                    [0m[94m┃   [0m[94m┃   [0m[94m┗━━ [0m[1;38;5;160m📄 merged.toml                                      
                    [0m    # DEFAULT_MERGED_TOML_NAME                                                                   
           INFO     [94m    [0m[94m┃   [0m[94m    [0m[94m    [0m[94m    [0m[94m    [0m[94m       term_tree_maker.py:1029
                    [0m[94m┃   [0m[94m┣━━ [0m[1;38;5;69m📂 make/                            [0m                         
           INFO     [94m    [0m[94m┃   [0m[94m    [0m[94m    [0m[94m    [0m[94m    [0m[94m       term_tree_maker.py:1029
                    [0m[94m┃   [0m[94m┃   [0m[94m┣━━ [0m[1;38;5;160m📄 config.mk.d                                      
                    [0m    # DEFAULT_DEP_FILE_NAME                                                                      
           INFO     [94m    [0m[94m┃   [0m[94m    [0m[94m    [0m[94m    [0m[94m    [0m[94m       term_tree_maker.py:1029
                    [0m[94m┃   [0m[94m┃   [0m[94m┗━━ [0m[1;38;5;160m📄 curv.mk                                          
                    [0m    # CONFIG_MK                                                                                  
           INFO     [94m    [0m[94m┃   [0m[94m    [0m[94m    [0m[94m    [0m[94m    [0m[94m       term_tree_maker.py:1029
                    [0m[94m┃   [0m[94m┣━━ [0m[1;38;5;69m📂 hdl/                             [0m                         
           INFO     [94m    [0m[94m┃   [0m[94m    [0m[94m    [0m[94m    [0m[94m    [0m[94m       term_tree_maker.py:1029
                    [0m[94m┃   [0m[94m┃   [0m[94m┣━━ [0m[1;38;5;160m📄 curvcfgpkg.sv                                    
                    [0m    # CONFIG_SVPKG                                                                               
           INFO     [94m    [0m[94m┃   [0m[94m    [0m[94m    [0m[94m    [0m[94m    [0m[94m       term_tree_maker.py:1029
                    [0m[94m┃   [0m[94m┃   [0m[94m┗━━ [0m[1;38;5;160m📄 curvcfg.svh                                      
                    [0m    # CONFIG_SVH                                                                                 
           INFO     [94m    [0m[94m┃   [0m[94m    [0m[94m    [0m[94m    [0m[94m    [0m[94m       term_tree_maker.py:1029
                    [0m[94m┃   [0m[94m┣━━ [0m[1;38;5;69m📂 docs/                            [0m                         
           INFO     [94m    [0m[94m┃   [0m[94m    [0m[94m    [0m[94m    [0m[94m    [0m[94m       term_tree_maker.py:1029
                    [0m[94m┃   [0m[94m┃   [0m[94m┗━━ [0m[1;38;5;160m📄 MEMORY_MAP.md                                    
                    [0m    # MEMMAP_MD                                                                                  
           INFO     [94m    [0m[94m┃   [0m[94m    [0m[94m    [0m[94m    [0m[94m    [0m[94m       term_tree_maker.py:1029
                    [0m[94m┃   [0m[94m┗━━ [0m[1;38;5;69m📂 shell/                           [0m                         
           INFO     [94m    [0m[94m┃   [0m[94m    [0m[94m    [0m[94m    [0m[94m    [0m[94m       term_tree_maker.py:1029
                    [0m[94m┃   [0m[94m    [0m[94m┗━━ [0m[1;38;5;160m📄 curv.env                                         
                    [0m    # CONFIG_ENV                                                                                 
           INFO     [94m    [0m[94m┃   [0m[94m    [0m[94m    [0m[94m    [0m[94m    [0m[94m       term_tree_maker.py:1029
                    [0m[94m┗━━ [0m[1;38;5;69m📂 fw/                                  [0m    #                           
                    BUILD_FIRMWARE_DIR                                                                                  
           INFO     [94m    [0m[94m┃   [0m[94m    [0m[94m    [0m[94m    [0m[94m    [0m[94m       term_tree_maker.py:1029
                    [0m[94m    [0m[94m┣━━ [0m[1;38;5;69m📂 cache-prefills/                  [0m                         
                    # BUILD_FW_CACHE_PREFILLS_DIR                                                                       
           INFO     [94m    [0m[94m┃   [0m[94m    [0m[94m    [0m[94m    [0m[94m    [0m[94m       term_tree_maker.py:1029
                    [0m[94m    [0m[94m┃   [0m[94m┣━━ [0m[1;38;5;69m📂 build/                                            
                    [0m    # BUILD_FW_CACHE_PREFILLS_BIN_DIR                                                            
           INFO     [94m    [0m[94m┃   [0m[94m    [0m[94m    [0m[94m    [0m[94m    [0m[94m       term_tree_maker.py:1029
                    [0m[94m    [0m[94m┃   [0m[94m┃   [0m[94m┣━━ [0m[1;38;5;160m📄                                       
                    cache_hex_files_paths.svh[0m    # BUILD_CACHE_PREFILL_HEX_HDR_FILE                                  
           INFO     [94m    [0m[94m┃   [0m[94m    [0m[94m    [0m[94m    [0m[94m    [0m[94m       term_tree_maker.py:1029
                    [0m[94m    [0m[94m┃   [0m[94m┃   [0m[94m┣━━ [0m[1;38;5;160m📄                                       
                    text-section.hex         [0m    # BUILD_SRC_ICACHE_HEX_FILE                                         
           INFO     [94m    [0m[94m┃   [0m[94m    [0m[94m    [0m[94m    [0m[94m    [0m[94m       term_tree_maker.py:1029
                    [0m[94m    [0m[94m┃   [0m[94m┃   [0m[94m┣━━ [0m[1;38;5;160m📄                                       
                    data-section.hex         [0m    # BUILD_SRC_DCACHE_HEX_FILE                                         
           INFO     [94m    [0m[94m┃   [0m[94m    [0m[94m    [0m[94m    [0m[94m    [0m[94m       term_tree_maker.py:1029
                    [0m[94m    [0m[94m┃   [0m[94m┃   [0m[94m┣━━ [0m[1;38;5;160m📄                                       
                    icache_dcache.hex        [0m    # BUILD_WISHBONE_HEX_FILE                                           
           INFO     [94m    [0m[94m┃   [0m[94m    [0m[94m    [0m[94m    [0m[94m    [0m[94m       term_tree_maker.py:1029
                    [0m[94m    [0m[94m┃   [0m[94m┃   [0m[94m┗━━ [0m[1;38;5;160m📄                                       
                    cache_readme.txt         [0m    # BUILD_CACHE_README_FILE                                           
           INFO     [94m    [0m[94m┃   [0m[94m    [0m[94m    [0m[94m    [0m[94m    [0m[94m       term_tree_maker.py:1029
                    [0m[94m    [0m[94m┃   [0m[94m┗━━ [0m[1;38;5;69m📂 auipc-bypass/                                     
                    [0m    # BUILD_CACHE_OUTPUT_HEX_FILES_ROOT_DIR                                                      
           INFO     [94m    [0m[94m┃   [0m[94m    [0m[94m    [0m[94m    [0m[94m    [0m[94m       term_tree_maker.py:1029
                    [0m[94m    [0m[94m┃   [0m[94m    [0m[94m┣━━ [0m[1;38;5;69m📂 dcache/                                
                    [0m    # BUILD_DCACHE_DIR                                                                           
           INFO     [94m    [0m[94m┃   [0m[94m    [0m[94m    [0m[94m    [0m[94m    [0m[94m       term_tree_maker.py:1029
                    [0m[94m    [0m[94m┃   [0m[94m    [0m[94m┃   [0m[94m┣━━ [0m[1;38;5;160m📄                            
                    cachelines/          [0m    # BUILD_DCACHE_CACHELINES_DIR                                           
           INFO     [94m    [0m[94m┃   [0m[94m    [0m[94m    [0m[94m    [0m[94m    [0m[94m       term_tree_maker.py:1029
                    [0m[94m    [0m[94m┃   [0m[94m    [0m[94m┃   [0m[94m┗━━ [0m[1;38;5;160m📄                            
                    tagram/              [0m    # BUILD_DCACHE_TAGRAM_DIR                                               
           INFO     [94m    [0m[94m┃   [0m[94m    [0m[94m    [0m[94m    [0m[94m    [0m[94m       term_tree_maker.py:1029
                    [0m[94m    [0m[94m┃   [0m[94m    [0m[94m┗━━ [0m[1;38;5;69m📂 icache/                                
                    [0m    # BUILD_ICACHE_DIR                                                                           
           INFO     [94m    [0m[94m┃   [0m[94m    [0m[94m    [0m[94m    [0m[94m    [0m[94m       term_tree_maker.py:1029
                    [0m[94m    [0m[94m┃   [0m[94m    [0m[94m    [0m[94m┣━━ [0m[1;38;5;160m📄                            
                    cachelines/          [0m    # BUILD_ICACHE_CACHELINES_DIR                                           
           INFO     [94m    [0m[94m┃   [0m[94m    [0m[94m    [0m[94m    [0m[94m    [0m[94m       term_tree_maker.py:1029
                    [0m[94m    [0m[94m┃   [0m[94m    [0m[94m    [0m[94m┗━━ [0m[1;38;5;160m📄                            
                    tagram/              [0m    # BUILD_ICACHE_TAGRAM_DIR                                               
           INFO     [94m    [0m[94m┃   [0m[94m    [0m[94m    [0m[94m    [0m[94m    [0m[94m       term_tree_maker.py:1029
                    [0m[94m    [0m[94m┗━━ [0m[1;38;5;69m📂 bootrom/                         [0m                         
           INFO     [94m    [0m[94m┃   [0m[94m    [0m[94m    [0m[94m    [0m[94m    [0m[94m       term_tree_maker.py:1029
                    [0m[94m    [0m[94m    [0m[94m┗━━ [0m[1;38;5;160m📄 build/                                           
                    [0m    # BUILD_FW_BOOTROM_DIR                                                                       
           INFO     [94m    [0m[94m┃   [0m[94m    [0m[94m    [0m[94m    [0m[94m    [0m[94m       term_tree_maker.py:1029
                    [0m[94m    [0m[94m    [0m[94m┗━━ [0m[1;38;5;69m📂 hex-files/                                        
                    [0m    # BUILD_BOOTROM_HEX_FILES_DIR                                                                
           INFO     [94m    [0m[94m┃   [0m[94m    [0m[94m    [0m[94m    [0m[94m    [0m[94m       term_tree_maker.py:1029
                    [0m[94m    [0m[94m    [0m[94m    [0m[94m┗━━ [0m[1;38;5;160m📄 bootrom.hex                           
                    [0m    # BUILD_BOOTROM_HEX_FILES                                                                    
           INFO     [94m    [0m[94m┗━━ [0m[1;38;5;160m📄 common/                                 term_tree_maker.py:1029
                    [0m    # CURV_COMMON_DIR                                                                            
[05:00:51] INFO     [logger] configured: LoggingLevels(stderr_level=CRITICAL, file_level=DEBUG)            logger.py:171
[05:00:51] INFO     [logger] configured: LoggingLevels(stderr_level=CRITICAL, file_level=DEBUG)            logger.py:171
           INFO     [1;38;5;69m📂 CURV_REPO_DIR/                                                 term_tree_maker.py:1029
                    [0m    # root of curvcpu/curv repository                                                            
           INFO     [94m┗━━ [0m[1;38;5;69m📂 my-designs/                                         term_tree_maker.py:1029
                    [0m                                                                                                 
           INFO     [94m    [0m[94m┣━━ [0m[1;38;5;69m📂 riscv-soc/                               term_tree_maker.py:1029
                    [0m                                                                                                 
           INFO     [94m    [0m[94m┃   [0m[94m┣━━ [0m[1;38;5;69m📂 config/                       term_tree_maker.py:1029
                    [0m    # CURV_CONFIG_DIR                                                                            
           INFO     [94m    [0m[94m┃   [0m[94m┃   [0m[94m┣━━ [0m[1;38;5;69m📂 schema/            term_tree_maker.py:1029
                    [0m    # CURV_CONFIG_SCHEMA_DIR                                                                     
           INFO     [94m    [0m[94m┃   [0m[94m┃   [0m[94m┃   [0m[94m┣━━ [0m[1;38;5;160m📄        term_tree_maker.py:1029
                    schema.toml                                      [0m    #                                           
                    DEFAULT_SCHEMA_TOML_PATH                                                                            
           INFO     [94m    [0m[94m┃   [0m[94m┃   [0m[94m┃   [0m[94m┗━━ [0m[1;38;5;160m📄        term_tree_maker.py:1029
                    tb-extras-schema.toml                            [0m    #                                           
                    DEFAULT_TB_SCHEMA_TOML_PATH                                                                         
           INFO     [94m    [0m[94m┃   [0m[94m┃   [0m[94m┣━━ [0m[1;38;5;69m📂 profiles/          term_tree_maker.py:1029
                    [0m    # CURV_CONFIG_PROFILES_DIR                                                                   
           INFO     [94m    [0m[94m┃   [0m[94m┃   [0m[94m┃   [0m[94m┣━━ [0m[1;38;5;69m📂         term_tree_maker.py:1029
                    overlays/                                        [0m    #                                           
                    CURV_CONFIG_PROFILE_OVERLAYS_DIR                                                                    
           INFO     [94m    [0m[94m┃   [0m[94m┃   [0m[94m┃   [0m[94m┃   [0m[94m┗━━               term_tree_maker.py:1029
                    [0m[1;38;5;160m📄 tb.toml                                      [0m    #                             
                    DEFAULT_TB_OVERLAY_TOML_PATH                                                                        
           INFO     [94m    [0m[94m┃   [0m[94m┃   [0m[94m┃   [0m[94m┗━━ [0m[1;38;5;160m📄        term_tree_maker.py:1029
                    default.toml                                     [0m    #                                           
                    DEFAULT_PROFILE_TOML_PATH                                                                           
           INFO     [94m    [0m[94m┃   [0m[94m┃   [0m[94m┗━━ [0m[1;38;5;160m📄 memmap/           term_tree_maker.py:1029
                    [0m    # CURV_CONFIG_MEMMAP_DIR                                                                     
           INFO     [94m    [0m[94m┃   [0m[94m┣━━ [0m[1;38;5;69m📂 boards/                       term_tree_maker.py:1029
                    [0m    # CURV_BOARDS_DIR                                                                            
           INFO     [94m    [0m[94m┃   [0m[94m┃   [0m[94m┗━━ [0m[1;38;5;69m📂 gcm-1/             term_tree_maker.py:1029
                    [0m                                                                                                 
           INFO     [94m    [0m[94m┃   [0m[94m┃   [0m[94m    [0m[94m┗━━ [0m[1;38;5;160m📄        term_tree_maker.py:1029
                    devices/                                         [0m    #                                           
                    CURV_CONFIG_DEVICES_DIR                                                                             
           INFO     [94m    [0m[94m┃   [0m[94m┗━━ [0m[1;38;5;69m📂 riscv/                        term_tree_maker.py:1029
                    [0m    # CURV_RISCV_DIR                                                                             
           INFO     [94m    [0m[94m┃   [0m[94m    [0m[94m┣━━ [0m[1;38;5;69m📂 firmware/          term_tree_maker.py:1029
                    [0m    # CURV_FIRMWARE_DIR                                                                          
           INFO     [94m    [0m[94m┃   [0m[94m    [0m[94m┃   [0m[94m┗━━ [0m[1;38;5;69m📂         term_tree_maker.py:1029
                    cache-prefills/                                  [0m                                                
           INFO     [94m    [0m[94m┃   [0m[94m    [0m[94m┃   [0m[94m    [0m[94m┗━━               term_tree_maker.py:1029
                    [0m[1;38;5;160m📄 auipc-bypass/                                [0m    #                             
                    BUILD_CACHE_PREFILL_INPUT_DIR                                                                       
           INFO     [94m    [0m[94m┃   [0m[94m    [0m[94m┗━━ [0m[1;38;5;69m📂 tb/                term_tree_maker.py:1029
                    [0m                                                                                                 
           INFO     [94m    [0m[94m┃   [0m[94m    [0m[94m    [0m[94m┗━━ [0m[1;38;5;69m📂         term_tree_maker.py:1029
                    verilator/                                       [0m                                                
           INFO     [94m    [0m[94m┃   [0m[94m    [0m[94m    [0m[94m    [0m[94m┗━━               term_tree_maker.py:1029
                    [0m[1;38;5;69m📂 riscvcpu/                                    [0m                                   
           INFO     [94m    [0m[94m┃   [0m[94m    [0m[94m    [0m[94m    [0m[94m    [0m[94m┗━━    term_tree_maker.py:1029
                    [0m[1;38;5;69m📂 build/                                   [0m                                       
           INFO     [94m    [0m[94m┃   [0m[94m    [0m[94m    [0m[94m    [0m[94m    [0m[94m       term_tree_maker.py:1029
                    [0m[94m┣━━ [0m[1;38;5;69m📂 generated/                           [0m    #                           
                    BUILD_GENERATED_DIR                                                                                 
           INFO     [94m    [0m[94m┃   [0m[94m    [0m[94m    [0m[94m    [0m[94m    [0m[94m       term_tree_maker.py:1029
                    [0m[94m┃   [0m[94m┣━━ [0m[1;38;5;69m📂 config/                          [0m                         
           INFO     [94m    [0m[94m┃   [0m[94m    [0m[94m    [0m[94m    [0m[94m    [0m[94m       term_tree_maker.py:1029
                    [0m[94m┃   [0m[94m┃   [0m[94m┗━━ [0m[1;38;5;160m📄 merged.toml                                      
                    [0m    # DEFAULT_MERGED_TOML_NAME                                                                   
           INFO     [94m    [0m[94m┃   [0m[94m    [0m[94m    [0m[94m    [0m[94m    [0m[94m       term_tree_maker.py:1029
                    [0m[94m┃   [0m[94m┣━━ [0m[1;38;5;69m📂 make/                            [0m                         
           INFO     [94m    [0m[94m┃   [0m[94m    [0m[94m    [0m[94m    [0m[94m    [0m[94m       term_tree_maker.py:1029
                    [0m[94m┃   [0m[94m┃   [0m[94m┣━━ [0m[1;38;5;160m📄 config.mk.d                                      
                    [0m    # DEFAULT_DEP_FILE_NAME                                                                      
           INFO     [94m    [0m[94m┃   [0m[94m    [0m[94m    [0m[94m    [0m[94m    [0m[94m       term_tree_maker.py:1029
                    [0m[94m┃   [0m[94m┃   [0m[94m┗━━ [0m[1;38;5;160m📄 curv.mk                                          
                    [0m    # CONFIG_MK                                                                                  
           INFO     [94m    [0m[94m┃   [0m[94m    [0m[94m    [0m[94m    [0m[94m    [0m[94m       term_tree_maker.py:1029
                    [0m[94m┃   [0m[94m┣━━ [0m[1;38;5;69m📂 hdl/                             [0m                         
           INFO     [94m    [0m[94m┃   [0m[94m    [0m[94m    [0m[94m    [0m[94m    [0m[94m       term_tree_maker.py:1029
                    [0m[94m┃   [0m[94m┃   [0m[94m┣━━ [0m[1;38;5;160m📄 curvcfgpkg.sv                                    
                    [0m    # CONFIG_SVPKG                                                                               
           INFO     [94m    [0m[94m┃   [0m[94m    [0m[94m    [0m[94m    [0m[94m    [0m[94m       term_tree_maker.py:1029
                    [0m[94m┃   [0m[94m┃   [0m[94m┗━━ [0m[1;38;5;160m📄 curvcfg.svh                                      
                    [0m    # CONFIG_SVH                                                                                 
           INFO     [94m    [0m[94m┃   [0m[94m    [0m[94m    [0m[94m    [0m[94m    [0m[94m       term_tree_maker.py:1029
                    [0m[94m┃   [0m[94m┣━━ [0m[1;38;5;69m📂 docs/                            [0m                         
           INFO     [94m    [0m[94m┃   [0m[94m    [0m[94m    [0m[94m    [0m[94m    [0m[94m       term_tree_maker.py:1029
                    [0m[94m┃   [0m[94m┃   [0m[94m┗━━ [0m[1;38;5;160m📄 MEMORY_MAP.md                                    
                    [0m    # MEMMAP_MD                                                                                  
           INFO     [94m    [0m[94m┃   [0m[94m    [0m[94m    [0m[94m    [0m[94m    [0m[94m       term_tree_maker.py:1029
                    [0m[94m┃   [0m[94m┗━━ [0m[1;38;5;69m📂 shell/                           [0m                         
           INFO     [94m    [0m[94m┃   [0m[94m    [0m[94m    [0m[94m    [0m[94m    [0m[94m       term_tree_maker.py:1029
                    [0m[94m┃   [0m[94m    [0m[94m┗━━ [0m[1;38;5;160m📄 curv.env                                         
                    [0m    # CONFIG_ENV                                                                                 
           INFO     [94m    [0m[94m┃   [0m[94m    [0m[94m    [0m[94m    [0m[94m    [0m[94m       term_tree_maker.py:1029
                    [0m[94m┗━━ [0m[1;38;5;69m📂 fw/                                  [0m    #                           
                    BUILD_FIRMWARE_DIR                                                                                  
           INFO     [94m    [0m[94m┃   [0m[94m    [0m[94m    [0m[94m    [0m[94m    [0m[94m       term_tree_maker.py:1029
                    [0m[94m    [0m[94m┣━━ [0m[1;38;5;69m📂 cache-prefills/                  [0m                         
                    # BUILD_FW_CACHE_PREFILLS_DIR                                                                       
           INFO     [94m    [0m[94m┃   [0m[94m    [0m[94m    [0m[94m    [0m[94m    [0m[94m       term_tree_maker.py:1029
                    [0m[94m    [0m[94m┃   [0m[94m┣━━ [0m[1;38;5;69m📂 build/                                            
                    [0m    # BUILD_FW_CACHE_PREFILLS_BIN_DIR                                                            
           INFO     [94m    [0m[94m┃   [0m[94m    [0m[94m    [0m[94m    [0m[94m    [0m[94m       term_tree_maker.py:1029
                    [0m[94m    [0m[94m┃   [0m[94m┃   [0m[94m┣━━ [0m[1;38;5;160m📄                                       
                    cache_hex_files_paths.svh[0m    # BUILD_CACHE_PREFILL_HEX_HDR_FILE                                  
           INFO     [94m    [0m[94m┃   [0m[94m    [0m[94m    [0m[94m    [0m[94m    [0m[94m       term_tree_maker.py:1029
                    [0m[94m    [0m[94m┃   [0m[94m┃   [0m[94m┣━━ [0m[1;38;5;160m📄                                       
                    text-section.hex         [0m    # BUILD_SRC_ICACHE_HEX_FILE                                         
           INFO     [94m    [0m[94m┃   [0m[94m    [0m[94m    [0m[94m    [0m[94m    [0m[94m       term_tree_maker.py:1029
                    [0m[94m    [0m[94m┃   [0m[94m┃   [0m[94m┣━━ [0m[1;38;5;160m📄                                       
                    data-section.hex         [0m    # BUILD_SRC_DCACHE_HEX_FILE                                         
           INFO     [94m    [0m[94m┃   [0m[94m    [0m[94m    [0m[94m    [0m[94m    [0m[94m       term_tree_maker.py:1029
                    [0m[94m    [0m[94m┃   [0m[94m┃   [0m[94m┣━━ [0m[1;38;5;160m📄                                       
                    icache_dcache.hex        [0m    # BUILD_WISHBONE_HEX_FILE                                           
           INFO     [94m    [0m[94m┃   [0m[94m    [0m[94m    [0m[94m    [0m[94m    [0m[94m       term_tree_maker.py:1029
                    [0m[94m    [0m[94m┃   [0m[94m┃   [0m[94m┗━━ [0m[1;38;5;160m📄                                       
                    cache_readme.txt         [0m    # BUILD_CACHE_README_FILE                                           
           INFO     [94m    [0m[94m┃   [0m[94m    [0m[94m    [0m[94m    [0m[94m    [0m[94m       term_tree_maker.py:1029
                    [0m[94m    [0m[94m┃   [0m[94m┗━━ [0m[1;38;5;69m📂 auipc-bypass/                                     
                    [0m    # BUILD_CACHE_OUTPUT_HEX_FILES_ROOT_DIR                                                      
           INFO     [94m    [0m[94m┃   [0m[94m    [0m[94m    [0m[94m    [0m[94m    [0m[94m       term_tree_maker.py:1029
                    [0m[94m    [0m[94m┃   [0m[94m    [0m[94m┣━━ [0m[1;38;5;69m📂 dcache/                                
                    [0m    # BUILD_DCACHE_DIR                                                                           
           INFO     [94m    [0m[94m┃   [0m[94m    [0m[94m    [0m[94m    [0m[94m    [0m[94m       term_tree_maker.py:1029
                    [0m[94m    [0m[94m┃   [0m[94m    [0m[94m┃   [0m[94m┣━━ [0m[1;38;5;160m📄                            
                    cachelines/          [0m    # BUILD_DCACHE_CACHELINES_DIR                                           
           INFO     [94m    [0m[94m┃   [0m[94m    [0m[94m    [0m[94m    [0m[94m    [0m[94m       term_tree_maker.py:1029
                    [0m[94m    [0m[94m┃   [0m[94m    [0m[94m┃   [0m[94m┗━━ [0m[1;38;5;160m📄                            
                    tagram/              [0m    # BUILD_DCACHE_TAGRAM_DIR                                               
           INFO     [94m    [0m[94m┃   [0m[94m    [0m[94m    [0m[94m    [0m[94m    [0m[94m       term_tree_maker.py:1029
                    [0m[94m    [0m[94m┃   [0m[94m    [0m[94m┗━━ [0m[1;38;5;69m📂 icache/                                
                    [0m    # BUILD_ICACHE_DIR                                                                           
           INFO     [94m    [0m[94m┃   [0m[94m    [0m[94m    [0m[94m    [0m[94m    [0m[94m       term_tree_maker.py:1029
                    [0m[94m    [0m[94m┃   [0m[94m    [0m[94m    [0m[94m┣━━ [0m[1;38;5;160m📄                            
                    cachelines/          [0m    # BUILD_ICACHE_CACHELINES_DIR                                           
           INFO     [94m    [0m[94m┃   [0m[94m    [0m[94m    [0m[94m    [0m[94m    [0m[94m       term_tree_maker.py:1029
                    [0m[94m    [0m[94m┃   [0m[94m    [0m[94m    [0m[94m┗━━ [0m[1;38;5;160m📄                            
                    tagram/              [0m    # BUILD_ICACHE_TAGRAM_DIR                                               
           INFO     [94m    [0m[94m┃   [0m[94m    [0m[94m    [0m[94m    [0m[94m    [0m[94m       term_tree_maker.py:1029
                    [0m[94m    [0m[94m┗━━ [0m[1;38;5;69m📂 bootrom/                         [0m                         
           INFO     [94m    [0m[94m┃   [0m[94m    [0m[94m    [0m[94m    [0m[94m    [0m[94m       term_tree_maker.py:1029
                    [0m[94m    [0m[94m    [0m[94m┗━━ [0m[1;38;5;160m📄 build/                                           
                    [0m    # BUILD_FW_BOOTROM_DIR                                                                       
           INFO     [94m    [0m[94m┃   [0m[94m    [0m[94m    [0m[94m    [0m[94m    [0m[94m       term_tree_maker.py:1029
                    [0m[94m    [0m[94m    [0m[94m┗━━ [0m[1;38;5;69m📂 hex-files/                                        
                    [0m    # BUILD_BOOTROM_HEX_FILES_DIR                                                                
           INFO     [94m    [0m[94m┃   [0m[94m    [0m[94m    [0m[94m    [0m[94m    [0m[94m       term_tree_maker.py:1029
                    [0m[94m    [0m[94m    [0m[94m    [0m[94m┗━━ [0m[1;38;5;160m📄 bootrom.hex                           
                    [0m    # BUILD_BOOTROM_HEX_FILES                                                                    
           INFO     [94m    [0m[94m┗━━ [0m[1;38;5;160m📄 common/                                 term_tree_maker.py:1029
                    [0m    # CURV_COMMON_DIR                                                                            
[05:03:01] INFO     [logger] configured: LoggingLevels(stderr_level=CRITICAL, file_level=DEBUG)            logger.py:171
[05:03:01] INFO     [logger] configured: LoggingLevels(stderr_level=CRITICAL, file_level=DEBUG)            logger.py:171
           INFO     [1;38;5;69m📂 CURV_REPO_DIR/                                                 term_tree_maker.py:1029
                    [0m    # root of curvcpu/curv repository                                                            
           INFO     [94m┗━━ [0m[1;38;5;69m📂 my-designs/                                         term_tree_maker.py:1029
                    [0m                                                                                                 
           INFO     [94m    [0m[94m┣━━ [0m[1;38;5;69m📂 riscv-soc/                               term_tree_maker.py:1029
                    [0m                                                                                                 
           INFO     [94m    [0m[94m┃   [0m[94m┣━━ [0m[1;38;5;69m📂 config/                       term_tree_maker.py:1029
                    [0m    # CURV_CONFIG_DIR                                                                            
           INFO     [94m    [0m[94m┃   [0m[94m┃   [0m[94m┣━━ [0m[1;38;5;69m📂 schema/            term_tree_maker.py:1029
                    [0m    # CURV_CONFIG_SCHEMA_DIR                                                                     
           INFO     [94m    [0m[94m┃   [0m[94m┃   [0m[94m┃   [0m[94m┣━━ [0m[1;38;5;160m📄        term_tree_maker.py:1029
                    schema.toml                                      [0m    #                                           
                    DEFAULT_SCHEMA_TOML_PATH                                                                            
           INFO     [94m    [0m[94m┃   [0m[94m┃   [0m[94m┃   [0m[94m┗━━ [0m[1;38;5;160m📄        term_tree_maker.py:1029
                    tb-extras-schema.toml                            [0m    #                                           
                    DEFAULT_TB_SCHEMA_TOML_PATH                                                                         
           INFO     [94m    [0m[94m┃   [0m[94m┃   [0m[94m┣━━ [0m[1;38;5;69m📂 profiles/          term_tree_maker.py:1029
                    [0m    # CURV_CONFIG_PROFILES_DIR                                                                   
           INFO     [94m    [0m[94m┃   [0m[94m┃   [0m[94m┃   [0m[94m┣━━ [0m[1;38;5;69m📂         term_tree_maker.py:1029
                    overlays/                                        [0m    #                                           
                    CURV_CONFIG_PROFILE_OVERLAYS_DIR                                                                    
           INFO     [94m    [0m[94m┃   [0m[94m┃   [0m[94m┃   [0m[94m┃   [0m[94m┗━━               term_tree_maker.py:1029
                    [0m[1;38;5;160m📄 tb.toml                                      [0m    #                             
                    DEFAULT_TB_OVERLAY_TOML_PATH                                                                        
           INFO     [94m    [0m[94m┃   [0m[94m┃   [0m[94m┃   [0m[94m┗━━ [0m[1;38;5;160m📄        term_tree_maker.py:1029
                    default.toml                                     [0m    #                                           
                    DEFAULT_PROFILE_TOML_PATH                                                                           
           INFO     [94m    [0m[94m┃   [0m[94m┃   [0m[94m┗━━ [0m[1;38;5;160m📄 memmap/           term_tree_maker.py:1029
                    [0m    # CURV_CONFIG_MEMMAP_DIR                                                                     
           INFO     [94m    [0m[94m┃   [0m[94m┣━━ [0m[1;38;5;69m📂 boards/                       term_tree_maker.py:1029
                    [0m    # CURV_BOARDS_DIR                                                                            
           INFO     [94m    [0m[94m┃   [0m[94m┃   [0m[94m┗━━ [0m[1;38;5;69m📂 gcm-1/             term_tree_maker.py:1029
                    [0m                                                                                                 
           INFO     [94m    [0m[94m┃   [0m[94m┃   [0m[94m    [0m[94m┗━━ [0m[1;38;5;160m📄        term_tree_maker.py:1029
                    devices/                                         [0m    #                                           
                    CURV_CONFIG_DEVICES_DIR                                                                             
           INFO     [94m    [0m[94m┃   [0m[94m┗━━ [0m[1;38;5;69m📂 riscv/                        term_tree_maker.py:1029
                    [0m    # CURV_RISCV_DIR                                                                             
           INFO     [94m    [0m[94m┃   [0m[94m    [0m[94m┣━━ [0m[1;38;5;69m📂 firmware/          term_tree_maker.py:1029
                    [0m    # CURV_FIRMWARE_DIR                                                                          
           INFO     [94m    [0m[94m┃   [0m[94m    [0m[94m┃   [0m[94m┗━━ [0m[1;38;5;69m📂         term_tree_maker.py:1029
                    cache-prefills/                                  [0m                                                
           INFO     [94m    [0m[94m┃   [0m[94m    [0m[94m┃   [0m[94m    [0m[94m┗━━               term_tree_maker.py:1029
                    [0m[1;38;5;160m📄 auipc-bypass/                                [0m    #                             
                    BUILD_CACHE_PREFILL_INPUT_DIR                                                                       
           INFO     [94m    [0m[94m┃   [0m[94m    [0m[94m┗━━ [0m[1;38;5;69m📂 tb/                term_tree_maker.py:1029
                    [0m                                                                                                 
           INFO     [94m    [0m[94m┃   [0m[94m    [0m[94m    [0m[94m┗━━ [0m[1;38;5;69m📂         term_tree_maker.py:1029
                    verilator/                                       [0m                                                
           INFO     [94m    [0m[94m┃   [0m[94m    [0m[94m    [0m[94m    [0m[94m┗━━               term_tree_maker.py:1029
                    [0m[1;38;5;69m📂 riscvcpu/                                    [0m                                   
           INFO     [94m    [0m[94m┃   [0m[94m    [0m[94m    [0m[94m    [0m[94m    [0m[94m┗━━    term_tree_maker.py:1029
                    [0m[1;38;5;69m📂 build/                                   [0m                                       
           INFO     [94m    [0m[94m┃   [0m[94m    [0m[94m    [0m[94m    [0m[94m    [0m[94m       term_tree_maker.py:1029
                    [0m[94m┣━━ [0m[1;38;5;69m📂 generated/                           [0m    #                           
                    BUILD_GENERATED_DIR                                                                                 
           INFO     [94m    [0m[94m┃   [0m[94m    [0m[94m    [0m[94m    [0m[94m    [0m[94m       term_tree_maker.py:1029
                    [0m[94m┃   [0m[94m┣━━ [0m[1;38;5;69m📂 config/                          [0m                         
           INFO     [94m    [0m[94m┃   [0m[94m    [0m[94m    [0m[94m    [0m[94m    [0m[94m       term_tree_maker.py:1029
                    [0m[94m┃   [0m[94m┃   [0m[94m┗━━ [0m[1;38;5;160m📄 merged.toml                                      
                    [0m    # DEFAULT_MERGED_TOML_NAME                                                                   
           INFO     [94m    [0m[94m┃   [0m[94m    [0m[94m    [0m[94m    [0m[94m    [0m[94m       term_tree_maker.py:1029
                    [0m[94m┃   [0m[94m┣━━ [0m[1;38;5;69m📂 make/                            [0m                         
           INFO     [94m    [0m[94m┃   [0m[94m    [0m[94m    [0m[94m    [0m[94m    [0m[94m       term_tree_maker.py:1029
                    [0m[94m┃   [0m[94m┃   [0m[94m┣━━ [0m[1;38;5;160m📄 config.mk.d                                      
                    [0m    # DEFAULT_DEP_FILE_NAME                                                                      
           INFO     [94m    [0m[94m┃   [0m[94m    [0m[94m    [0m[94m    [0m[94m    [0m[94m       term_tree_maker.py:1029
                    [0m[94m┃   [0m[94m┃   [0m[94m┗━━ [0m[1;38;5;160m📄 curv.mk                                          
                    [0m    # CONFIG_MK                                                                                  
           INFO     [94m    [0m[94m┃   [0m[94m    [0m[94m    [0m[94m    [0m[94m    [0m[94m       term_tree_maker.py:1029
                    [0m[94m┃   [0m[94m┣━━ [0m[1;38;5;69m📂 hdl/                             [0m                         
           INFO     [94m    [0m[94m┃   [0m[94m    [0m[94m    [0m[94m    [0m[94m    [0m[94m       term_tree_maker.py:1029
                    [0m[94m┃   [0m[94m┃   [0m[94m┣━━ [0m[1;38;5;160m📄 curvcfgpkg.sv                                    
                    [0m    # CONFIG_SVPKG                                                                               
           INFO     [94m    [0m[94m┃   [0m[94m    [0m[94m    [0m[94m    [0m[94m    [0m[94m       term_tree_maker.py:1029
                    [0m[94m┃   [0m[94m┃   [0m[94m┣━━ [0m[1;38;5;160m📄 curvcfg.svh                                      
                    [0m    # CONFIG_SVH                                                                                 
           INFO     [94m    [0m[94m┃   [0m[94m    [0m[94m    [0m[94m    [0m[94m    [0m[94m       term_tree_maker.py:1029
                    [0m[94m┃   [0m[94m┃   [0m[94m┗━━ [0m[1;38;5;160m📄 memmappkg.sv                                     
                    [0m    # MEMMAP_SV                                                                                  
           INFO     [94m    [0m[94m┃   [0m[94m    [0m[94m    [0m[94m    [0m[94m    [0m[94m       term_tree_maker.py:1029
                    [0m[94m┃   [0m[94m┣━━ [0m[1;38;5;69m📂 docs/                            [0m                         
           INFO     [94m    [0m[94m┃   [0m[94m    [0m[94m    [0m[94m    [0m[94m    [0m[94m       term_tree_maker.py:1029
                    [0m[94m┃   [0m[94m┃   [0m[94m┗━━ [0m[1;38;5;160m📄 MEMORY_MAP.md                                    
                    [0m    # MEMMAP_MD                                                                                  
           INFO     [94m    [0m[94m┃   [0m[94m    [0m[94m    [0m[94m    [0m[94m    [0m[94m       term_tree_maker.py:1029
                    [0m[94m┃   [0m[94m┗━━ [0m[1;38;5;69m📂 shell/                           [0m                         
           INFO     [94m    [0m[94m┃   [0m[94m    [0m[94m    [0m[94m    [0m[94m    [0m[94m       term_tree_maker.py:1029
                    [0m[94m┃   [0m[94m    [0m[94m┗━━ [0m[1;38;5;160m📄 curv.env                                         
                    [0m    # CONFIG_ENV                                                                                 
           INFO     [94m    [0m[94m┃   [0m[94m    [0m[94m    [0m[94m    [0m[94m    [0m[94m       term_tree_maker.py:1029
                    [0m[94m┗━━ [0m[1;38;5;69m📂 fw/                                  [0m    #                           
                    BUILD_FIRMWARE_DIR                                                                                  
           INFO     [94m    [0m[94m┃   [0m[94m    [0m[94m    [0m[94m    [0m[94m    [0m[94m       term_tree_maker.py:1029
                    [0m[94m    [0m[94m┣━━ [0m[1;38;5;69m📂 cache-prefills/                  [0m                         
                    # BUILD_FW_CACHE_PREFILLS_DIR                                                                       
           INFO     [94m    [0m[94m┃   [0m[94m    [0m[94m    [0m[94m    [0m[94m    [0m[94m       term_tree_maker.py:1029
                    [0m[94m    [0m[94m┃   [0m[94m┣━━ [0m[1;38;5;69m📂 build/                                            
                    [0m    # BUILD_FW_CACHE_PREFILLS_BIN_DIR                                                            
           INFO     [94m    [0m[94m┃   [0m[94m    [0m[94m    [0m[94m    [0m[94m    [0m[94m       term_tree_maker.py:1029
                    [0m[94m    [0m[94m┃   [0m[94m┃   [0m[94m┣━━ [0m[1;38;5;160m📄                                       
                    cache_hex_files_paths.svh[0m    # BUILD_CACHE_PREFILL_HEX_HDR_FILE                                  
           INFO     [94m    [0m[94m┃   [0m[94m    [0m[94m    [0m[94m    [0m[94m    [0m[94m       term_tree_maker.py:1029
                    [0m[94m    [0m[94m┃   [0m[94m┃   [0m[94m┣━━ [0m[1;38;5;160m📄                                       
                    text-section.hex         [0m    # BUILD_SRC_ICACHE_HEX_FILE                                         
           INFO     [94m    [0m[94m┃   [0m[94m    [0m[94m    [0m[94m    [0m[94m    [0m[94m       term_tree_maker.py:1029
                    [0m[94m    [0m[94m┃   [0m[94m┃   [0m[94m┣━━ [0m[1;38;5;160m📄                                       
                    data-section.hex         [0m    # BUILD_SRC_DCACHE_HEX_FILE                                         
           INFO     [94m    [0m[94m┃   [0m[94m    [0m[94m    [0m[94m    [0m[94m    [0m[94m       term_tree_maker.py:1029
                    [0m[94m    [0m[94m┃   [0m[94m┃   [0m[94m┣━━ [0m[1;38;5;160m📄                                       
                    icache_dcache.hex        [0m    # BUILD_WISHBONE_HEX_FILE                                           
           INFO     [94m    [0m[94m┃   [0m[94m    [0m[94m    [0m[94m    [0m[94m    [0m[94m       term_tree_maker.py:1029
                    [0m[94m    [0m[94m┃   [0m[94m┃   [0m[94m┗━━ [0m[1;38;5;160m📄                                       
                    cache_readme.txt         [0m    # BUILD_CACHE_README_FILE                                           
           INFO     [94m    [0m[94m┃   [0m[94m    [0m[94m    [0m[94m    [0m[94m    [0m[94m       term_tree_maker.py:1029
                    [0m[94m    [0m[94m┃   [0m[94m┗━━ [0m[1;38;5;69m📂 auipc-bypass/                                     
                    [0m    # BUILD_CACHE_OUTPUT_HEX_FILES_ROOT_DIR                                                      
           INFO     [94m    [0m[94m┃   [0m[94m    [0m[94m    [0m[94m    [0m[94m    [0m[94m       term_tree_maker.py:1029
                    [0m[94m    [0m[94m┃   [0m[94m    [0m[94m┣━━ [0m[1;38;5;69m📂 dcache/                                
                    [0m    # BUILD_DCACHE_DIR                                                                           
           INFO     [94m    [0m[94m┃   [0m[94m    [0m[94m    [0m[94m    [0m[94m    [0m[94m       term_tree_maker.py:1029
                    [0m[94m    [0m[94m┃   [0m[94m    [0m[94m┃   [0m[94m┣━━ [0m[1;38;5;160m📄                            
                    cachelines/          [0m    # BUILD_DCACHE_CACHELINES_DIR                                           
           INFO     [94m    [0m[94m┃   [0m[94m    [0m[94m    [0m[94m    [0m[94m    [0m[94m       term_tree_maker.py:1029
                    [0m[94m    [0m[94m┃   [0m[94m    [0m[94m┃   [0m[94m┗━━ [0m[1;38;5;160m📄                            
                    tagram/              [0m    # BUILD_DCACHE_TAGRAM_DIR                                               
           INFO     [94m    [0m[94m┃   [0m[94m    [0m[94m    [0m[94m    [0m[94m    [0m[94m       term_tree_maker.py:1029
                    [0m[94m    [0m[94m┃   [0m[94m    [0m[94m┗━━ [0m[1;38;5;69m📂 icache/                                
                    [0m    # BUILD_ICACHE_DIR                                                                           
           INFO     [94m    [0m[94m┃   [0m[94m    [0m[94m    [0m[94m    [0m[94m    [0m[94m       term_tree_maker.py:1029
                    [0m[94m    [0m[94m┃   [0m[94m    [0m[94m    [0m[94m┣━━ [0m[1;38;5;160m📄                            
                    cachelines/          [0m    # BUILD_ICACHE_CACHELINES_DIR                                           
           INFO     [94m    [0m[94m┃   [0m[94m    [0m[94m    [0m[94m    [0m[94m    [0m[94m       term_tree_maker.py:1029
                    [0m[94m    [0m[94m┃   [0m[94m    [0m[94m    [0m[94m┗━━ [0m[1;38;5;160m📄                            
                    tagram/              [0m    # BUILD_ICACHE_TAGRAM_DIR                                               
           INFO     [94m    [0m[94m┃   [0m[94m    [0m[94m    [0m[94m    [0m[94m    [0m[94m       term_tree_maker.py:1029
                    [0m[94m    [0m[94m┗━━ [0m[1;38;5;69m📂 bootrom/                         [0m                         
           INFO     [94m    [0m[94m┃   [0m[94m    [0m[94m    [0m[94m    [0m[94m    [0m[94m       term_tree_maker.py:1029
                    [0m[94m    [0m[94m    [0m[94m┗━━ [0m[1;38;5;160m📄 build/                                           
                    [0m    # BUILD_FW_BOOTROM_DIR                                                                       
           INFO     [94m    [0m[94m┃   [0m[94m    [0m[94m    [0m[94m    [0m[94m    [0m[94m       term_tree_maker.py:1029
                    [0m[94m    [0m[94m    [0m[94m┗━━ [0m[1;38;5;69m📂 hex-files/                                        
                    [0m    # BUILD_BOOTROM_HEX_FILES_DIR                                                                
           INFO     [94m    [0m[94m┃   [0m[94m    [0m[94m    [0m[94m    [0m[94m    [0m[94m       term_tree_maker.py:1029
                    [0m[94m    [0m[94m    [0m[94m    [0m[94m┗━━ [0m[1;38;5;160m📄 bootrom.hex                           
                    [0m    # BUILD_BOOTROM_HEX_FILES                                                                    
           INFO     [94m    [0m[94m┗━━ [0m[1;38;5;160m📄 common/                                 term_tree_maker.py:1029
                    [0m    # CURV_COMMON_DIR                                                                            
[05:07:54] INFO     [logger] configured: LoggingLevels(stderr_level=CRITICAL, file_level=DEBUG)            logger.py:171
[05:07:54] INFO     [logger] configured: LoggingLevels(stderr_level=CRITICAL, file_level=DEBUG)            logger.py:171
           INFO     [1;38;5;69m📂 CURV_REPO_DIR/                                                 term_tree_maker.py:1029
                    [0m    # root of curvcpu/curv repository                                                            
           INFO     [94m┗━━ [0m[1;38;5;69m📂 my-designs/                                         term_tree_maker.py:1029
                    [0m                                                                                                 
           INFO     [94m    [0m[94m┣━━ [0m[1;38;5;69m📂 riscv-soc/                               term_tree_maker.py:1029
                    [0m                                                                                                 
           INFO     [94m    [0m[94m┃   [0m[94m┣━━ [0m[1;38;5;69m📂 config/                       term_tree_maker.py:1029
                    [0m    # CURV_CONFIG_DIR                                                                            
           INFO     [94m    [0m[94m┃   [0m[94m┃   [0m[94m┣━━ [0m[1;38;5;69m📂 schema/            term_tree_maker.py:1029
                    [0m    # CURV_CONFIG_SCHEMA_DIR                                                                     
           INFO     [94m    [0m[94m┃   [0m[94m┃   [0m[94m┃   [0m[94m┣━━ [0m[1;38;5;160m📄        term_tree_maker.py:1029
                    schema.toml                                          [0m    #                                       
                    DEFAULT_SCHEMA_TOML_PATH                                                                            
           INFO     [94m    [0m[94m┃   [0m[94m┃   [0m[94m┃   [0m[94m┗━━ [0m[1;38;5;160m📄        term_tree_maker.py:1029
                    tb-extras-schema.toml                                [0m    #                                       
                    DEFAULT_TB_SCHEMA_TOML_PATH                                                                         
           INFO     [94m    [0m[94m┃   [0m[94m┃   [0m[94m┣━━ [0m[1;38;5;69m📂 profiles/          term_tree_maker.py:1029
                    [0m    # CURV_CONFIG_PROFILES_DIR                                                                   
           INFO     [94m    [0m[94m┃   [0m[94m┃   [0m[94m┃   [0m[94m┣━━ [0m[1;38;5;69m📂         term_tree_maker.py:1029
                    overlays/                                            [0m    #                                       
                    CURV_CONFIG_PROFILE_OVERLAYS_DIR                                                                    
           INFO     [94m    [0m[94m┃   [0m[94m┃   [0m[94m┃   [0m[94m┃   [0m[94m┗━━               term_tree_maker.py:1029
                    [0m[1;38;5;160m📄 tb.toml                                          [0m    #                         
                    DEFAULT_TB_OVERLAY_TOML_PATH                                                                        
           INFO     [94m    [0m[94m┃   [0m[94m┃   [0m[94m┃   [0m[94m┗━━ [0m[1;38;5;160m📄        term_tree_maker.py:1029
                    default.toml                                         [0m    #                                       
                    DEFAULT_PROFILE_TOML_PATH                                                                           
           INFO     [94m    [0m[94m┃   [0m[94m┃   [0m[94m┗━━ [0m[1;38;5;160m📄 memmap/           term_tree_maker.py:1029
                    [0m    # CURV_CONFIG_MEMMAP_DIR                                                                     
           INFO     [94m    [0m[94m┃   [0m[94m┣━━ [0m[1;38;5;69m📂 boards/                       term_tree_maker.py:1029
                    [0m    # CURV_BOARDS_DIR                                                                            
           INFO     [94m    [0m[94m┃   [0m[94m┃   [0m[94m┗━━ [0m[1;38;5;69m📂 gcm-1/             term_tree_maker.py:1029
                    [0m                                                                                                 
           INFO     [94m    [0m[94m┃   [0m[94m┃   [0m[94m    [0m[94m┗━━ [0m[1;38;5;160m📄        term_tree_maker.py:1029
                    devices/                                             [0m    #                                       
                    CURV_CONFIG_DEVICES_DIR                                                                             
           INFO     [94m    [0m[94m┃   [0m[94m┗━━ [0m[1;38;5;69m📂 riscv/                        term_tree_maker.py:1029
                    [0m    # CURV_RISCV_DIR                                                                             
           INFO     [94m    [0m[94m┃   [0m[94m    [0m[94m┣━━ [0m[1;38;5;69m📂 firmware/          term_tree_maker.py:1029
                    [0m    # CURV_FIRMWARE_DIR                                                                          
           INFO     [94m    [0m[94m┃   [0m[94m    [0m[94m┃   [0m[94m┗━━ [0m[1;38;5;69m📂         term_tree_maker.py:1029
                    cache-prefills/                                      [0m                                            
           INFO     [94m    [0m[94m┃   [0m[94m    [0m[94m┃   [0m[94m    [0m[94m┗━━               term_tree_maker.py:1029
                    [0m[1;38;5;160m📄 auipc-bypass/                                    [0m    #                         
                    BUILD_CACHE_PREFILL_INPUT_DIR                                                                       
           INFO     [94m    [0m[94m┃   [0m[94m    [0m[94m┗━━ [0m[1;38;5;69m📂 tb/                term_tree_maker.py:1029
                    [0m                                                                                                 
           INFO     [94m    [0m[94m┃   [0m[94m    [0m[94m    [0m[94m┗━━ [0m[1;38;5;69m📂         term_tree_maker.py:1029
                    verilator/                                           [0m                                            
           INFO     [94m    [0m[94m┃   [0m[94m    [0m[94m    [0m[94m    [0m[94m┗━━               term_tree_maker.py:1029
                    [0m[1;38;5;69m📂 riscvcpu/                                        [0m                               
           INFO     [94m    [0m[94m┃   [0m[94m    [0m[94m    [0m[94m    [0m[94m    [0m[94m┗━━    term_tree_maker.py:1029
                    [0m[1;38;5;69m📂 build/                                       [0m                                   
           INFO     [94m    [0m[94m┃   [0m[94m    [0m[94m    [0m[94m    [0m[94m    [0m[94m       term_tree_maker.py:1029
                    [0m[94m┣━━ [0m[1;38;5;69m📂 generated/                               [0m                            
                    # BUILD_GENERATED_DIR                                                                               
           INFO     [94m    [0m[94m┃   [0m[94m    [0m[94m    [0m[94m    [0m[94m    [0m[94m       term_tree_maker.py:1029
                    [0m[94m┃   [0m[94m┣━━ [0m[1;38;5;69m📂 config/                                                      
                    [0m                                                                                                 
           INFO     [94m    [0m[94m┃   [0m[94m    [0m[94m    [0m[94m    [0m[94m    [0m[94m       term_tree_maker.py:1029
                    [0m[94m┃   [0m[94m┃   [0m[94m┗━━ [0m[1;38;5;160m📄 merged.toml                                      
                    [0m    # DEFAULT_MERGED_TOML_NAME                                                                   
           INFO     [94m    [0m[94m┃   [0m[94m    [0m[94m    [0m[94m    [0m[94m    [0m[94m       term_tree_maker.py:1029
                    [0m[94m┃   [0m[94m┣━━ [0m[1;38;5;69m📂 make/                                                        
                    [0m                                                                                                 
           INFO     [94m    [0m[94m┃   [0m[94m    [0m[94m    [0m[94m    [0m[94m    [0m[94m       term_tree_maker.py:1029
                    [0m[94m┃   [0m[94m┃   [0m[94m┣━━ [0m[1;38;5;160m📄 config.mk.d                                      
                    [0m    # DEFAULT_DEP_FILE_NAME                                                                      
           INFO     [94m    [0m[94m┃   [0m[94m    [0m[94m    [0m[94m    [0m[94m    [0m[94m       term_tree_maker.py:1029
                    [0m[94m┃   [0m[94m┃   [0m[94m┗━━ [0m[1;38;5;160m📄 curv.mk                                          
                    [0m    # CONFIG_MK                                                                                  
           INFO     [94m    [0m[94m┃   [0m[94m    [0m[94m    [0m[94m    [0m[94m    [0m[94m       term_tree_maker.py:1029
                    [0m[94m┃   [0m[94m┣━━ [0m[1;38;5;69m📂 hdl/                                                         
                    [0m                                                                                                 
           INFO     [94m    [0m[94m┃   [0m[94m    [0m[94m    [0m[94m    [0m[94m    [0m[94m       term_tree_maker.py:1029
                    [0m[94m┃   [0m[94m┃   [0m[94m┣━━ [0m[1;38;5;160m📄 curvcfgpkg.sv                                    
                    [0m    # CONFIG_SVPKG                                                                               
           INFO     [94m    [0m[94m┃   [0m[94m    [0m[94m    [0m[94m    [0m[94m    [0m[94m       term_tree_maker.py:1029
                    [0m[94m┃   [0m[94m┃   [0m[94m┣━━ [0m[1;38;5;160m📄 curvcfg.svh                                      
                    [0m    # CONFIG_SVH                                                                                 
           INFO     [94m    [0m[94m┃   [0m[94m    [0m[94m    [0m[94m    [0m[94m    [0m[94m       term_tree_maker.py:1029
                    [0m[94m┃   [0m[94m┃   [0m[94m┗━━ [0m[1;38;5;160m📄 memmappkg.sv                                     
                    [0m    # MEMMAP_SV                                                                                  
           INFO     [94m    [0m[94m┃   [0m[94m    [0m[94m    [0m[94m    [0m[94m    [0m[94m       term_tree_maker.py:1029
                    [0m[94m┃   [0m[94m┣━━ [0m[1;38;5;69m📂 docs/                                                        
                    [0m                                                                                                 
           INFO     [94m    [0m[94m┃   [0m[94m    [0m[94m    [0m[94m    [0m[94m    [0m[94m       term_tree_maker.py:1029
                    [0m[94m┃   [0m[94m┃   [0m[94m┗━━ [0m[1;38;5;160m📄 MEMORY_MAP.md                                    
                    [0m    # MEMMAP_MD                                                                                  
           INFO     [94m    [0m[94m┃   [0m[94m    [0m[94m    [0m[94m    [0m[94m    [0m[94m       term_tree_maker.py:1029
                    [0m[94m┃   [0m[94m┗━━ [0m[1;38;5;69m📂 shell/                                                       
                    [0m                                                                                                 
           INFO     [94m    [0m[94m┃   [0m[94m    [0m[94m    [0m[94m    [0m[94m    [0m[94m       term_tree_maker.py:1029
                    [0m[94m┃   [0m[94m    [0m[94m┗━━ [0m[1;38;5;160m📄 curv.env                                         
                    [0m    # CONFIG_ENV                                                                                 
           INFO     [94m    [0m[94m┃   [0m[94m    [0m[94m    [0m[94m    [0m[94m    [0m[94m       term_tree_maker.py:1029
                    [0m[94m┗━━ [0m[1;38;5;69m📂 fw/                                      [0m                            
                    # BUILD_FIRMWARE_DIR                                                                                
           INFO     [94m    [0m[94m┃   [0m[94m    [0m[94m    [0m[94m    [0m[94m    [0m[94m       term_tree_maker.py:1029
                    [0m[94m    [0m[94m┣━━ [0m[1;38;5;69m📂 cache-prefills/                                              
                    [0m    # BUILD_FW_CACHE_PREFILLS_DIR                                                                
           INFO     [94m    [0m[94m┃   [0m[94m    [0m[94m    [0m[94m    [0m[94m    [0m[94m       term_tree_maker.py:1029
                    [0m[94m    [0m[94m┃   [0m[94m┣━━ [0m[1;38;5;69m📂 build/                                            
                    [0m    # BUILD_FW_CACHE_PREFILLS_BIN_DIR                                                            
           INFO     [94m    [0m[94m┃   [0m[94m    [0m[94m    [0m[94m    [0m[94m    [0m[94m       term_tree_maker.py:1029
                    [0m[94m    [0m[94m┃   [0m[94m┃   [0m[94m┣━━ [0m[1;38;5;160m📄                                       
                    text-section.hex             [0m    # BUILD_SRC_ICACHE_HEX_FILE                                     
           INFO     [94m    [0m[94m┃   [0m[94m    [0m[94m    [0m[94m    [0m[94m    [0m[94m       term_tree_maker.py:1029
                    [0m[94m    [0m[94m┃   [0m[94m┃   [0m[94m┣━━ [0m[1;38;5;160m📄                                       
                    data-section.hex             [0m    # BUILD_SRC_DCACHE_HEX_FILE                                     
           INFO     [94m    [0m[94m┃   [0m[94m    [0m[94m    [0m[94m    [0m[94m    [0m[94m       term_tree_maker.py:1029
                    [0m[94m    [0m[94m┃   [0m[94m┃   [0m[94m┗━━ [0m[1;38;5;160m📄                                       
                    icache_dcache.hex            [0m    # BUILD_WISHBONE_HEX_FILE                                       
           INFO     [94m    [0m[94m┃   [0m[94m    [0m[94m    [0m[94m    [0m[94m    [0m[94m       term_tree_maker.py:1029
                    [0m[94m    [0m[94m┃   [0m[94m┣━━ [0m[1;38;5;69m📂 auipc-bypass/                                     
                    [0m    # BUILD_CACHE_OUTPUT_HEX_FILES_ROOT_DIR                                                      
           INFO     [94m    [0m[94m┃   [0m[94m    [0m[94m    [0m[94m    [0m[94m    [0m[94m       term_tree_maker.py:1029
                    [0m[94m    [0m[94m┃   [0m[94m┃   [0m[94m┣━━ [0m[1;38;5;69m📂 dcache/                                
                    [0m    # BUILD_DCACHE_DIR                                                                           
           INFO     [94m    [0m[94m┃   [0m[94m    [0m[94m    [0m[94m    [0m[94m    [0m[94m       term_tree_maker.py:1029
                    [0m[94m    [0m[94m┃   [0m[94m┃   [0m[94m┃   [0m[94m┣━━ [0m[1;38;5;160m📄                            
                    cachelines/              [0m    # BUILD_DCACHE_CACHELINES_DIR                                       
           INFO     [94m    [0m[94m┃   [0m[94m    [0m[94m    [0m[94m    [0m[94m    [0m[94m       term_tree_maker.py:1029
                    [0m[94m    [0m[94m┃   [0m[94m┃   [0m[94m┃   [0m[94m┗━━ [0m[1;38;5;160m📄                            
                    tagram/                  [0m    # BUILD_DCACHE_TAGRAM_DIR                                           
           INFO     [94m    [0m[94m┃   [0m[94m    [0m[94m    [0m[94m    [0m[94m    [0m[94m       term_tree_maker.py:1029
                    [0m[94m    [0m[94m┃   [0m[94m┃   [0m[94m┗━━ [0m[1;38;5;69m📂 icache/                                
                    [0m    # BUILD_ICACHE_DIR                                                                           
           INFO     [94m    [0m[94m┃   [0m[94m    [0m[94m    [0m[94m    [0m[94m    [0m[94m       term_tree_maker.py:1029
                    [0m[94m    [0m[94m┃   [0m[94m┃   [0m[94m    [0m[94m┣━━ [0m[1;38;5;160m📄                            
                    cachelines/              [0m    # BUILD_ICACHE_CACHELINES_DIR                                       
           INFO     [94m    [0m[94m┃   [0m[94m    [0m[94m    [0m[94m    [0m[94m    [0m[94m       term_tree_maker.py:1029
                    [0m[94m    [0m[94m┃   [0m[94m┃   [0m[94m    [0m[94m┗━━ [0m[1;38;5;160m📄                            
                    tagram/                  [0m    # BUILD_ICACHE_TAGRAM_DIR                                           
           INFO     [94m    [0m[94m┃   [0m[94m    [0m[94m    [0m[94m    [0m[94m    [0m[94m       term_tree_maker.py:1029
                    [0m[94m    [0m[94m┃   [0m[94m┗━━ [0m[1;38;5;69m📂 generated/                                        
                    [0m                                                                                                 
           INFO     [94m    [0m[94m┃   [0m[94m    [0m[94m    [0m[94m    [0m[94m    [0m[94m       term_tree_maker.py:1029
                    [0m[94m    [0m[94m┃   [0m[94m    [0m[94m┣━━ [0m[1;38;5;69m📂 hdl/                                   
                    [0m    # BUILD_CACHE_PREFILL_HDL_DIR                                                                
           INFO     [94m    [0m[94m┃   [0m[94m    [0m[94m    [0m[94m    [0m[94m    [0m[94m       term_tree_maker.py:1029
                    [0m[94m    [0m[94m┃   [0m[94m    [0m[94m┃   [0m[94m┗━━ [0m[1;38;5;160m📄                            
                    cache_hex_files_paths.svh[0m    # BUILD_CACHE_PREFILL_HEX_HDR_FILE                                  
           INFO     [94m    [0m[94m┃   [0m[94m    [0m[94m    [0m[94m    [0m[94m    [0m[94m       term_tree_maker.py:1029
                    [0m[94m    [0m[94m┃   [0m[94m    [0m[94m┗━━ [0m[1;38;5;69m📂 docs/                                  
                    [0m    # BUILD_CACHE_PREFILL_DOCS_DIR                                                               
           INFO     [94m    [0m[94m┃   [0m[94m    [0m[94m    [0m[94m    [0m[94m    [0m[94m       term_tree_maker.py:1029
                    [0m[94m    [0m[94m┃   [0m[94m    [0m[94m    [0m[94m┗━━ [0m[1;38;5;160m📄                            
                    cache_readme.txt         [0m    # BUILD_CACHE_README_FILE                                           
           INFO     [94m    [0m[94m┃   [0m[94m    [0m[94m    [0m[94m    [0m[94m    [0m[94m       term_tree_maker.py:1029
                    [0m[94m    [0m[94m┗━━ [0m[1;38;5;69m📂 bootrom/                                                     
                    [0m                                                                                                 
           INFO     [94m    [0m[94m┃   [0m[94m    [0m[94m    [0m[94m    [0m[94m    [0m[94m       term_tree_maker.py:1029
                    [0m[94m    [0m[94m    [0m[94m┗━━ [0m[1;38;5;160m📄 build/                                           
                    [0m    # BUILD_FW_BOOTROM_DIR                                                                       
           INFO     [94m    [0m[94m┃   [0m[94m    [0m[94m    [0m[94m    [0m[94m    [0m[94m       term_tree_maker.py:1029
                    [0m[94m    [0m[94m    [0m[94m┗━━ [0m[1;38;5;69m📂 hex-files/                                        
                    [0m    # BUILD_BOOTROM_HEX_FILES_DIR                                                                
           INFO     [94m    [0m[94m┃   [0m[94m    [0m[94m    [0m[94m    [0m[94m    [0m[94m       term_tree_maker.py:1029
                    [0m[94m    [0m[94m    [0m[94m    [0m[94m┗━━ [0m[1;38;5;160m📄 bootrom.hex                           
                    [0m    # BUILD_BOOTROM_HEX_FILES                                                                    
           INFO     [94m    [0m[94m┗━━ [0m[1;38;5;160m📄 common/                                 term_tree_maker.py:1029
                    [0m    # CURV_COMMON_DIR                                                                            
[05:09:15] INFO     [logger] configured: LoggingLevels(stderr_level=CRITICAL, file_level=DEBUG)            logger.py:171
[05:09:15] INFO     [logger] configured: LoggingLevels(stderr_level=CRITICAL, file_level=DEBUG)            logger.py:171
           INFO     [1;38;5;69m📂 CURV_REPO_DIR/                                                 term_tree_maker.py:1029
                    [0m    # root of curvcpu/curv repository                                                            
           INFO     [94m┗━━ [0m[1;38;5;69m📂 my-designs/                                         term_tree_maker.py:1029
                    [0m                                                                                                 
           INFO     [94m    [0m[94m┣━━ [0m[1;38;5;69m📂 riscv-soc/                               term_tree_maker.py:1029
                    [0m                                                                                                 
           INFO     [94m    [0m[94m┃   [0m[94m┣━━ [0m[1;38;5;69m📂 config/                       term_tree_maker.py:1029
                    [0m    # CURV_CONFIG_DIR                                                                            
           INFO     [94m    [0m[94m┃   [0m[94m┃   [0m[94m┣━━ [0m[1;38;5;69m📂 schema/            term_tree_maker.py:1029
                    [0m    # CURV_CONFIG_SCHEMA_DIR                                                                     
           INFO     [94m    [0m[94m┃   [0m[94m┃   [0m[94m┃   [0m[94m┣━━ [0m[1;38;5;160m📄        term_tree_maker.py:1029
                    schema.toml                                          [0m    #                                       
                    DEFAULT_SCHEMA_TOML_PATH                                                                            
           INFO     [94m    [0m[94m┃   [0m[94m┃   [0m[94m┃   [0m[94m┗━━ [0m[1;38;5;160m📄        term_tree_maker.py:1029
                    tb-extras-schema.toml                                [0m    #                                       
                    DEFAULT_TB_SCHEMA_TOML_PATH                                                                         
           INFO     [94m    [0m[94m┃   [0m[94m┃   [0m[94m┣━━ [0m[1;38;5;69m📂 profiles/          term_tree_maker.py:1029
                    [0m    # CURV_CONFIG_PROFILES_DIR                                                                   
           INFO     [94m    [0m[94m┃   [0m[94m┃   [0m[94m┃   [0m[94m┣━━ [0m[1;38;5;69m📂         term_tree_maker.py:1029
                    overlays/                                            [0m    #                                       
                    CURV_CONFIG_PROFILE_OVERLAYS_DIR                                                                    
           INFO     [94m    [0m[94m┃   [0m[94m┃   [0m[94m┃   [0m[94m┃   [0m[94m┗━━               term_tree_maker.py:1029
                    [0m[1;38;5;160m📄 tb.toml                                          [0m    #                         
                    DEFAULT_TB_OVERLAY_TOML_PATH                                                                        
           INFO     [94m    [0m[94m┃   [0m[94m┃   [0m[94m┃   [0m[94m┗━━ [0m[1;38;5;160m📄        term_tree_maker.py:1029
                    default.toml                                         [0m    #                                       
                    DEFAULT_PROFILE_TOML_PATH                                                                           
           INFO     [94m    [0m[94m┃   [0m[94m┃   [0m[94m┗━━ [0m[1;38;5;160m📄 memmap/           term_tree_maker.py:1029
                    [0m    # CURV_CONFIG_MEMMAP_DIR                                                                     
           INFO     [94m    [0m[94m┃   [0m[94m┣━━ [0m[1;38;5;69m📂 boards/                       term_tree_maker.py:1029
                    [0m    # CURV_BOARDS_DIR                                                                            
           INFO     [94m    [0m[94m┃   [0m[94m┃   [0m[94m┗━━ [0m[1;38;5;69m📂 gcm-1/             term_tree_maker.py:1029
                    [0m                                                                                                 
           INFO     [94m    [0m[94m┃   [0m[94m┃   [0m[94m    [0m[94m┗━━ [0m[1;38;5;160m📄        term_tree_maker.py:1029
                    devices/                                             [0m    #                                       
                    CURV_CONFIG_DEVICES_DIR                                                                             
           INFO     [94m    [0m[94m┃   [0m[94m┗━━ [0m[1;38;5;69m📂 riscv/                        term_tree_maker.py:1029
                    [0m    # CURV_RISCV_DIR                                                                             
           INFO     [94m    [0m[94m┃   [0m[94m    [0m[94m┣━━ [0m[1;38;5;69m📂 firmware/          term_tree_maker.py:1029
                    [0m    # CURV_FIRMWARE_DIR                                                                          
           INFO     [94m    [0m[94m┃   [0m[94m    [0m[94m┃   [0m[94m┗━━ [0m[1;38;5;69m📂         term_tree_maker.py:1029
                    cache-prefills/                                      [0m                                            
           INFO     [94m    [0m[94m┃   [0m[94m    [0m[94m┃   [0m[94m    [0m[94m┗━━               term_tree_maker.py:1029
                    [0m[1;38;5;160m📄 auipc-bypass/                                    [0m    #                         
                    BUILD_CACHE_PREFILL_INPUT_DIR                                                                       
           INFO     [94m    [0m[94m┃   [0m[94m    [0m[94m┗━━ [0m[1;38;5;69m📂 tb/                term_tree_maker.py:1029
                    [0m                                                                                                 
           INFO     [94m    [0m[94m┃   [0m[94m    [0m[94m    [0m[94m┗━━ [0m[1;38;5;69m📂         term_tree_maker.py:1029
                    verilator/                                           [0m                                            
           INFO     [94m    [0m[94m┃   [0m[94m    [0m[94m    [0m[94m    [0m[94m┗━━               term_tree_maker.py:1029
                    [0m[1;38;5;69m📂 riscvcpu/                                        [0m                               
           INFO     [94m    [0m[94m┃   [0m[94m    [0m[94m    [0m[94m    [0m[94m    [0m[94m┗━━    term_tree_maker.py:1029
                    [0m[1;38;5;69m📂 build/                                       [0m                                   
           INFO     [94m    [0m[94m┃   [0m[94m    [0m[94m    [0m[94m    [0m[94m    [0m[94m       term_tree_maker.py:1029
                    [0m[94m┣━━ [0m[1;38;5;69m📂 generated/                               [0m                            
                    # BUILD_GENERATED_DIR                                                                               
           INFO     [94m    [0m[94m┃   [0m[94m    [0m[94m    [0m[94m    [0m[94m    [0m[94m       term_tree_maker.py:1029
                    [0m[94m┃   [0m[94m┣━━ [0m[1;38;5;69m📂 config/                                                      
                    [0m                                                                                                 
           INFO     [94m    [0m[94m┃   [0m[94m    [0m[94m    [0m[94m    [0m[94m    [0m[94m       term_tree_maker.py:1029
                    [0m[94m┃   [0m[94m┃   [0m[94m┗━━ [0m[1;38;5;160m📄 merged.toml                                      
                    [0m    # DEFAULT_MERGED_TOML_NAME                                                                   
           INFO     [94m    [0m[94m┃   [0m[94m    [0m[94m    [0m[94m    [0m[94m    [0m[94m       term_tree_maker.py:1029
                    [0m[94m┃   [0m[94m┣━━ [0m[1;38;5;69m📂 make/                                                        
                    [0m                                                                                                 
           INFO     [94m    [0m[94m┃   [0m[94m    [0m[94m    [0m[94m    [0m[94m    [0m[94m       term_tree_maker.py:1029
                    [0m[94m┃   [0m[94m┃   [0m[94m┣━━ [0m[1;38;5;160m📄 config.mk.d                                      
                    [0m    # DEFAULT_DEP_FILE_NAME                                                                      
           INFO     [94m    [0m[94m┃   [0m[94m    [0m[94m    [0m[94m    [0m[94m    [0m[94m       term_tree_maker.py:1029
                    [0m[94m┃   [0m[94m┃   [0m[94m┗━━ [0m[1;38;5;160m📄 curv.mk                                          
                    [0m    # CONFIG_MK                                                                                  
           INFO     [94m    [0m[94m┃   [0m[94m    [0m[94m    [0m[94m    [0m[94m    [0m[94m       term_tree_maker.py:1029
                    [0m[94m┃   [0m[94m┣━━ [0m[1;38;5;69m📂 hdl/                                                         
                    [0m                                                                                                 
           INFO     [94m    [0m[94m┃   [0m[94m    [0m[94m    [0m[94m    [0m[94m    [0m[94m       term_tree_maker.py:1029
                    [0m[94m┃   [0m[94m┃   [0m[94m┣━━ [0m[1;38;5;160m📄 curvcfgpkg.sv                                    
                    [0m    # CONFIG_SVPKG                                                                               
           INFO     [94m    [0m[94m┃   [0m[94m    [0m[94m    [0m[94m    [0m[94m    [0m[94m       term_tree_maker.py:1029
                    [0m[94m┃   [0m[94m┃   [0m[94m┣━━ [0m[1;38;5;160m📄 curvcfg.svh                                      
                    [0m    # CONFIG_SVH                                                                                 
           INFO     [94m    [0m[94m┃   [0m[94m    [0m[94m    [0m[94m    [0m[94m    [0m[94m       term_tree_maker.py:1029
                    [0m[94m┃   [0m[94m┃   [0m[94m┗━━ [0m[1;38;5;160m📄 memmappkg.sv                                     
                    [0m    # MEMMAP_SV                                                                                  
           INFO     [94m    [0m[94m┃   [0m[94m    [0m[94m    [0m[94m    [0m[94m    [0m[94m       term_tree_maker.py:1029
                    [0m[94m┃   [0m[94m┣━━ [0m[1;38;5;69m📂 docs/                                                        
                    [0m                                                                                                 
           INFO     [94m    [0m[94m┃   [0m[94m    [0m[94m    [0m[94m    [0m[94m    [0m[94m       term_tree_maker.py:1029
                    [0m[94m┃   [0m[94m┃   [0m[94m┗━━ [0m[1;38;5;160m📄 MEMORY_MAP.md                                    
                    [0m    # MEMMAP_MD                                                                                  
           INFO     [94m    [0m[94m┃   [0m[94m    [0m[94m    [0m[94m    [0m[94m    [0m[94m       term_tree_maker.py:1029
                    [0m[94m┃   [0m[94m┗━━ [0m[1;38;5;69m📂 shell/                                                       
                    [0m                                                                                                 
           INFO     [94m    [0m[94m┃   [0m[94m    [0m[94m    [0m[94m    [0m[94m    [0m[94m       term_tree_maker.py:1029
                    [0m[94m┃   [0m[94m    [0m[94m┗━━ [0m[1;38;5;160m📄 curv.env                                         
                    [0m    # CONFIG_ENV                                                                                 
           INFO     [94m    [0m[94m┃   [0m[94m    [0m[94m    [0m[94m    [0m[94m    [0m[94m       term_tree_maker.py:1029
                    [0m[94m┗━━ [0m[1;38;5;69m📂 fw/                                      [0m                            
                    # BUILD_FIRMWARE_DIR                                                                                
           INFO     [94m    [0m[94m┃   [0m[94m    [0m[94m    [0m[94m    [0m[94m    [0m[94m       term_tree_maker.py:1029
                    [0m[94m    [0m[94m┣━━ [0m[1;38;5;69m📂 cache-prefills/                                              
                    [0m    # BUILD_FW_CACHE_PREFILLS_DIR                                                                
           INFO     [94m    [0m[94m┃   [0m[94m    [0m[94m    [0m[94m    [0m[94m    [0m[94m       term_tree_maker.py:1029
                    [0m[94m    [0m[94m┃   [0m[94m┣━━ [0m[1;38;5;69m📂 build/                                            
                    [0m    # BUILD_FW_CACHE_PREFILLS_BIN_DIR                                                            
           INFO     [94m    [0m[94m┃   [0m[94m    [0m[94m    [0m[94m    [0m[94m    [0m[94m       term_tree_maker.py:1029
                    [0m[94m    [0m[94m┃   [0m[94m┃   [0m[94m┣━━ [0m[1;38;5;160m📄                                       
                    text-section.hex             [0m    # BUILD_SRC_ICACHE_HEX_FILE                                     
           INFO     [94m    [0m[94m┃   [0m[94m    [0m[94m    [0m[94m    [0m[94m    [0m[94m       term_tree_maker.py:1029
                    [0m[94m    [0m[94m┃   [0m[94m┃   [0m[94m┣━━ [0m[1;38;5;160m📄                                       
                    data-section.hex             [0m    # BUILD_SRC_DCACHE_HEX_FILE                                     
           INFO     [94m    [0m[94m┃   [0m[94m    [0m[94m    [0m[94m    [0m[94m    [0m[94m       term_tree_maker.py:1029
                    [0m[94m    [0m[94m┃   [0m[94m┃   [0m[94m┗━━ [0m[1;38;5;160m📄                                       
                    icache_dcache.hex            [0m    # BUILD_WISHBONE_HEX_FILE                                       
           INFO     [94m    [0m[94m┃   [0m[94m    [0m[94m    [0m[94m    [0m[94m    [0m[94m       term_tree_maker.py:1029
                    [0m[94m    [0m[94m┃   [0m[94m┣━━ [0m[1;38;5;69m📂 auipc-bypass/                                     
                    [0m    # BUILD_CACHE_OUTPUT_HEX_FILES_ROOT_DIR                                                      
[05:09:16] INFO     [94m    [0m[94m┃   [0m[94m    [0m[94m    [0m[94m    [0m[94m    [0m[94m       term_tree_maker.py:1029
                    [0m[94m    [0m[94m┃   [0m[94m┃   [0m[94m┣━━ [0m[1;38;5;69m📂 dcache/                                
                    [0m    # BUILD_DCACHE_DIR                                                                           
           INFO     [94m    [0m[94m┃   [0m[94m    [0m[94m    [0m[94m    [0m[94m    [0m[94m       term_tree_maker.py:1029
                    [0m[94m    [0m[94m┃   [0m[94m┃   [0m[94m┃   [0m[94m┣━━ [0m[1;38;5;160m📄                            
                    cachelines/              [0m    # BUILD_DCACHE_CACHELINES_DIR                                       
           INFO     [94m    [0m[94m┃   [0m[94m    [0m[94m    [0m[94m    [0m[94m    [0m[94m       term_tree_maker.py:1029
                    [0m[94m    [0m[94m┃   [0m[94m┃   [0m[94m┃   [0m[94m┗━━ [0m[1;38;5;160m📄                            
                    tagram/                  [0m    # BUILD_DCACHE_TAGRAM_DIR                                           
           INFO     [94m    [0m[94m┃   [0m[94m    [0m[94m    [0m[94m    [0m[94m    [0m[94m       term_tree_maker.py:1029
                    [0m[94m    [0m[94m┃   [0m[94m┃   [0m[94m┗━━ [0m[1;38;5;69m📂 icache/                                
                    [0m    # BUILD_ICACHE_DIR                                                                           
           INFO     [94m    [0m[94m┃   [0m[94m    [0m[94m    [0m[94m    [0m[94m    [0m[94m       term_tree_maker.py:1029
                    [0m[94m    [0m[94m┃   [0m[94m┃   [0m[94m    [0m[94m┣━━ [0m[1;38;5;160m📄                            
                    cachelines/              [0m    # BUILD_ICACHE_CACHELINES_DIR                                       
           INFO     [94m    [0m[94m┃   [0m[94m    [0m[94m    [0m[94m    [0m[94m    [0m[94m       term_tree_maker.py:1029
                    [0m[94m    [0m[94m┃   [0m[94m┃   [0m[94m    [0m[94m┗━━ [0m[1;38;5;160m📄                            
                    tagram/                  [0m    # BUILD_ICACHE_TAGRAM_DIR                                           
           INFO     [94m    [0m[94m┃   [0m[94m    [0m[94m    [0m[94m    [0m[94m    [0m[94m       term_tree_maker.py:1029
                    [0m[94m    [0m[94m┃   [0m[94m┗━━ [0m[1;38;5;69m📂 generated/                                        
                    [0m                                                                                                 
           INFO     [94m    [0m[94m┃   [0m[94m    [0m[94m    [0m[94m    [0m[94m    [0m[94m       term_tree_maker.py:1029
                    [0m[94m    [0m[94m┃   [0m[94m    [0m[94m┣━━ [0m[1;38;5;69m📂 hdl/                                   
                    [0m    # BUILD_CACHE_PREFILL_HDL_DIR                                                                
           INFO     [94m    [0m[94m┃   [0m[94m    [0m[94m    [0m[94m    [0m[94m    [0m[94m       term_tree_maker.py:1029
                    [0m[94m    [0m[94m┃   [0m[94m    [0m[94m┃   [0m[94m┗━━ [0m[1;38;5;160m📄                            
                    cache_hex_files_paths.svh[0m    # BUILD_CACHE_PREFILL_HEX_HDR_FILE                                  
           INFO     [94m    [0m[94m┃   [0m[94m    [0m[94m    [0m[94m    [0m[94m    [0m[94m       term_tree_maker.py:1029
                    [0m[94m    [0m[94m┃   [0m[94m    [0m[94m┗━━ [0m[1;38;5;69m📂 docs/                                  
                    [0m    # BUILD_CACHE_PREFILL_DOCS_DIR                                                               
           INFO     [94m    [0m[94m┃   [0m[94m    [0m[94m    [0m[94m    [0m[94m    [0m[94m       term_tree_maker.py:1029
                    [0m[94m    [0m[94m┃   [0m[94m    [0m[94m    [0m[94m┗━━ [0m[1;38;5;160m📄                            
                    cache_readme.txt         [0m    # BUILD_CACHE_README_FILE                                           
           INFO     [94m    [0m[94m┃   [0m[94m    [0m[94m    [0m[94m    [0m[94m    [0m[94m       term_tree_maker.py:1029
                    [0m[94m    [0m[94m┗━━ [0m[1;38;5;69m📂 bootrom/                                                     
                    [0m                                                                                                 
           INFO     [94m    [0m[94m┃   [0m[94m    [0m[94m    [0m[94m    [0m[94m    [0m[94m       term_tree_maker.py:1029
                    [0m[94m    [0m[94m    [0m[94m┣━━ [0m[1;38;5;69m📂 build/                                            
                    [0m    # BUILD_FW_BOOTROM_DIR                                                                       
           INFO     [94m    [0m[94m┃   [0m[94m    [0m[94m    [0m[94m    [0m[94m    [0m[94m       term_tree_maker.py:1029
                    [0m[94m    [0m[94m    [0m[94m┃   [0m[94m┗━━ [0m[1;38;5;160m📄 bootrom.o                             
                    [0m    # BUILD_BOOTROM_OBJ_FILES                                                                    
           INFO     [94m    [0m[94m┃   [0m[94m    [0m[94m    [0m[94m    [0m[94m    [0m[94m       term_tree_maker.py:1029
                    [0m[94m    [0m[94m    [0m[94m┗━━ [0m[1;38;5;69m📂 hex-files/                                        
                    [0m    # BUILD_BOOTROM_HEX_FILES_DIR                                                                
           INFO     [94m    [0m[94m┃   [0m[94m    [0m[94m    [0m[94m    [0m[94m    [0m[94m       term_tree_maker.py:1029
                    [0m[94m    [0m[94m    [0m[94m    [0m[94m┗━━ [0m[1;38;5;160m📄 bootrom.hex                           
                    [0m    # BUILD_BOOTROM_HEX_FILES                                                                    
           INFO     [94m    [0m[94m┗━━ [0m[1;38;5;160m📄 common/                                 term_tree_maker.py:1029
                    [0m    # CURV_COMMON_DIR                                                                            
[05:15:34] INFO     [logger] configured: LoggingLevels(stderr_level=CRITICAL, file_level=DEBUG)            logger.py:171
[05:15:34] INFO     [logger] configured: LoggingLevels(stderr_level=CRITICAL, file_level=DEBUG)            logger.py:171
           INFO     [1;38;5;69m📂 CURV_REPO_DIR/                                                 term_tree_maker.py:1029
                    [0m    # root of curvcpu/curv repository                                                            
           INFO     [94m┗━━ [0m[1;38;5;69m📂 my-designs/                                         term_tree_maker.py:1029
                    [0m                                                                                                 
           INFO     [94m    [0m[94m┣━━ [0m[1;38;5;69m📂 riscv-soc/                               term_tree_maker.py:1029
                    [0m                                                                                                 
           INFO     [94m    [0m[94m┃   [0m[94m┣━━ [0m[1;38;5;69m📂 config/                       term_tree_maker.py:1029
                    [0m    # CURV_CONFIG_DIR                                                                            
           INFO     [94m    [0m[94m┃   [0m[94m┃   [0m[94m┣━━ [0m[1;38;5;69m📂 schema/            term_tree_maker.py:1029
                    [0m    # CURV_CONFIG_SCHEMA_DIR                                                                     
           INFO     [94m    [0m[94m┃   [0m[94m┃   [0m[94m┃   [0m[94m┣━━ [0m[1;38;5;160m📄        term_tree_maker.py:1029
                    schema.toml                                          [0m    #                                       
                    DEFAULT_SCHEMA_TOML_PATH                                                                            
           INFO     [94m    [0m[94m┃   [0m[94m┃   [0m[94m┃   [0m[94m┗━━ [0m[1;38;5;160m📄        term_tree_maker.py:1029
                    tb-extras-schema.toml                                [0m    #                                       
                    DEFAULT_TB_SCHEMA_TOML_PATH                                                                         
           INFO     [94m    [0m[94m┃   [0m[94m┃   [0m[94m┣━━ [0m[1;38;5;69m📂 profiles/          term_tree_maker.py:1029
                    [0m    # CURV_CONFIG_PROFILES_DIR                                                                   
           INFO     [94m    [0m[94m┃   [0m[94m┃   [0m[94m┃   [0m[94m┣━━ [0m[1;38;5;69m📂         term_tree_maker.py:1029
                    overlays/                                            [0m    #                                       
                    CURV_CONFIG_PROFILE_OVERLAYS_DIR                                                                    
           INFO     [94m    [0m[94m┃   [0m[94m┃   [0m[94m┃   [0m[94m┃   [0m[94m┗━━               term_tree_maker.py:1029
                    [0m[1;38;5;160m📄 tb.toml                                          [0m    #                         
                    DEFAULT_TB_OVERLAY_TOML_PATH                                                                        
           INFO     [94m    [0m[94m┃   [0m[94m┃   [0m[94m┃   [0m[94m┗━━ [0m[1;38;5;160m📄        term_tree_maker.py:1029
                    default.toml                                         [0m    #                                       
                    DEFAULT_PROFILE_TOML_PATH                                                                           
           INFO     [94m    [0m[94m┃   [0m[94m┃   [0m[94m┗━━ [0m[1;38;5;160m📄 memmap/           term_tree_maker.py:1029
                    [0m    # CURV_CONFIG_MEMMAP_DIR                                                                     
           INFO     [94m    [0m[94m┃   [0m[94m┣━━ [0m[1;38;5;69m📂 boards/                       term_tree_maker.py:1029
                    [0m    # CURV_BOARDS_DIR                                                                            
           INFO     [94m    [0m[94m┃   [0m[94m┃   [0m[94m┗━━ [0m[1;38;5;69m📂 gcm-1/             term_tree_maker.py:1029
                    [0m                                                                                                 
           INFO     [94m    [0m[94m┃   [0m[94m┃   [0m[94m    [0m[94m┗━━ [0m[1;38;5;160m📄        term_tree_maker.py:1029
                    devices/                                             [0m    #                                       
                    CURV_CONFIG_DEVICES_DIR                                                                             
           INFO     [94m    [0m[94m┃   [0m[94m┗━━ [0m[1;38;5;69m📂 riscv/                        term_tree_maker.py:1029
                    [0m    # CURV_RISCV_DIR                                                                             
           INFO     [94m    [0m[94m┃   [0m[94m    [0m[94m┣━━ [0m[1;38;5;69m📂 firmware/          term_tree_maker.py:1029
                    [0m    # CURV_FIRMWARE_DIR                                                                          
           INFO     [94m    [0m[94m┃   [0m[94m    [0m[94m┃   [0m[94m┗━━ [0m[1;38;5;69m📂         term_tree_maker.py:1029
                    cache-prefills/                                      [0m                                            
           INFO     [94m    [0m[94m┃   [0m[94m    [0m[94m┃   [0m[94m    [0m[94m┗━━               term_tree_maker.py:1029
                    [0m[1;38;5;160m📄 auipc-bypass/                                    [0m    #                         
                    BUILD_CACHE_PREFILL_INPUT_DIR                                                                       
           INFO     [94m    [0m[94m┃   [0m[94m    [0m[94m┗━━ [0m[1;38;5;69m📂 tb/                term_tree_maker.py:1029
                    [0m                                                                                                 
           INFO     [94m    [0m[94m┃   [0m[94m    [0m[94m    [0m[94m┗━━ [0m[1;38;5;69m📂         term_tree_maker.py:1029
                    verilator/                                           [0m                                            
           INFO     [94m    [0m[94m┃   [0m[94m    [0m[94m    [0m[94m    [0m[94m┗━━               term_tree_maker.py:1029
                    [0m[1;38;5;69m📂 riscvcpu/                                        [0m                               
           INFO     [94m    [0m[94m┃   [0m[94m    [0m[94m    [0m[94m    [0m[94m    [0m[94m┗━━    term_tree_maker.py:1029
                    [0m[1;38;5;69m📂 build/                                       [0m                                   
           INFO     [94m    [0m[94m┃   [0m[94m    [0m[94m    [0m[94m    [0m[94m    [0m[94m       term_tree_maker.py:1029
                    [0m[94m┣━━ [0m[1;38;5;69m📂 generated/                               [0m                            
                    # BUILD_GENERATED_DIR                                                                               
           INFO     [94m    [0m[94m┃   [0m[94m    [0m[94m    [0m[94m    [0m[94m    [0m[94m       term_tree_maker.py:1029
                    [0m[94m┃   [0m[94m┣━━ [0m[1;38;5;69m📂 config/                                                      
                    [0m                                                                                                 
           INFO     [94m    [0m[94m┃   [0m[94m    [0m[94m    [0m[94m    [0m[94m    [0m[94m       term_tree_maker.py:1029
                    [0m[94m┃   [0m[94m┃   [0m[94m┗━━ [0m[1;38;5;160m📄 merged.toml                                      
                    [0m    # DEFAULT_MERGED_TOML_NAME                                                                   
           INFO     [94m    [0m[94m┃   [0m[94m    [0m[94m    [0m[94m    [0m[94m    [0m[94m       term_tree_maker.py:1029
                    [0m[94m┃   [0m[94m┣━━ [0m[1;38;5;69m📂 make/                                                        
                    [0m                                                                                                 
           INFO     [94m    [0m[94m┃   [0m[94m    [0m[94m    [0m[94m    [0m[94m    [0m[94m       term_tree_maker.py:1029
                    [0m[94m┃   [0m[94m┃   [0m[94m┣━━ [0m[1;38;5;160m📄 config.mk.d                                      
                    [0m    # DEFAULT_DEP_FILE_NAME                                                                      
           INFO     [94m    [0m[94m┃   [0m[94m    [0m[94m    [0m[94m    [0m[94m    [0m[94m       term_tree_maker.py:1029
                    [0m[94m┃   [0m[94m┃   [0m[94m┗━━ [0m[1;38;5;160m📄 curv.mk                                          
                    [0m    # CONFIG_MK                                                                                  
           INFO     [94m    [0m[94m┃   [0m[94m    [0m[94m    [0m[94m    [0m[94m    [0m[94m       term_tree_maker.py:1029
                    [0m[94m┃   [0m[94m┣━━ [0m[1;38;5;69m📂 hdl/                                                         
                    [0m                                                                                                 
           INFO     [94m    [0m[94m┃   [0m[94m    [0m[94m    [0m[94m    [0m[94m    [0m[94m       term_tree_maker.py:1029
                    [0m[94m┃   [0m[94m┃   [0m[94m┣━━ [0m[1;38;5;160m📄 curvcfgpkg.sv                                    
                    [0m    # CONFIG_SVPKG                                                                               
           INFO     [94m    [0m[94m┃   [0m[94m    [0m[94m    [0m[94m    [0m[94m    [0m[94m       term_tree_maker.py:1029
                    [0m[94m┃   [0m[94m┃   [0m[94m┣━━ [0m[1;38;5;160m📄 curvcfg.svh                                      
                    [0m    # CONFIG_SVH                                                                                 
           INFO     [94m    [0m[94m┃   [0m[94m    [0m[94m    [0m[94m    [0m[94m    [0m[94m       term_tree_maker.py:1029
                    [0m[94m┃   [0m[94m┃   [0m[94m┗━━ [0m[1;38;5;160m📄 memmappkg.sv                                     
                    [0m    # MEMMAP_SV                                                                                  
           INFO     [94m    [0m[94m┃   [0m[94m    [0m[94m    [0m[94m    [0m[94m    [0m[94m       term_tree_maker.py:1029
                    [0m[94m┃   [0m[94m┣━━ [0m[1;38;5;69m📂 docs/                                                        
                    [0m                                                                                                 
           INFO     [94m    [0m[94m┃   [0m[94m    [0m[94m    [0m[94m    [0m[94m    [0m[94m       term_tree_maker.py:1029
                    [0m[94m┃   [0m[94m┃   [0m[94m┗━━ [0m[1;38;5;160m📄 MEMORY_MAP.md                                    
                    [0m    # MEMMAP_MD                                                                                  
           INFO     [94m    [0m[94m┃   [0m[94m    [0m[94m    [0m[94m    [0m[94m    [0m[94m       term_tree_maker.py:1029
                    [0m[94m┃   [0m[94m┗━━ [0m[1;38;5;69m📂 shell/                                                       
                    [0m                                                                                                 
           INFO     [94m    [0m[94m┃   [0m[94m    [0m[94m    [0m[94m    [0m[94m    [0m[94m       term_tree_maker.py:1029
                    [0m[94m┃   [0m[94m    [0m[94m┗━━ [0m[1;38;5;160m📄 curv.env                                         
                    [0m    # CONFIG_ENV                                                                                 
           INFO     [94m    [0m[94m┃   [0m[94m    [0m[94m    [0m[94m    [0m[94m    [0m[94m       term_tree_maker.py:1029
                    [0m[94m┗━━ [0m[1;38;5;69m📂 fw/                                      [0m                            
                    # BUILD_FIRMWARE_DIR                                                                                
           INFO     [94m    [0m[94m┃   [0m[94m    [0m[94m    [0m[94m    [0m[94m    [0m[94m       term_tree_maker.py:1029
                    [0m[94m    [0m[94m┣━━ [0m[1;38;5;69m📂 cache-prefills/                                              
                    [0m    # BUILD_FW_CACHE_PREFILLS_DIR                                                                
           INFO     [94m    [0m[94m┃   [0m[94m    [0m[94m    [0m[94m    [0m[94m    [0m[94m       term_tree_maker.py:1029
                    [0m[94m    [0m[94m┃   [0m[94m┣━━ [0m[1;38;5;69m📂 build/                                            
                    [0m    # BUILD_FW_CACHE_PREFILLS_BIN_DIR                                                            
           INFO     [94m    [0m[94m┃   [0m[94m    [0m[94m    [0m[94m    [0m[94m    [0m[94m       term_tree_maker.py:1029
                    [0m[94m    [0m[94m┃   [0m[94m┃   [0m[94m┣━━ [0m[1;38;5;160m📄 cache.hex                             
                    [0m    # BUILD_CACHE_PREFILL_HEX_OUTPUT_FILE                                                        
           INFO     [94m    [0m[94m┃   [0m[94m    [0m[94m    [0m[94m    [0m[94m    [0m[94m       term_tree_maker.py:1029
                    [0m[94m    [0m[94m┃   [0m[94m┃   [0m[94m┣━━ [0m[1;38;5;160m📄                                       
                    text-section.hex             [0m    # BUILD_SRC_ICACHE_HEX_FILE                                     
           INFO     [94m    [0m[94m┃   [0m[94m    [0m[94m    [0m[94m    [0m[94m    [0m[94m       term_tree_maker.py:1029
                    [0m[94m    [0m[94m┃   [0m[94m┃   [0m[94m┗━━ [0m[1;38;5;160m📄                                       
                    data-section.hex             [0m    # BUILD_SRC_DCACHE_HEX_FILE                                     
           INFO     [94m    [0m[94m┃   [0m[94m    [0m[94m    [0m[94m    [0m[94m    [0m[94m       term_tree_maker.py:1029
                    [0m[94m    [0m[94m┃   [0m[94m┣━━ [0m[1;38;5;69m📂 auipc-bypass/                                     
                    [0m    # BUILD_CACHE_OUTPUT_HEX_FILES_ROOT_DIR                                                      
           INFO     [94m    [0m[94m┃   [0m[94m    [0m[94m    [0m[94m    [0m[94m    [0m[94m       term_tree_maker.py:1029
                    [0m[94m    [0m[94m┃   [0m[94m┃   [0m[94m┣━━ [0m[1;38;5;69m📂 dcache/                                
                    [0m    # BUILD_DCACHE_DIR                                                                           
           INFO     [94m    [0m[94m┃   [0m[94m    [0m[94m    [0m[94m    [0m[94m    [0m[94m       term_tree_maker.py:1029
                    [0m[94m    [0m[94m┃   [0m[94m┃   [0m[94m┃   [0m[94m┣━━ [0m[1;38;5;160m📄                            
                    cachelines/              [0m    # BUILD_DCACHE_CACHELINES_DIR                                       
           INFO     [94m    [0m[94m┃   [0m[94m    [0m[94m    [0m[94m    [0m[94m    [0m[94m       term_tree_maker.py:1029
                    [0m[94m    [0m[94m┃   [0m[94m┃   [0m[94m┃   [0m[94m┗━━ [0m[1;38;5;160m📄                            
                    tagram/                  [0m    # BUILD_DCACHE_TAGRAM_DIR                                           
           INFO     [94m    [0m[94m┃   [0m[94m    [0m[94m    [0m[94m    [0m[94m    [0m[94m       term_tree_maker.py:1029
                    [0m[94m    [0m[94m┃   [0m[94m┃   [0m[94m┗━━ [0m[1;38;5;69m📂 icache/                                
                    [0m    # BUILD_ICACHE_DIR                                                                           
           INFO     [94m    [0m[94m┃   [0m[94m    [0m[94m    [0m[94m    [0m[94m    [0m[94m       term_tree_maker.py:1029
                    [0m[94m    [0m[94m┃   [0m[94m┃   [0m[94m    [0m[94m┣━━ [0m[1;38;5;160m📄                            
                    cachelines/              [0m    # BUILD_ICACHE_CACHELINES_DIR                                       
           INFO     [94m    [0m[94m┃   [0m[94m    [0m[94m    [0m[94m    [0m[94m    [0m[94m       term_tree_maker.py:1029
                    [0m[94m    [0m[94m┃   [0m[94m┃   [0m[94m    [0m[94m┗━━ [0m[1;38;5;160m📄                            
                    tagram/                  [0m    # BUILD_ICACHE_TAGRAM_DIR                                           
           INFO     [94m    [0m[94m┃   [0m[94m    [0m[94m    [0m[94m    [0m[94m    [0m[94m       term_tree_maker.py:1029
                    [0m[94m    [0m[94m┃   [0m[94m┗━━ [0m[1;38;5;69m📂 generated/                                        
                    [0m                                                                                                 
           INFO     [94m    [0m[94m┃   [0m[94m    [0m[94m    [0m[94m    [0m[94m    [0m[94m       term_tree_maker.py:1029
                    [0m[94m    [0m[94m┃   [0m[94m    [0m[94m┣━━ [0m[1;38;5;69m📂 hdl/                                   
                    [0m    # BUILD_CACHE_PREFILL_HDL_DIR                                                                
           INFO     [94m    [0m[94m┃   [0m[94m    [0m[94m    [0m[94m    [0m[94m    [0m[94m       term_tree_maker.py:1029
                    [0m[94m    [0m[94m┃   [0m[94m    [0m[94m┃   [0m[94m┗━━ [0m[1;38;5;160m📄                            
                    cache_hex_files_paths.svh[0m    # BUILD_CACHE_PREFILL_HEX_HDR_FILE                                  
           INFO     [94m    [0m[94m┃   [0m[94m    [0m[94m    [0m[94m    [0m[94m    [0m[94m       term_tree_maker.py:1029
                    [0m[94m    [0m[94m┃   [0m[94m    [0m[94m┗━━ [0m[1;38;5;69m📂 docs/                                  
                    [0m    # BUILD_CACHE_PREFILL_DOCS_DIR                                                               
           INFO     [94m    [0m[94m┃   [0m[94m    [0m[94m    [0m[94m    [0m[94m    [0m[94m       term_tree_maker.py:1029
                    [0m[94m    [0m[94m┃   [0m[94m    [0m[94m    [0m[94m┗━━ [0m[1;38;5;160m📄                            
                    cache_readme.txt         [0m    # BUILD_CACHE_README_FILE                                           
           INFO     [94m    [0m[94m┃   [0m[94m    [0m[94m    [0m[94m    [0m[94m    [0m[94m       term_tree_maker.py:1029
                    [0m[94m    [0m[94m┗━━ [0m[1;38;5;69m📂 bootrom/                                                     
                    [0m                                                                                                 
           INFO     [94m    [0m[94m┃   [0m[94m    [0m[94m    [0m[94m    [0m[94m    [0m[94m       term_tree_maker.py:1029
                    [0m[94m    [0m[94m    [0m[94m┣━━ [0m[1;38;5;69m📂 build/                                            
                    [0m    # BUILD_FW_BOOTROM_DIR                                                                       
           INFO     [94m    [0m[94m┃   [0m[94m    [0m[94m    [0m[94m    [0m[94m    [0m[94m       term_tree_maker.py:1029
                    [0m[94m    [0m[94m    [0m[94m┃   [0m[94m┗━━ [0m[1;38;5;160m📄 bootrom.o                             
                    [0m    # BUILD_BOOTROM_OBJ_FILES                                                                    
           INFO     [94m    [0m[94m┃   [0m[94m    [0m[94m    [0m[94m    [0m[94m    [0m[94m       term_tree_maker.py:1029
                    [0m[94m    [0m[94m    [0m[94m┗━━ [0m[1;38;5;69m📂 hex-files/                                        
                    [0m    # BUILD_BOOTROM_HEX_FILES_DIR                                                                
           INFO     [94m    [0m[94m┃   [0m[94m    [0m[94m    [0m[94m    [0m[94m    [0m[94m       term_tree_maker.py:1029
                    [0m[94m    [0m[94m    [0m[94m    [0m[94m┗━━ [0m[1;38;5;160m📄 bootrom.hex                           
                    [0m    # BUILD_BOOTROM_HEX_FILES                                                                    
           INFO     [94m    [0m[94m┗━━ [0m[1;38;5;160m📄 common/                                 term_tree_maker.py:1029
                    [0m    # CURV_COMMON_DIR                                                                            
[05:16:53] INFO     [logger] configured: LoggingLevels(stderr_level=CRITICAL, file_level=DEBUG)            logger.py:171
[05:16:53] INFO     [logger] configured: LoggingLevels(stderr_level=CRITICAL, file_level=DEBUG)            logger.py:171
           INFO     [1;38;5;69m📂 CURV_REPO_DIR/                                                 term_tree_maker.py:1029
                    [0m    # root of curvcpu/curv repository                                                            
           INFO     [94m┗━━ [0m[1;38;5;69m📂 my-designs/                                         term_tree_maker.py:1029
                    [0m                                                                                                 
           INFO     [94m    [0m[94m┣━━ [0m[1;38;5;69m📂 riscv-soc/                               term_tree_maker.py:1029
                    [0m                                                                                                 
           INFO     [94m    [0m[94m┃   [0m[94m┣━━ [0m[1;38;5;69m📂 config/                       term_tree_maker.py:1029
                    [0m    # CURV_CONFIG_DIR                                                                            
           INFO     [94m    [0m[94m┃   [0m[94m┃   [0m[94m┣━━ [0m[1;38;5;69m📂 schema/            term_tree_maker.py:1029
                    [0m    # CURV_CONFIG_SCHEMA_DIR                                                                     
           INFO     [94m    [0m[94m┃   [0m[94m┃   [0m[94m┃   [0m[94m┣━━ [0m[1;38;5;160m📄        term_tree_maker.py:1029
                    schema.toml                                          [0m    #                                       
                    DEFAULT_SCHEMA_TOML_PATH                                                                            
           INFO     [94m    [0m[94m┃   [0m[94m┃   [0m[94m┃   [0m[94m┗━━ [0m[1;38;5;160m📄        term_tree_maker.py:1029
                    tb-extras-schema.toml                                [0m    #                                       
                    DEFAULT_TB_SCHEMA_TOML_PATH                                                                         
           INFO     [94m    [0m[94m┃   [0m[94m┃   [0m[94m┣━━ [0m[1;38;5;69m📂 profiles/          term_tree_maker.py:1029
                    [0m    # CURV_CONFIG_PROFILES_DIR                                                                   
           INFO     [94m    [0m[94m┃   [0m[94m┃   [0m[94m┃   [0m[94m┣━━ [0m[1;38;5;69m📂         term_tree_maker.py:1029
                    overlays/                                            [0m    #                                       
                    CURV_CONFIG_PROFILE_OVERLAYS_DIR                                                                    
           INFO     [94m    [0m[94m┃   [0m[94m┃   [0m[94m┃   [0m[94m┃   [0m[94m┗━━               term_tree_maker.py:1029
                    [0m[1;38;5;160m📄 tb.toml                                          [0m    #                         
                    DEFAULT_TB_OVERLAY_TOML_PATH                                                                        
           INFO     [94m    [0m[94m┃   [0m[94m┃   [0m[94m┃   [0m[94m┗━━ [0m[1;38;5;160m📄        term_tree_maker.py:1029
                    default.toml                                         [0m    #                                       
                    DEFAULT_PROFILE_TOML_PATH                                                                           
           INFO     [94m    [0m[94m┃   [0m[94m┃   [0m[94m┗━━ [0m[1;38;5;160m📄 memmap/           term_tree_maker.py:1029
                    [0m    # CURV_CONFIG_MEMMAP_DIR                                                                     
           INFO     [94m    [0m[94m┃   [0m[94m┣━━ [0m[1;38;5;69m📂 boards/                       term_tree_maker.py:1029
                    [0m    # CURV_BOARDS_DIR                                                                            
           INFO     [94m    [0m[94m┃   [0m[94m┃   [0m[94m┗━━ [0m[1;38;5;69m📂 gcm-1/             term_tree_maker.py:1029
                    [0m                                                                                                 
           INFO     [94m    [0m[94m┃   [0m[94m┃   [0m[94m    [0m[94m┗━━ [0m[1;38;5;160m📄        term_tree_maker.py:1029
                    devices/                                             [0m    #                                       
                    CURV_CONFIG_DEVICES_DIR                                                                             
           INFO     [94m    [0m[94m┃   [0m[94m┗━━ [0m[1;38;5;69m📂 riscv/                        term_tree_maker.py:1029
                    [0m    # CURV_RISCV_DIR                                                                             
           INFO     [94m    [0m[94m┃   [0m[94m    [0m[94m┣━━ [0m[1;38;5;69m📂 firmware/          term_tree_maker.py:1029
                    [0m    # CURV_FIRMWARE_DIR                                                                          
           INFO     [94m    [0m[94m┃   [0m[94m    [0m[94m┃   [0m[94m┗━━ [0m[1;38;5;69m📂         term_tree_maker.py:1029
                    cache-prefills/                                      [0m                                            
           INFO     [94m    [0m[94m┃   [0m[94m    [0m[94m┃   [0m[94m    [0m[94m┗━━               term_tree_maker.py:1029
                    [0m[1;38;5;160m📄 auipc-bypass/                                    [0m    #                         
                    BUILD_CACHE_PREFILL_INPUT_DIR                                                                       
           INFO     [94m    [0m[94m┃   [0m[94m    [0m[94m┗━━ [0m[1;38;5;69m📂 tb/                term_tree_maker.py:1029
                    [0m                                                                                                 
           INFO     [94m    [0m[94m┃   [0m[94m    [0m[94m    [0m[94m┗━━ [0m[1;38;5;69m📂         term_tree_maker.py:1029
                    verilator/                                           [0m                                            
           INFO     [94m    [0m[94m┃   [0m[94m    [0m[94m    [0m[94m    [0m[94m┗━━               term_tree_maker.py:1029
                    [0m[1;38;5;69m📂 riscvcpu/                                        [0m                               
           INFO     [94m    [0m[94m┃   [0m[94m    [0m[94m    [0m[94m    [0m[94m    [0m[94m┗━━    term_tree_maker.py:1029
                    [0m[1;38;5;69m📂 build/                                       [0m                                   
           INFO     [94m    [0m[94m┃   [0m[94m    [0m[94m    [0m[94m    [0m[94m    [0m[94m       term_tree_maker.py:1029
                    [0m[94m┣━━ [0m[1;38;5;69m📂 generated/                               [0m                            
                    # BUILD_GENERATED_DIR                                                                               
           INFO     [94m    [0m[94m┃   [0m[94m    [0m[94m    [0m[94m    [0m[94m    [0m[94m       term_tree_maker.py:1029
                    [0m[94m┃   [0m[94m┣━━ [0m[1;38;5;69m📂 config/                                                      
                    [0m                                                                                                 
           INFO     [94m    [0m[94m┃   [0m[94m    [0m[94m    [0m[94m    [0m[94m    [0m[94m       term_tree_maker.py:1029
                    [0m[94m┃   [0m[94m┃   [0m[94m┗━━ [0m[1;38;5;160m📄 merged.toml                                      
                    [0m    # DEFAULT_MERGED_TOML_NAME                                                                   
           INFO     [94m    [0m[94m┃   [0m[94m    [0m[94m    [0m[94m    [0m[94m    [0m[94m       term_tree_maker.py:1029
                    [0m[94m┃   [0m[94m┣━━ [0m[1;38;5;69m📂 make/                                                        
                    [0m                                                                                                 
           INFO     [94m    [0m[94m┃   [0m[94m    [0m[94m    [0m[94m    [0m[94m    [0m[94m       term_tree_maker.py:1029
                    [0m[94m┃   [0m[94m┃   [0m[94m┣━━ [0m[1;38;5;160m📄 config.mk.d                                      
                    [0m    # DEFAULT_DEP_FILE_NAME                                                                      
           INFO     [94m    [0m[94m┃   [0m[94m    [0m[94m    [0m[94m    [0m[94m    [0m[94m       term_tree_maker.py:1029
                    [0m[94m┃   [0m[94m┃   [0m[94m┗━━ [0m[1;38;5;160m📄 curv.mk                                          
                    [0m    # CONFIG_MK                                                                                  
           INFO     [94m    [0m[94m┃   [0m[94m    [0m[94m    [0m[94m    [0m[94m    [0m[94m       term_tree_maker.py:1029
                    [0m[94m┃   [0m[94m┣━━ [0m[1;38;5;69m📂 hdl/                                                         
                    [0m                                                                                                 
           INFO     [94m    [0m[94m┃   [0m[94m    [0m[94m    [0m[94m    [0m[94m    [0m[94m       term_tree_maker.py:1029
                    [0m[94m┃   [0m[94m┃   [0m[94m┣━━ [0m[1;38;5;160m📄 curvcfgpkg.sv                                    
                    [0m    # CONFIG_SVPKG                                                                               
           INFO     [94m    [0m[94m┃   [0m[94m    [0m[94m    [0m[94m    [0m[94m    [0m[94m       term_tree_maker.py:1029
                    [0m[94m┃   [0m[94m┃   [0m[94m┣━━ [0m[1;38;5;160m📄 curvcfg.svh                                      
                    [0m    # CONFIG_SVH                                                                                 
           INFO     [94m    [0m[94m┃   [0m[94m    [0m[94m    [0m[94m    [0m[94m    [0m[94m       term_tree_maker.py:1029
                    [0m[94m┃   [0m[94m┃   [0m[94m┗━━ [0m[1;38;5;160m📄 memmappkg.sv                                     
                    [0m    # MEMMAP_SV                                                                                  
           INFO     [94m    [0m[94m┃   [0m[94m    [0m[94m    [0m[94m    [0m[94m    [0m[94m       term_tree_maker.py:1029
                    [0m[94m┃   [0m[94m┣━━ [0m[1;38;5;69m📂 docs/                                                        
                    [0m                                                                                                 
           INFO     [94m    [0m[94m┃   [0m[94m    [0m[94m    [0m[94m    [0m[94m    [0m[94m       term_tree_maker.py:1029
                    [0m[94m┃   [0m[94m┃   [0m[94m┗━━ [0m[1;38;5;160m📄 MEMORY_MAP.md                                    
                    [0m    # MEMMAP_MD                                                                                  
           INFO     [94m    [0m[94m┃   [0m[94m    [0m[94m    [0m[94m    [0m[94m    [0m[94m       term_tree_maker.py:1029
                    [0m[94m┃   [0m[94m┗━━ [0m[1;38;5;69m📂 shell/                                                       
                    [0m                                                                                                 
           INFO     [94m    [0m[94m┃   [0m[94m    [0m[94m    [0m[94m    [0m[94m    [0m[94m       term_tree_maker.py:1029
                    [0m[94m┃   [0m[94m    [0m[94m┗━━ [0m[1;38;5;160m📄 curv.env                                         
                    [0m    # CONFIG_ENV                                                                                 
           INFO     [94m    [0m[94m┃   [0m[94m    [0m[94m    [0m[94m    [0m[94m    [0m[94m       term_tree_maker.py:1029
                    [0m[94m┗━━ [0m[1;38;5;69m📂 fw/                                      [0m                            
                    # BUILD_FIRMWARE_DIR                                                                                
           INFO     [94m    [0m[94m┃   [0m[94m    [0m[94m    [0m[94m    [0m[94m    [0m[94m       term_tree_maker.py:1029
                    [0m[94m    [0m[94m┣━━ [0m[1;38;5;69m📂 cache-prefills/                                              
                    [0m    # BUILD_FW_CACHE_PREFILLS_DIR                                                                
           INFO     [94m    [0m[94m┃   [0m[94m    [0m[94m    [0m[94m    [0m[94m    [0m[94m       term_tree_maker.py:1029
                    [0m[94m    [0m[94m┃   [0m[94m┣━━ [0m[1;38;5;69m📂 build/                                            
                    [0m    # BUILD_FW_CACHE_PREFILLS_BIN_DIR                                                            
           INFO     [94m    [0m[94m┃   [0m[94m    [0m[94m    [0m[94m    [0m[94m    [0m[94m       term_tree_maker.py:1029
                    [0m[94m    [0m[94m┃   [0m[94m┃   [0m[94m┣━━ [0m[1;38;5;160m📄 cache.hex                             
                    [0m    # BUILD_CACHE_PREFILL_HEX_OUTPUT_FILE                                                        
           INFO     [94m    [0m[94m┃   [0m[94m    [0m[94m    [0m[94m    [0m[94m    [0m[94m       term_tree_maker.py:1029
                    [0m[94m    [0m[94m┃   [0m[94m┃   [0m[94m┣━━ [0m[1;38;5;160m📄                                       
                    text-section.hex             [0m    # BUILD_SRC_ICACHE_HEX_FILE                                     
           INFO     [94m    [0m[94m┃   [0m[94m    [0m[94m    [0m[94m    [0m[94m    [0m[94m       term_tree_maker.py:1029
                    [0m[94m    [0m[94m┃   [0m[94m┃   [0m[94m┗━━ [0m[1;38;5;160m📄                                       
                    data-section.hex             [0m    # BUILD_SRC_DCACHE_HEX_FILE                                     
           INFO     [94m    [0m[94m┃   [0m[94m    [0m[94m    [0m[94m    [0m[94m    [0m[94m       term_tree_maker.py:1029
                    [0m[94m    [0m[94m┃   [0m[94m┣━━ [0m[1;38;5;69m📂 bin/                                              
                    [0m    # BUILD_CACHE_OUTPUT_HEX_FILES_ROOT_DIR                                                      
           INFO     [94m    [0m[94m┃   [0m[94m    [0m[94m    [0m[94m    [0m[94m    [0m[94m       term_tree_maker.py:1029
                    [0m[94m    [0m[94m┃   [0m[94m┃   [0m[94m┣━━ [0m[1;38;5;69m📂 dcache/                                
                    [0m    # BUILD_DCACHE_DIR                                                                           
           INFO     [94m    [0m[94m┃   [0m[94m    [0m[94m    [0m[94m    [0m[94m    [0m[94m       term_tree_maker.py:1029
                    [0m[94m    [0m[94m┃   [0m[94m┃   [0m[94m┃   [0m[94m┣━━ [0m[1;38;5;160m📄                            
                    cachelines/              [0m    # BUILD_DCACHE_CACHELINES_DIR                                       
           INFO     [94m    [0m[94m┃   [0m[94m    [0m[94m    [0m[94m    [0m[94m    [0m[94m       term_tree_maker.py:1029
                    [0m[94m    [0m[94m┃   [0m[94m┃   [0m[94m┃   [0m[94m┗━━ [0m[1;38;5;160m📄                            
                    tagram/                  [0m    # BUILD_DCACHE_TAGRAM_DIR                                           
           INFO     [94m    [0m[94m┃   [0m[94m    [0m[94m    [0m[94m    [0m[94m    [0m[94m       term_tree_maker.py:1029
                    [0m[94m    [0m[94m┃   [0m[94m┃   [0m[94m┗━━ [0m[1;38;5;69m📂 icache/                                
                    [0m    # BUILD_ICACHE_DIR                                                                           
           INFO     [94m    [0m[94m┃   [0m[94m    [0m[94m    [0m[94m    [0m[94m    [0m[94m       term_tree_maker.py:1029
                    [0m[94m    [0m[94m┃   [0m[94m┃   [0m[94m    [0m[94m┣━━ [0m[1;38;5;160m📄                            
                    cachelines/              [0m    # BUILD_ICACHE_CACHELINES_DIR                                       
           INFO     [94m    [0m[94m┃   [0m[94m    [0m[94m    [0m[94m    [0m[94m    [0m[94m       term_tree_maker.py:1029
                    [0m[94m    [0m[94m┃   [0m[94m┃   [0m[94m    [0m[94m┗━━ [0m[1;38;5;160m📄                            
                    tagram/                  [0m    # BUILD_ICACHE_TAGRAM_DIR                                           
           INFO     [94m    [0m[94m┃   [0m[94m    [0m[94m    [0m[94m    [0m[94m    [0m[94m       term_tree_maker.py:1029
                    [0m[94m    [0m[94m┃   [0m[94m┗━━ [0m[1;38;5;69m📂 generated/                                        
                    [0m                                                                                                 
           INFO     [94m    [0m[94m┃   [0m[94m    [0m[94m    [0m[94m    [0m[94m    [0m[94m       term_tree_maker.py:1029
                    [0m[94m    [0m[94m┃   [0m[94m    [0m[94m┣━━ [0m[1;38;5;69m📂 hdl/                                   
                    [0m    # BUILD_CACHE_PREFILL_HDL_DIR                                                                
           INFO     [94m    [0m[94m┃   [0m[94m    [0m[94m    [0m[94m    [0m[94m    [0m[94m       term_tree_maker.py:1029
                    [0m[94m    [0m[94m┃   [0m[94m    [0m[94m┃   [0m[94m┗━━ [0m[1;38;5;160m📄                            
                    cache_hex_files_paths.svh[0m    # BUILD_CACHE_PREFILL_HEX_HDR_FILE                                  
           INFO     [94m    [0m[94m┃   [0m[94m    [0m[94m    [0m[94m    [0m[94m    [0m[94m       term_tree_maker.py:1029
                    [0m[94m    [0m[94m┃   [0m[94m    [0m[94m┗━━ [0m[1;38;5;69m📂 docs/                                  
                    [0m    # BUILD_CACHE_PREFILL_DOCS_DIR                                                               
           INFO     [94m    [0m[94m┃   [0m[94m    [0m[94m    [0m[94m    [0m[94m    [0m[94m       term_tree_maker.py:1029
                    [0m[94m    [0m[94m┃   [0m[94m    [0m[94m    [0m[94m┗━━ [0m[1;38;5;160m📄                            
                    cache_readme.txt         [0m    # BUILD_CACHE_README_FILE                                           
           INFO     [94m    [0m[94m┃   [0m[94m    [0m[94m    [0m[94m    [0m[94m    [0m[94m       term_tree_maker.py:1029
                    [0m[94m    [0m[94m┗━━ [0m[1;38;5;69m📂 bootrom/                                                     
                    [0m                                                                                                 
           INFO     [94m    [0m[94m┃   [0m[94m    [0m[94m    [0m[94m    [0m[94m    [0m[94m       term_tree_maker.py:1029
                    [0m[94m    [0m[94m    [0m[94m┣━━ [0m[1;38;5;69m📂 build/                                            
                    [0m    # BUILD_FW_BOOTROM_DIR                                                                       
           INFO     [94m    [0m[94m┃   [0m[94m    [0m[94m    [0m[94m    [0m[94m    [0m[94m       term_tree_maker.py:1029
                    [0m[94m    [0m[94m    [0m[94m┃   [0m[94m┗━━ [0m[1;38;5;160m📄 bootrom.o                             
                    [0m    # BUILD_BOOTROM_OBJ_FILES                                                                    
           INFO     [94m    [0m[94m┃   [0m[94m    [0m[94m    [0m[94m    [0m[94m    [0m[94m       term_tree_maker.py:1029
                    [0m[94m    [0m[94m    [0m[94m┗━━ [0m[1;38;5;69m📂 hex-files/                                        
                    [0m    # BUILD_BOOTROM_HEX_FILES_DIR                                                                
           INFO     [94m    [0m[94m┃   [0m[94m    [0m[94m    [0m[94m    [0m[94m    [0m[94m       term_tree_maker.py:1029
                    [0m[94m    [0m[94m    [0m[94m    [0m[94m┗━━ [0m[1;38;5;160m📄 bootrom.hex                           
                    [0m    # BUILD_BOOTROM_HEX_FILES                                                                    
           INFO     [94m    [0m[94m┗━━ [0m[1;38;5;160m📄 common/                                 term_tree_maker.py:1029
                    [0m    # CURV_COMMON_DIR                                                                            
[05:17:08] INFO     [logger] configured: LoggingLevels(stderr_level=CRITICAL, file_level=DEBUG)            logger.py:171
[05:17:08] INFO     [logger] configured: LoggingLevels(stderr_level=CRITICAL, file_level=DEBUG)            logger.py:171
           INFO     [1;38;5;69m📂 CURV_REPO_DIR/                                                 term_tree_maker.py:1029
                    [0m    # root of curvcpu/curv repository                                                            
           INFO     [94m┗━━ [0m[1;38;5;69m📂 my-designs/                                         term_tree_maker.py:1029
                    [0m                                                                                                 
           INFO     [94m    [0m[94m┣━━ [0m[1;38;5;69m📂 riscv-soc/                               term_tree_maker.py:1029
                    [0m                                                                                                 
           INFO     [94m    [0m[94m┃   [0m[94m┣━━ [0m[1;38;5;69m📂 config/                       term_tree_maker.py:1029
                    [0m    # CURV_CONFIG_DIR                                                                            
           INFO     [94m    [0m[94m┃   [0m[94m┃   [0m[94m┣━━ [0m[1;38;5;69m📂 schema/            term_tree_maker.py:1029
                    [0m    # CURV_CONFIG_SCHEMA_DIR                                                                     
           INFO     [94m    [0m[94m┃   [0m[94m┃   [0m[94m┃   [0m[94m┣━━ [0m[1;38;5;160m📄        term_tree_maker.py:1029
                    schema.toml                                          [0m    #                                       
                    DEFAULT_SCHEMA_TOML_PATH                                                                            
           INFO     [94m    [0m[94m┃   [0m[94m┃   [0m[94m┃   [0m[94m┗━━ [0m[1;38;5;160m📄        term_tree_maker.py:1029
                    tb-extras-schema.toml                                [0m    #                                       
                    DEFAULT_TB_SCHEMA_TOML_PATH                                                                         
           INFO     [94m    [0m[94m┃   [0m[94m┃   [0m[94m┣━━ [0m[1;38;5;69m📂 profiles/          term_tree_maker.py:1029
                    [0m    # CURV_CONFIG_PROFILES_DIR                                                                   
           INFO     [94m    [0m[94m┃   [0m[94m┃   [0m[94m┃   [0m[94m┣━━ [0m[1;38;5;69m📂         term_tree_maker.py:1029
                    overlays/                                            [0m    #                                       
                    CURV_CONFIG_PROFILE_OVERLAYS_DIR                                                                    
           INFO     [94m    [0m[94m┃   [0m[94m┃   [0m[94m┃   [0m[94m┃   [0m[94m┗━━               term_tree_maker.py:1029
                    [0m[1;38;5;160m📄 tb.toml                                          [0m    #                         
                    DEFAULT_TB_OVERLAY_TOML_PATH                                                                        
           INFO     [94m    [0m[94m┃   [0m[94m┃   [0m[94m┃   [0m[94m┗━━ [0m[1;38;5;160m📄        term_tree_maker.py:1029
                    default.toml                                         [0m    #                                       
                    DEFAULT_PROFILE_TOML_PATH                                                                           
           INFO     [94m    [0m[94m┃   [0m[94m┃   [0m[94m┗━━ [0m[1;38;5;160m📄 memmap/           term_tree_maker.py:1029
                    [0m    # CURV_CONFIG_MEMMAP_DIR                                                                     
           INFO     [94m    [0m[94m┃   [0m[94m┣━━ [0m[1;38;5;69m📂 boards/                       term_tree_maker.py:1029
                    [0m    # CURV_BOARDS_DIR                                                                            
           INFO     [94m    [0m[94m┃   [0m[94m┃   [0m[94m┗━━ [0m[1;38;5;69m📂 gcm-1/             term_tree_maker.py:1029
                    [0m                                                                                                 
           INFO     [94m    [0m[94m┃   [0m[94m┃   [0m[94m    [0m[94m┗━━ [0m[1;38;5;160m📄        term_tree_maker.py:1029
                    devices/                                             [0m    #                                       
                    CURV_CONFIG_DEVICES_DIR                                                                             
           INFO     [94m    [0m[94m┃   [0m[94m┗━━ [0m[1;38;5;69m📂 riscv/                        term_tree_maker.py:1029
                    [0m    # CURV_RISCV_DIR                                                                             
           INFO     [94m    [0m[94m┃   [0m[94m    [0m[94m┣━━ [0m[1;38;5;69m📂 firmware/          term_tree_maker.py:1029
                    [0m    # CURV_FIRMWARE_DIR                                                                          
           INFO     [94m    [0m[94m┃   [0m[94m    [0m[94m┃   [0m[94m┗━━ [0m[1;38;5;69m📂         term_tree_maker.py:1029
                    cache-prefills/                                      [0m                                            
           INFO     [94m    [0m[94m┃   [0m[94m    [0m[94m┃   [0m[94m    [0m[94m┗━━               term_tree_maker.py:1029
                    [0m[1;38;5;160m📄 auipc-bypass/                                    [0m    #                         
                    BUILD_CACHE_PREFILL_INPUT_DIR                                                                       
           INFO     [94m    [0m[94m┃   [0m[94m    [0m[94m┗━━ [0m[1;38;5;69m📂 tb/                term_tree_maker.py:1029
                    [0m                                                                                                 
           INFO     [94m    [0m[94m┃   [0m[94m    [0m[94m    [0m[94m┗━━ [0m[1;38;5;69m📂         term_tree_maker.py:1029
                    verilator/                                           [0m                                            
           INFO     [94m    [0m[94m┃   [0m[94m    [0m[94m    [0m[94m    [0m[94m┗━━               term_tree_maker.py:1029
                    [0m[1;38;5;69m📂 riscvcpu/                                        [0m                               
           INFO     [94m    [0m[94m┃   [0m[94m    [0m[94m    [0m[94m    [0m[94m    [0m[94m┗━━    term_tree_maker.py:1029
                    [0m[1;38;5;69m📂 build/                                       [0m                                   
           INFO     [94m    [0m[94m┃   [0m[94m    [0m[94m    [0m[94m    [0m[94m    [0m[94m       term_tree_maker.py:1029
                    [0m[94m┣━━ [0m[1;38;5;69m📂 generated/                               [0m                            
                    # BUILD_GENERATED_DIR                                                                               
           INFO     [94m    [0m[94m┃   [0m[94m    [0m[94m    [0m[94m    [0m[94m    [0m[94m       term_tree_maker.py:1029
                    [0m[94m┃   [0m[94m┣━━ [0m[1;38;5;69m📂 config/                                                      
                    [0m                                                                                                 
           INFO     [94m    [0m[94m┃   [0m[94m    [0m[94m    [0m[94m    [0m[94m    [0m[94m       term_tree_maker.py:1029
                    [0m[94m┃   [0m[94m┃   [0m[94m┗━━ [0m[1;38;5;160m📄 merged.toml                                      
                    [0m    # DEFAULT_MERGED_TOML_NAME                                                                   
           INFO     [94m    [0m[94m┃   [0m[94m    [0m[94m    [0m[94m    [0m[94m    [0m[94m       term_tree_maker.py:1029
                    [0m[94m┃   [0m[94m┣━━ [0m[1;38;5;69m📂 make/                                                        
                    [0m                                                                                                 
           INFO     [94m    [0m[94m┃   [0m[94m    [0m[94m    [0m[94m    [0m[94m    [0m[94m       term_tree_maker.py:1029
                    [0m[94m┃   [0m[94m┃   [0m[94m┣━━ [0m[1;38;5;160m📄 config.mk.d                                      
                    [0m    # DEFAULT_DEP_FILE_NAME                                                                      
           INFO     [94m    [0m[94m┃   [0m[94m    [0m[94m    [0m[94m    [0m[94m    [0m[94m       term_tree_maker.py:1029
                    [0m[94m┃   [0m[94m┃   [0m[94m┗━━ [0m[1;38;5;160m📄 curv.mk                                          
                    [0m    # CONFIG_MK                                                                                  
           INFO     [94m    [0m[94m┃   [0m[94m    [0m[94m    [0m[94m    [0m[94m    [0m[94m       term_tree_maker.py:1029
                    [0m[94m┃   [0m[94m┣━━ [0m[1;38;5;69m📂 hdl/                                                         
                    [0m                                                                                                 
           INFO     [94m    [0m[94m┃   [0m[94m    [0m[94m    [0m[94m    [0m[94m    [0m[94m       term_tree_maker.py:1029
                    [0m[94m┃   [0m[94m┃   [0m[94m┣━━ [0m[1;38;5;160m📄 curvcfgpkg.sv                                    
                    [0m    # CONFIG_SVPKG                                                                               
           INFO     [94m    [0m[94m┃   [0m[94m    [0m[94m    [0m[94m    [0m[94m    [0m[94m       term_tree_maker.py:1029
                    [0m[94m┃   [0m[94m┃   [0m[94m┣━━ [0m[1;38;5;160m📄 curvcfg.svh                                      
                    [0m    # CONFIG_SVH                                                                                 
           INFO     [94m    [0m[94m┃   [0m[94m    [0m[94m    [0m[94m    [0m[94m    [0m[94m       term_tree_maker.py:1029
                    [0m[94m┃   [0m[94m┃   [0m[94m┗━━ [0m[1;38;5;160m📄 memmappkg.sv                                     
                    [0m    # MEMMAP_SV                                                                                  
           INFO     [94m    [0m[94m┃   [0m[94m    [0m[94m    [0m[94m    [0m[94m    [0m[94m       term_tree_maker.py:1029
                    [0m[94m┃   [0m[94m┣━━ [0m[1;38;5;69m📂 docs/                                                        
                    [0m                                                                                                 
           INFO     [94m    [0m[94m┃   [0m[94m    [0m[94m    [0m[94m    [0m[94m    [0m[94m       term_tree_maker.py:1029
                    [0m[94m┃   [0m[94m┃   [0m[94m┗━━ [0m[1;38;5;160m📄 MEMORY_MAP.md                                    
                    [0m    # MEMMAP_MD                                                                                  
           INFO     [94m    [0m[94m┃   [0m[94m    [0m[94m    [0m[94m    [0m[94m    [0m[94m       term_tree_maker.py:1029
                    [0m[94m┃   [0m[94m┗━━ [0m[1;38;5;69m📂 shell/                                                       
                    [0m                                                                                                 
           INFO     [94m    [0m[94m┃   [0m[94m    [0m[94m    [0m[94m    [0m[94m    [0m[94m       term_tree_maker.py:1029
                    [0m[94m┃   [0m[94m    [0m[94m┗━━ [0m[1;38;5;160m📄 curv.env                                         
                    [0m    # CONFIG_ENV                                                                                 
           INFO     [94m    [0m[94m┃   [0m[94m    [0m[94m    [0m[94m    [0m[94m    [0m[94m       term_tree_maker.py:1029
                    [0m[94m┗━━ [0m[1;38;5;69m📂 fw/                                      [0m                            
                    # BUILD_FIRMWARE_DIR                                                                                
           INFO     [94m    [0m[94m┃   [0m[94m    [0m[94m    [0m[94m    [0m[94m    [0m[94m       term_tree_maker.py:1029
                    [0m[94m    [0m[94m┣━━ [0m[1;38;5;69m📂 cache-prefills/                                              
                    [0m    # BUILD_FW_CACHE_PREFILLS_DIR                                                                
           INFO     [94m    [0m[94m┃   [0m[94m    [0m[94m    [0m[94m    [0m[94m    [0m[94m       term_tree_maker.py:1029
                    [0m[94m    [0m[94m┃   [0m[94m┣━━ [0m[1;38;5;69m📂 build/                                            
                    [0m    # BUILD_FW_CACHE_PREFILLS_BIN_DIR                                                            
           INFO     [94m    [0m[94m┃   [0m[94m    [0m[94m    [0m[94m    [0m[94m    [0m[94m       term_tree_maker.py:1029
                    [0m[94m    [0m[94m┃   [0m[94m┃   [0m[94m┣━━ [0m[1;38;5;160m📄 cache.hex                             
                    [0m    # BUILD_CACHE_PREFILL_HEX_OUTPUT_FILE                                                        
           INFO     [94m    [0m[94m┃   [0m[94m    [0m[94m    [0m[94m    [0m[94m    [0m[94m       term_tree_maker.py:1029
                    [0m[94m    [0m[94m┃   [0m[94m┃   [0m[94m┣━━ [0m[1;38;5;160m📄                                       
                    text-section.hex             [0m    # BUILD_SRC_ICACHE_HEX_FILE                                     
           INFO     [94m    [0m[94m┃   [0m[94m    [0m[94m    [0m[94m    [0m[94m    [0m[94m       term_tree_maker.py:1029
                    [0m[94m    [0m[94m┃   [0m[94m┃   [0m[94m┗━━ [0m[1;38;5;160m📄                                       
                    data-section.hex             [0m    # BUILD_SRC_DCACHE_HEX_FILE                                     
           INFO     [94m    [0m[94m┃   [0m[94m    [0m[94m    [0m[94m    [0m[94m    [0m[94m       term_tree_maker.py:1029
                    [0m[94m    [0m[94m┃   [0m[94m┣━━ [0m[1;38;5;69m📂 hex-files/                                        
                    [0m    # BUILD_CACHE_OUTPUT_HEX_FILES_ROOT_DIR                                                      
           INFO     [94m    [0m[94m┃   [0m[94m    [0m[94m    [0m[94m    [0m[94m    [0m[94m       term_tree_maker.py:1029
                    [0m[94m    [0m[94m┃   [0m[94m┃   [0m[94m┣━━ [0m[1;38;5;69m📂 dcache/                                
                    [0m    # BUILD_DCACHE_DIR                                                                           
           INFO     [94m    [0m[94m┃   [0m[94m    [0m[94m    [0m[94m    [0m[94m    [0m[94m       term_tree_maker.py:1029
                    [0m[94m    [0m[94m┃   [0m[94m┃   [0m[94m┃   [0m[94m┣━━ [0m[1;38;5;160m📄                            
                    cachelines/              [0m    # BUILD_DCACHE_CACHELINES_DIR                                       
           INFO     [94m    [0m[94m┃   [0m[94m    [0m[94m    [0m[94m    [0m[94m    [0m[94m       term_tree_maker.py:1029
                    [0m[94m    [0m[94m┃   [0m[94m┃   [0m[94m┃   [0m[94m┗━━ [0m[1;38;5;160m📄                            
                    tagram/                  [0m    # BUILD_DCACHE_TAGRAM_DIR                                           
           INFO     [94m    [0m[94m┃   [0m[94m    [0m[94m    [0m[94m    [0m[94m    [0m[94m       term_tree_maker.py:1029
                    [0m[94m    [0m[94m┃   [0m[94m┃   [0m[94m┗━━ [0m[1;38;5;69m📂 icache/                                
                    [0m    # BUILD_ICACHE_DIR                                                                           
           INFO     [94m    [0m[94m┃   [0m[94m    [0m[94m    [0m[94m    [0m[94m    [0m[94m       term_tree_maker.py:1029
                    [0m[94m    [0m[94m┃   [0m[94m┃   [0m[94m    [0m[94m┣━━ [0m[1;38;5;160m📄                            
                    cachelines/              [0m    # BUILD_ICACHE_CACHELINES_DIR                                       
           INFO     [94m    [0m[94m┃   [0m[94m    [0m[94m    [0m[94m    [0m[94m    [0m[94m       term_tree_maker.py:1029
                    [0m[94m    [0m[94m┃   [0m[94m┃   [0m[94m    [0m[94m┗━━ [0m[1;38;5;160m📄                            
                    tagram/                  [0m    # BUILD_ICACHE_TAGRAM_DIR                                           
           INFO     [94m    [0m[94m┃   [0m[94m    [0m[94m    [0m[94m    [0m[94m    [0m[94m       term_tree_maker.py:1029
                    [0m[94m    [0m[94m┃   [0m[94m┗━━ [0m[1;38;5;69m📂 generated/                                        
                    [0m                                                                                                 
           INFO     [94m    [0m[94m┃   [0m[94m    [0m[94m    [0m[94m    [0m[94m    [0m[94m       term_tree_maker.py:1029
                    [0m[94m    [0m[94m┃   [0m[94m    [0m[94m┣━━ [0m[1;38;5;69m📂 hdl/                                   
                    [0m    # BUILD_CACHE_PREFILL_HDL_DIR                                                                
           INFO     [94m    [0m[94m┃   [0m[94m    [0m[94m    [0m[94m    [0m[94m    [0m[94m       term_tree_maker.py:1029
                    [0m[94m    [0m[94m┃   [0m[94m    [0m[94m┃   [0m[94m┗━━ [0m[1;38;5;160m📄                            
                    cache_hex_files_paths.svh[0m    # BUILD_CACHE_PREFILL_HEX_HDR_FILE                                  
           INFO     [94m    [0m[94m┃   [0m[94m    [0m[94m    [0m[94m    [0m[94m    [0m[94m       term_tree_maker.py:1029
                    [0m[94m    [0m[94m┃   [0m[94m    [0m[94m┗━━ [0m[1;38;5;69m📂 docs/                                  
                    [0m    # BUILD_CACHE_PREFILL_DOCS_DIR                                                               
           INFO     [94m    [0m[94m┃   [0m[94m    [0m[94m    [0m[94m    [0m[94m    [0m[94m       term_tree_maker.py:1029
                    [0m[94m    [0m[94m┃   [0m[94m    [0m[94m    [0m[94m┗━━ [0m[1;38;5;160m📄                            
                    cache_readme.txt         [0m    # BUILD_CACHE_README_FILE                                           
           INFO     [94m    [0m[94m┃   [0m[94m    [0m[94m    [0m[94m    [0m[94m    [0m[94m       term_tree_maker.py:1029
                    [0m[94m    [0m[94m┗━━ [0m[1;38;5;69m📂 bootrom/                                                     
                    [0m                                                                                                 
           INFO     [94m    [0m[94m┃   [0m[94m    [0m[94m    [0m[94m    [0m[94m    [0m[94m       term_tree_maker.py:1029
                    [0m[94m    [0m[94m    [0m[94m┣━━ [0m[1;38;5;69m📂 build/                                            
                    [0m    # BUILD_FW_BOOTROM_DIR                                                                       
           INFO     [94m    [0m[94m┃   [0m[94m    [0m[94m    [0m[94m    [0m[94m    [0m[94m       term_tree_maker.py:1029
                    [0m[94m    [0m[94m    [0m[94m┃   [0m[94m┗━━ [0m[1;38;5;160m📄 bootrom.o                             
                    [0m    # BUILD_BOOTROM_OBJ_FILES                                                                    
           INFO     [94m    [0m[94m┃   [0m[94m    [0m[94m    [0m[94m    [0m[94m    [0m[94m       term_tree_maker.py:1029
                    [0m[94m    [0m[94m    [0m[94m┗━━ [0m[1;38;5;69m📂 hex-files/                                        
                    [0m    # BUILD_BOOTROM_HEX_FILES_DIR                                                                
           INFO     [94m    [0m[94m┃   [0m[94m    [0m[94m    [0m[94m    [0m[94m    [0m[94m       term_tree_maker.py:1029
                    [0m[94m    [0m[94m    [0m[94m    [0m[94m┗━━ [0m[1;38;5;160m📄 bootrom.hex                           
                    [0m    # BUILD_BOOTROM_HEX_FILES                                                                    
           INFO     [94m    [0m[94m┗━━ [0m[1;38;5;160m📄 common/                                 term_tree_maker.py:1029
                    [0m    # CURV_COMMON_DIR                                                                            
[05:19:34] INFO     [logger] configured: LoggingLevels(stderr_level=CRITICAL, file_level=DEBUG)            logger.py:171
[05:19:34] INFO     [logger] configured: LoggingLevels(stderr_level=CRITICAL, file_level=DEBUG)            logger.py:171
           ERROR    Error: CurvConfigPath.__init__() got an unexpected keyword argument 'DEVICE'          __main__.py:21
                    ╭──────────────────────── Traceback (most recent call last) ────────────────────────╮               
                    │ /home/mwg/curv/mikegoelzer/tree-maker/src/term_tree_maker/__main__.py:17 in main  │               
                    │                                                                                   │               
                    │   14 │   """                                                                      │               
                    │   15 │   init_logging()                                                           │               
                    │   16 │   try:                                                                     │               
                    │ ❱ 17 │   │   result: Optional[int] = _cli_main()                                  │               
                    │   18 │   except SystemExit as exc:                                                │               
                    │   19 │   │   return exc.code if isinstance(exc.code, int) else 0                  │               
                    │   20 │   except Exception as exc:                                                 │               
                    │                                                                                   │               
                    │ ╭─────────────────────────────────── locals ────────────────────────────────────╮ │               
                    │ │ exc = TypeError("CurvConfigPath.__init__() got an unexpected keyword argument │ │               
                    │ │       'DEVICE'")                                                              │ │               
                    │ ╰───────────────────────────────────────────────────────────────────────────────╯ │               
                    │                                                                                   │               
                    │ /home/mwg/curv/mikegoelzer/tree-maker/src/term_tree_maker/term_tree_maker.py:882  │               
                    │ in main                                                                           │               
                    │                                                                                   │               
                    │    879 │   │   data_fn = lambda max_comment_line_width: make_data_from_path_env(m │               
                    │    880 │                                                                          │               
                    │    881 │   # make the Node tree from the data source                              │               
                    │ ❱  882 │   root = data_fn(max_comment_line_width)                                 │               
                    │    883 │                                                                          │               
                    │    884 │   invisible_table = Table.grid(padding=0)                                │               
                    │    885 │   invisible_table.add_column("tree", justify="left", no_wrap=True)       │               
                    │                                                                                   │               
                    │ ╭─────────────────────────────────── locals ────────────────────────────────────╮ │               
                    │ │                   args = Namespace(insert_extra_top_line=False,               │ │               
                    │ │                          chunk_lines_amount=None, chunk_number=0,             │ │               
                    │ │                          chunk_count=False,                                   │ │               
                    │ │                          data_source='/home/mwg/ecp5-first-steps/my-designs/… │ │               
                    │ │ max_comment_line_width = None                                                 │ │               
                    │ ╰───────────────────────────────────────────────────────────────────────────────╯ │               
                    │                                                                                   │               
                    │ /home/mwg/curv/mikegoelzer/tree-maker/src/term_tree_maker/term_tree_maker.py:879  │               
                    │ in <lambda>                                                                       │               
                    │                                                                                   │               
                    │    876 │   │   data_fn = lambda max_comment_line_width: make_dummy_data(max_comme │               
                    │    877 │   else:                                                                  │               
                    │    878 │   │   # treat data source as a path to an environment file               │               
                    │ ❱  879 │   │   data_fn = lambda max_comment_line_width: make_data_from_path_env(m │               
                    │    880 │                                                                          │               
                    │    881 │   # make the Node tree from the data source                              │               
                    │    882 │   root = data_fn(max_comment_line_width)                                 │               
                    │                                                                                   │               
                    │ ╭─────────────────────────────────── locals ────────────────────────────────────╮ │               
                    │ │                   args = Namespace(insert_extra_top_line=False,               │ │               
                    │ │                          chunk_lines_amount=None, chunk_number=0,             │ │               
                    │ │                          chunk_count=False,                                   │ │               
                    │ │                          data_source='/home/mwg/ecp5-first-steps/my-designs/… │ │               
                    │ │ max_comment_line_width = None                                                 │ │               
                    │ ╰───────────────────────────────────────────────────────────────────────────────╯ │               
                    │                                                                                   │               
                    │ /home/mwg/curv/mikegoelzer/tree-maker/src/term_tree_maker/term_tree_maker.py:597  │               
                    │ in make_data_from_path_env                                                        │               
                    │                                                                                   │               
                    │    594 │   build_dir = "/home/mwg/ecp5-first-steps/my-designs/riscv-soc/riscv/tb/ │               
                    │    595 │                                                                          │               
                    │    596 │   # 3) Resolve values from path_raw.env                                  │               
                    │ ❱  597 │   env_file_values = CurvConfigPathEnv(env_file, BUILD_DIR=build_dir, CUR │               
                    │    598 │   cfgvalues = CfgValues(vals={'CFG_CACHE_HEX_FILES_SRC_NAME' : CfgValue( │               
                    │    599 │   │   │   value="auipc-bypass",                                          │               
                    │    600 │   │   │   meta={                                                         │               
                    │                                                                                   │               
                    │ ╭─────────────────────────────────── locals ────────────────────────────────────╮ │               
                    │ │              build_dir = '/home/mwg/ecp5-first-steps/my-designs/riscv-soc/ri… │ │               
                    │ │          curv_root_dir = '/home/mwg/ecp5-first-steps/my-designs/riscv-soc'    │ │               
                    │ │               env_file = '/home/mwg/ecp5-first-steps/my-designs/riscv-soc/sc… │ │               
                    │ │ max_comment_line_width = None                                                 │ │               
                    │ ╰───────────────────────────────────────────────────────────────────────────────╯ │               
                    │                                                                                   │               
                    │ /home/mwg/curv/mikegoelzer/tree-maker/src/term_tree_maker/term_tree_maker.py:531  │               
                    │ in __init__                                                                       │               
                    │                                                                                   │               
                    │    528 │   │   self.build_dir = BUILD_DIR                                         │               
                    │    529 │   │   self.curv_root_dir = CURV_ROOT_DIR                                 │               
                    │    530 │   │   self.cfgvalues = cfgvalues                                         │               
                    │ ❱  531 │   │   self._refresh_from_path_env_file()                                 │               
                    │    532 │                                                                          │               
                    │    533 │   def _refresh_from_path_env_file(self) -> None:                         │               
                    │    534 │   │   """                                                                │               
                    │                                                                                   │               
                    │ ╭─────────────────────────────────── locals ────────────────────────────────────╮ │               
                    │ │         BOARD = None                                                          │ │               
                    │ │     BUILD_DIR = '/home/mwg/ecp5-first-steps/my-designs/riscv-soc/riscv/tb/ve… │ │               
                    │ │     cfgvalues = None                                                          │ │               
                    │ │ CURV_ROOT_DIR = '/home/mwg/ecp5-first-steps/my-designs/riscv-soc'             │ │               
                    │ │        DEVICE = None                                                          │ │               
                    │ │      env_file = '/home/mwg/ecp5-first-steps/my-designs/riscv-soc/scripts/mak… │ │               
                    │ │       PROFILE = None                                                          │ │               
                    │ │          self = {}                                                            │ │               
                    │ ╰───────────────────────────────────────────────────────────────────────────────╯ │               
                    │                                                                                   │               
                    │ /home/mwg/curv/mikegoelzer/tree-maker/src/term_tree_maker/term_tree_maker.py:554  │               
                    │ in _refresh_from_path_env_file                                                    │               
                    │                                                                                   │               
                    │    551 │   │   for k, v in env_values.items():                                    │               
                    │    552 │   │   │   if v is None:                                                  │               
                    │    553 │   │   │   │   continue                                                   │               
                    │ ❱  554 │   │   │   new_value = CurvConfigPath(                                    │               
                    │    555 │   │   │   │   path=v,                                                    │               
                    │    556 │   │   │   │   PROFILE=self.profile,                                      │               
                    │    557 │   │   │   │   BOARD=self.board,                                          │               
                    │                                                                                   │               
                    │ ╭─────────────────────────────────── locals ────────────────────────────────────╮ │               
                    │ │       env_values = OrderedDict([('CURV_REPO_DIR',                             │ │               
                    │ │                    '/home/mwg/ecp5-first-steps/my-designs/riscv-soc/../..'),  │ │               
                    │ │                    ('CURV_CONFIG_DIR',                                        │ │               
                    │ │                    '/home/mwg/ecp5-first-steps/my-designs/riscv-soc/config'), │ │               
                    │ │                    ('CURV_BOARDS_DIR',                                        │ │               
                    │ │                    '/home/mwg/ecp5-first-steps/my-designs/riscv-soc/boards'), │ │               
                    │ │                    ('CURV_RISCV_DIR',                                         │ │               
                    │ │                    '/home/mwg/ecp5-first-steps/my-designs/riscv-soc/riscv'),  │ │               
                    │ │                    ('CURV_COMMON_DIR',                                        │ │               
                    │ │                    '/home/mwg/ecp5-first-steps/my-designs/riscv-soc/../commo… │ │               
                    │ │                    ('CURV_FIRMWARE_DIR',                                      │ │               
                    │ │                    '/home/mwg/ecp5-first-steps/my-designs/riscv-soc/riscv/fi… │ │               
                    │ │                    ('CURV_CONFIG_SCHEMA_DIR',                                 │ │               
                    │ │                    '/home/mwg/ecp5-first-steps/my-designs/riscv-soc/config/s… │ │               
                    │ │                    ('CURV_CONFIG_PROFILES_DIR',                               │ │               
                    │ │                    '/home/mwg/ecp5-first-steps/my-designs/riscv-soc/config/p… │ │               
                    │ │                    ('CURV_CONFIG_PROFILE_OVERLAYS_DIR',                       │ │               
                    │ │                    '/home/mwg/ecp5-first-steps/my-designs/riscv-soc/config/p… │ │               
                    │ │                    ('CURV_CONFIG_MEMMAP_DIR',                                 │ │               
                    │ │                    '/home/mwg/ecp5-first-steps/my-designs/riscv-soc/config/m… │ │               
                    │ │                    ('CURV_CONFIG_DEVICES_DIR',                                │ │               
                    │ │                    '/home/mwg/ecp5-first-steps/my-designs/riscv-soc/boards/$… │ │               
                    │ │                    ('DEFAULT_PROFILE_TOML_PATH',                              │ │               
                    │ │                    '/home/mwg/ecp5-first-steps/my-designs/riscv-soc/config/p… │ │               
                    │ │                    ('DEFAULT_TB_OVERLAY_TOML_PATH',                           │ │               
                    │ │                    '/home/mwg/ecp5-first-steps/my-designs/riscv-soc/config/p… │ │               
                    │ │                    ('DEFAULT_SCHEMA_TOML_PATH',                               │ │               
                    │ │                    '/home/mwg/ecp5-first-steps/my-designs/riscv-soc/config/s… │ │               
                    │ │                    ('DEFAULT_TB_SCHEMA_TOML_PATH',                            │ │               
                    │ │                    '/home/mwg/ecp5-first-steps/my-designs/riscv-soc/config/s… │ │               
                    │ │                    ('BUILD_CACHE_PREFILL_INPUT_DIR',                          │ │               
                    │ │                    '/home/mwg/ecp5-first-steps/my-designs/riscv-soc/riscv/fi… │ │               
                    │ │                    ('BUILD_GENERATED_DIR', '$(BUILD_DIR)/generated'),         │ │               
                    │ │                    ('BUILD_FIRMWARE_DIR', '$(BUILD_DIR)/fw'),                 │ │               
                    │ │                    ('BUILD_FW_CACHE_PREFILLS_DIR',                            │ │               
                    │ │                    '$(BUILD_DIR)/fw/cache-prefills'),                         │ │               
                    │ │                    ('BUILD_FW_CACHE_PREFILLS_BIN_DIR',                        │ │               
                    │ │                    '$(BUILD_DIR)/fw/cache-prefills/build'),                   │ │               
                    │ │                    ('BUILD_CACHE_OUTPUT_HEX_FILES_ROOT_DIR',                  │ │               
                    │ │                    '$(BUILD_DIR)/fw/cache-prefills/hex-files'),               │ │               
                    │ │                    ('BUILD_DCACHE_DIR',                                       │ │               
                    │ │                    '$(BUILD_DIR)/fw/cache-prefills/hex-files/dcache'),        │ │               
                    │ │                    ('BUILD_DCACHE_CACHELINES_DIR',                            │ │               
                    │ │                    '$(BUILD_DIR)/fw/cache-prefills/hex-files/dcache/cachelin… │ │               
                    │ │                    ('BUILD_DCACHE_TAGRAM_DIR',                                │ │               
                    │ │                    '$(BUILD_DIR)/fw/cache-prefills/hex-files/dcache/tagram'), │ │               
                    │ │                    ('BUILD_ICACHE_DIR',                                       │ │               
                    │ │                    '$(BUILD_DIR)/fw/cache-prefills/hex-files/icache'),        │ │               
                    │ │                    ('BUILD_ICACHE_CACHELINES_DIR',                            │ │               
                    │ │                    '$(BUILD_DIR)/fw/cache-prefills/hex-files/icache/cachelin… │ │               
                    │ │                    ('BUILD_ICACHE_TAGRAM_DIR',                                │ │               
                    │ │                    '$(BUILD_DIR)/fw/cache-prefills/hex-files/icache/tagram'), │ │               
                    │ │                    ('BUILD_FW_BOOTROM_DIR', '$(BUILD_DIR)/fw/bootrom/build'), │ │               
                    │ │                    ('BUILD_BOOTROM_HEX_FILES_DIR',                            │ │               
                    │ │                    '$(BUILD_DIR)/fw/bootrom/hex-files'),                      │ │               
                    │ │                    ('DEFAULT_MERGED_TOML_NAME',                               │ │               
                    │ │                    '$(BUILD_DIR)/generated/config/merged.toml'),              │ │               
                    │ │                    ('DEFAULT_DEP_FILE_NAME',                                  │ │               
                    │ │                    '$(BUILD_DIR)/generated/make/config.mk.d'), ('CONFIG_MK',  │ │               
                    │ │                    '$(BUILD_DIR)/generated/make/curv.mk'), ('CONFIG_SVPKG',   │ │               
                    │ │                    '$(BUILD_DIR)/generated/hdl/curvcfgpkg.sv'),               │ │               
                    │ │                    ('CONFIG_SVH', '$(BUILD_DIR)/generated/hdl/curvcfg.svh'),  │ │               
                    │ │                    ('MEMMAP_SV', '$(BUILD_DIR)/generated/hdl/memmappkg.sv'),  │ │               
                    │ │                    ('MEMMAP_MD',                                              │ │               
                    │ │                    '$(BUILD_DIR)/generated/docs/MEMORY_MAP.md'),              │ │               
                    │ │                    ('CONFIG_ENV', '$(BUILD_DIR)/generated/shell/curv.env'),   │ │               
                    │ │                    ('BUILD_CACHE_PREFILL_HEX_OUTPUT_FILE',                    │ │               
                    │ │                    '$(BUILD_DIR)/fw/cache-prefills/build/cache.hex'),         │ │               
                    │ │                    ('BUILD_CACHE_PREFILL_HDL_DIR',                            │ │               
                    │ │                    '$(BUILD_DIR)/fw/cache-prefills/generated/hdl'),           │ │               
                    │ │                    ('BUILD_CACHE_PREFILL_DOCS_DIR',                           │ │               
                    │ │                    '$(BUILD_DIR)/fw/cache-prefills/generated/docs'),          │ │               
                    │ │                    ('BUILD_CACHE_PREFILL_HEX_HDR_FILE',                       │ │               
                    │ │                    '$(BUILD_DIR)/fw/cache-prefills/generated/hdl/cache_hex_f… │ │               
                    │ │                    ('BUILD_SRC_ICACHE_HEX_FILE',                              │ │               
                    │ │                    '$(BUILD_DIR)/fw/cache-prefills/build/text-section.hex'),  │ │               
                    │ │                    ('BUILD_SRC_DCACHE_HEX_FILE',                              │ │               
                    │ │                    '$(BUILD_DIR)/fw/cache-prefills/build/data-section.hex'),  │ │               
                    │ │                    ('BUILD_WISHBONE_HEX_FILE',                                │ │               
                    │ │                    '$(BUILD_DIR)/fw/cache-prefills/build/cache.hex'),         │ │               
                    │ │                    ('BUILD_CACHE_README_FILE',                                │ │               
                    │ │                    '$(BUILD_DIR)/fw/cache-prefills/generated/docs/cache_read… │ │               
                    │ │                    ('BUILD_BOOTROM_OBJ_FILES',                                │ │               
                    │ │                    '$(BUILD_DIR)/fw/bootrom/build/bootrom.o'),                │ │               
                    │ │                    ('BUILD_BOOTROM_HEX_FILES',                                │ │               
                    │ │                    '$(BUILD_DIR)/fw/bootrom/hex-files/bootrom.hex')])         │ │               
                    │ │                k = 'CURV_REPO_DIR'                                            │ │               
                    │ │ replacement_vals = {                                                          │ │               
                    │ │                    │   'PROFILE': None,                                       │ │               
                    │ │                    │   'BOARD': None,                                         │ │               
                    │ │                    │   'DEVICE': None,                                        │ │               
                    │ │                    │   'BUILD_DIR':                                           │ │               
                    │ │                    '/home/mwg/ecp5-first-steps/my-designs/riscv-soc/riscv/tb… │ │               
                    │ │                    │   'CURV_ROOT_DIR':                                       │ │               
                    │ │                    '/home/mwg/ecp5-first-steps/my-designs/riscv-soc'          │ │               
                    │ │                    }                                                          │ │               
                    │ │             self = {}                                                         │ │               
                    │ │                v = '/home/mwg/ecp5-first-steps/my-designs/riscv-soc/../..'    │ │               
                    │ ╰───────────────────────────────────────────────────────────────────────────────╯ │               
                    ╰───────────────────────────────────────────────────────────────────────────────────╯               
                    TypeError: CurvConfigPath.__init__() got an unexpected keyword argument 'DEVICE'                    
[05:20:22] INFO     [logger] configured: LoggingLevels(stderr_level=CRITICAL, file_level=DEBUG)            logger.py:171
[05:20:22] INFO     [logger] configured: LoggingLevels(stderr_level=CRITICAL, file_level=DEBUG)            logger.py:171
           INFO     [1;38;5;69m📂 CURV_REPO_DIR/                                                 term_tree_maker.py:1030
                    [0m    # root of curvcpu/curv repository                                                            
           INFO     [94m┗━━ [0m[1;38;5;69m📂 my-designs/                                         term_tree_maker.py:1030
                    [0m                                                                                                 
           INFO     [94m    [0m[94m┣━━ [0m[1;38;5;69m📂 riscv-soc/                               term_tree_maker.py:1030
                    [0m                                                                                                 
           INFO     [94m    [0m[94m┃   [0m[94m┣━━ [0m[1;38;5;69m📂 config/                       term_tree_maker.py:1030
                    [0m    # CURV_CONFIG_DIR                                                                            
           INFO     [94m    [0m[94m┃   [0m[94m┃   [0m[94m┣━━ [0m[1;38;5;69m📂 schema/            term_tree_maker.py:1030
                    [0m    # CURV_CONFIG_SCHEMA_DIR                                                                     
           INFO     [94m    [0m[94m┃   [0m[94m┃   [0m[94m┃   [0m[94m┣━━ [0m[1;38;5;160m📄        term_tree_maker.py:1030
                    schema.toml                                          [0m    #                                       
                    DEFAULT_SCHEMA_TOML_PATH                                                                            
           INFO     [94m    [0m[94m┃   [0m[94m┃   [0m[94m┃   [0m[94m┗━━ [0m[1;38;5;160m📄        term_tree_maker.py:1030
                    tb-extras-schema.toml                                [0m    #                                       
                    DEFAULT_TB_SCHEMA_TOML_PATH                                                                         
           INFO     [94m    [0m[94m┃   [0m[94m┃   [0m[94m┣━━ [0m[1;38;5;69m📂 profiles/          term_tree_maker.py:1030
                    [0m    # CURV_CONFIG_PROFILES_DIR                                                                   
           INFO     [94m    [0m[94m┃   [0m[94m┃   [0m[94m┃   [0m[94m┣━━ [0m[1;38;5;69m📂         term_tree_maker.py:1030
                    overlays/                                            [0m    #                                       
                    CURV_CONFIG_PROFILE_OVERLAYS_DIR                                                                    
           INFO     [94m    [0m[94m┃   [0m[94m┃   [0m[94m┃   [0m[94m┃   [0m[94m┗━━               term_tree_maker.py:1030
                    [0m[1;38;5;160m📄 tb.toml                                          [0m    #                         
                    DEFAULT_TB_OVERLAY_TOML_PATH                                                                        
           INFO     [94m    [0m[94m┃   [0m[94m┃   [0m[94m┃   [0m[94m┗━━ [0m[1;38;5;160m📄        term_tree_maker.py:1030
                    default.toml                                         [0m    #                                       
                    DEFAULT_PROFILE_TOML_PATH                                                                           
           INFO     [94m    [0m[94m┃   [0m[94m┃   [0m[94m┗━━ [0m[1;38;5;160m📄 memmap/           term_tree_maker.py:1030
                    [0m    # CURV_CONFIG_MEMMAP_DIR                                                                     
           INFO     [94m    [0m[94m┃   [0m[94m┣━━ [0m[1;38;5;69m📂 boards/                       term_tree_maker.py:1030
                    [0m    # CURV_BOARDS_DIR                                                                            
           INFO     [94m    [0m[94m┃   [0m[94m┃   [0m[94m┗━━ [0m[1;38;5;69m📂 gcm-v1/            term_tree_maker.py:1030
                    [0m                                                                                                 
           INFO     [94m    [0m[94m┃   [0m[94m┃   [0m[94m    [0m[94m┗━━ [0m[1;38;5;160m📄        term_tree_maker.py:1030
                    devices/                                             [0m    #                                       
                    CURV_CONFIG_DEVICES_DIR                                                                             
           INFO     [94m    [0m[94m┃   [0m[94m┗━━ [0m[1;38;5;69m📂 riscv/                        term_tree_maker.py:1030
                    [0m    # CURV_RISCV_DIR                                                                             
           INFO     [94m    [0m[94m┃   [0m[94m    [0m[94m┣━━ [0m[1;38;5;69m📂 firmware/          term_tree_maker.py:1030
                    [0m    # CURV_FIRMWARE_DIR                                                                          
           INFO     [94m    [0m[94m┃   [0m[94m    [0m[94m┃   [0m[94m┗━━ [0m[1;38;5;69m📂         term_tree_maker.py:1030
                    cache-prefills/                                      [0m                                            
           INFO     [94m    [0m[94m┃   [0m[94m    [0m[94m┃   [0m[94m    [0m[94m┗━━               term_tree_maker.py:1030
                    [0m[1;38;5;160m📄 auipc-bypass/                                    [0m    #                         
                    BUILD_CACHE_PREFILL_INPUT_DIR                                                                       
           INFO     [94m    [0m[94m┃   [0m[94m    [0m[94m┗━━ [0m[1;38;5;69m📂 tb/                term_tree_maker.py:1030
                    [0m                                                                                                 
           INFO     [94m    [0m[94m┃   [0m[94m    [0m[94m    [0m[94m┗━━ [0m[1;38;5;69m📂         term_tree_maker.py:1030
                    verilator/                                           [0m                                            
           INFO     [94m    [0m[94m┃   [0m[94m    [0m[94m    [0m[94m    [0m[94m┗━━               term_tree_maker.py:1030
                    [0m[1;38;5;69m📂 riscvcpu/                                        [0m                               
           INFO     [94m    [0m[94m┃   [0m[94m    [0m[94m    [0m[94m    [0m[94m    [0m[94m┗━━    term_tree_maker.py:1030
                    [0m[1;38;5;69m📂 build/                                       [0m                                   
           INFO     [94m    [0m[94m┃   [0m[94m    [0m[94m    [0m[94m    [0m[94m    [0m[94m       term_tree_maker.py:1030
                    [0m[94m┣━━ [0m[1;38;5;69m📂 generated/                               [0m                            
                    # BUILD_GENERATED_DIR                                                                               
           INFO     [94m    [0m[94m┃   [0m[94m    [0m[94m    [0m[94m    [0m[94m    [0m[94m       term_tree_maker.py:1030
                    [0m[94m┃   [0m[94m┣━━ [0m[1;38;5;69m📂 config/                                                      
                    [0m                                                                                                 
           INFO     [94m    [0m[94m┃   [0m[94m    [0m[94m    [0m[94m    [0m[94m    [0m[94m       term_tree_maker.py:1030
                    [0m[94m┃   [0m[94m┃   [0m[94m┗━━ [0m[1;38;5;160m📄 merged.toml                                      
                    [0m    # DEFAULT_MERGED_TOML_NAME                                                                   
           INFO     [94m    [0m[94m┃   [0m[94m    [0m[94m    [0m[94m    [0m[94m    [0m[94m       term_tree_maker.py:1030
                    [0m[94m┃   [0m[94m┣━━ [0m[1;38;5;69m📂 make/                                                        
                    [0m                                                                                                 
           INFO     [94m    [0m[94m┃   [0m[94m    [0m[94m    [0m[94m    [0m[94m    [0m[94m       term_tree_maker.py:1030
                    [0m[94m┃   [0m[94m┃   [0m[94m┣━━ [0m[1;38;5;160m📄 config.mk.d                                      
                    [0m    # DEFAULT_DEP_FILE_NAME                                                                      
           INFO     [94m    [0m[94m┃   [0m[94m    [0m[94m    [0m[94m    [0m[94m    [0m[94m       term_tree_maker.py:1030
                    [0m[94m┃   [0m[94m┃   [0m[94m┗━━ [0m[1;38;5;160m📄 curv.mk                                          
                    [0m    # CONFIG_MK                                                                                  
           INFO     [94m    [0m[94m┃   [0m[94m    [0m[94m    [0m[94m    [0m[94m    [0m[94m       term_tree_maker.py:1030
                    [0m[94m┃   [0m[94m┣━━ [0m[1;38;5;69m📂 hdl/                                                         
                    [0m                                                                                                 
           INFO     [94m    [0m[94m┃   [0m[94m    [0m[94m    [0m[94m    [0m[94m    [0m[94m       term_tree_maker.py:1030
                    [0m[94m┃   [0m[94m┃   [0m[94m┣━━ [0m[1;38;5;160m📄 curvcfgpkg.sv                                    
                    [0m    # CONFIG_SVPKG                                                                               
           INFO     [94m    [0m[94m┃   [0m[94m    [0m[94m    [0m[94m    [0m[94m    [0m[94m       term_tree_maker.py:1030
                    [0m[94m┃   [0m[94m┃   [0m[94m┣━━ [0m[1;38;5;160m📄 curvcfg.svh                                      
                    [0m    # CONFIG_SVH                                                                                 
           INFO     [94m    [0m[94m┃   [0m[94m    [0m[94m    [0m[94m    [0m[94m    [0m[94m       term_tree_maker.py:1030
                    [0m[94m┃   [0m[94m┃   [0m[94m┗━━ [0m[1;38;5;160m📄 memmappkg.sv                                     
                    [0m    # MEMMAP_SV                                                                                  
           INFO     [94m    [0m[94m┃   [0m[94m    [0m[94m    [0m[94m    [0m[94m    [0m[94m       term_tree_maker.py:1030
                    [0m[94m┃   [0m[94m┣━━ [0m[1;38;5;69m📂 docs/                                                        
                    [0m                                                                                                 
           INFO     [94m    [0m[94m┃   [0m[94m    [0m[94m    [0m[94m    [0m[94m    [0m[94m       term_tree_maker.py:1030
                    [0m[94m┃   [0m[94m┃   [0m[94m┗━━ [0m[1;38;5;160m📄 MEMORY_MAP.md                                    
                    [0m    # MEMMAP_MD                                                                                  
           INFO     [94m    [0m[94m┃   [0m[94m    [0m[94m    [0m[94m    [0m[94m    [0m[94m       term_tree_maker.py:1030
                    [0m[94m┃   [0m[94m┗━━ [0m[1;38;5;69m📂 shell/                                                       
                    [0m                                                                                                 
           INFO     [94m    [0m[94m┃   [0m[94m    [0m[94m    [0m[94m    [0m[94m    [0m[94m       term_tree_maker.py:1030
                    [0m[94m┃   [0m[94m    [0m[94m┗━━ [0m[1;38;5;160m📄 curv.env                                         
                    [0m    # CONFIG_ENV                                                                                 
           INFO     [94m    [0m[94m┃   [0m[94m    [0m[94m    [0m[94m    [0m[94m    [0m[94m       term_tree_maker.py:1030
                    [0m[94m┗━━ [0m[1;38;5;69m📂 fw/                                      [0m                            
                    # BUILD_FIRMWARE_DIR                                                                                
           INFO     [94m    [0m[94m┃   [0m[94m    [0m[94m    [0m[94m    [0m[94m    [0m[94m       term_tree_maker.py:1030
                    [0m[94m    [0m[94m┣━━ [0m[1;38;5;69m📂 cache-prefills/                                              
                    [0m    # BUILD_FW_CACHE_PREFILLS_DIR                                                                
           INFO     [94m    [0m[94m┃   [0m[94m    [0m[94m    [0m[94m    [0m[94m    [0m[94m       term_tree_maker.py:1030
                    [0m[94m    [0m[94m┃   [0m[94m┣━━ [0m[1;38;5;69m📂 build/                                            
                    [0m    # BUILD_FW_CACHE_PREFILLS_BIN_DIR                                                            
           INFO     [94m    [0m[94m┃   [0m[94m    [0m[94m    [0m[94m    [0m[94m    [0m[94m       term_tree_maker.py:1030
                    [0m[94m    [0m[94m┃   [0m[94m┃   [0m[94m┣━━ [0m[1;38;5;160m📄 cache.hex                             
                    [0m    # BUILD_CACHE_PREFILL_HEX_OUTPUT_FILE                                                        
           INFO     [94m    [0m[94m┃   [0m[94m    [0m[94m    [0m[94m    [0m[94m    [0m[94m       term_tree_maker.py:1030
                    [0m[94m    [0m[94m┃   [0m[94m┃   [0m[94m┣━━ [0m[1;38;5;160m📄                                       
                    text-section.hex             [0m    # BUILD_SRC_ICACHE_HEX_FILE                                     
           INFO     [94m    [0m[94m┃   [0m[94m    [0m[94m    [0m[94m    [0m[94m    [0m[94m       term_tree_maker.py:1030
                    [0m[94m    [0m[94m┃   [0m[94m┃   [0m[94m┗━━ [0m[1;38;5;160m📄                                       
                    data-section.hex             [0m    # BUILD_SRC_DCACHE_HEX_FILE                                     
           INFO     [94m    [0m[94m┃   [0m[94m    [0m[94m    [0m[94m    [0m[94m    [0m[94m       term_tree_maker.py:1030
                    [0m[94m    [0m[94m┃   [0m[94m┣━━ [0m[1;38;5;69m📂 hex-files/                                        
                    [0m    # BUILD_CACHE_OUTPUT_HEX_FILES_ROOT_DIR                                                      
           INFO     [94m    [0m[94m┃   [0m[94m    [0m[94m    [0m[94m    [0m[94m    [0m[94m       term_tree_maker.py:1030
                    [0m[94m    [0m[94m┃   [0m[94m┃   [0m[94m┣━━ [0m[1;38;5;69m📂 dcache/                                
                    [0m    # BUILD_DCACHE_DIR                                                                           
           INFO     [94m    [0m[94m┃   [0m[94m    [0m[94m    [0m[94m    [0m[94m    [0m[94m       term_tree_maker.py:1030
                    [0m[94m    [0m[94m┃   [0m[94m┃   [0m[94m┃   [0m[94m┣━━ [0m[1;38;5;160m📄                            
                    cachelines/              [0m    # BUILD_DCACHE_CACHELINES_DIR                                       
           INFO     [94m    [0m[94m┃   [0m[94m    [0m[94m    [0m[94m    [0m[94m    [0m[94m       term_tree_maker.py:1030
                    [0m[94m    [0m[94m┃   [0m[94m┃   [0m[94m┃   [0m[94m┗━━ [0m[1;38;5;160m📄                            
                    tagram/                  [0m    # BUILD_DCACHE_TAGRAM_DIR                                           
           INFO     [94m    [0m[94m┃   [0m[94m    [0m[94m    [0m[94m    [0m[94m    [0m[94m       term_tree_maker.py:1030
                    [0m[94m    [0m[94m┃   [0m[94m┃   [0m[94m┗━━ [0m[1;38;5;69m📂 icache/                                
                    [0m    # BUILD_ICACHE_DIR                                                                           
           INFO     [94m    [0m[94m┃   [0m[94m    [0m[94m    [0m[94m    [0m[94m    [0m[94m       term_tree_maker.py:1030
                    [0m[94m    [0m[94m┃   [0m[94m┃   [0m[94m    [0m[94m┣━━ [0m[1;38;5;160m📄                            
                    cachelines/              [0m    # BUILD_ICACHE_CACHELINES_DIR                                       
           INFO     [94m    [0m[94m┃   [0m[94m    [0m[94m    [0m[94m    [0m[94m    [0m[94m       term_tree_maker.py:1030
                    [0m[94m    [0m[94m┃   [0m[94m┃   [0m[94m    [0m[94m┗━━ [0m[1;38;5;160m📄                            
                    tagram/                  [0m    # BUILD_ICACHE_TAGRAM_DIR                                           
           INFO     [94m    [0m[94m┃   [0m[94m    [0m[94m    [0m[94m    [0m[94m    [0m[94m       term_tree_maker.py:1030
                    [0m[94m    [0m[94m┃   [0m[94m┗━━ [0m[1;38;5;69m📂 generated/                                        
                    [0m                                                                                                 
           INFO     [94m    [0m[94m┃   [0m[94m    [0m[94m    [0m[94m    [0m[94m    [0m[94m       term_tree_maker.py:1030
                    [0m[94m    [0m[94m┃   [0m[94m    [0m[94m┣━━ [0m[1;38;5;69m📂 hdl/                                   
                    [0m    # BUILD_CACHE_PREFILL_HDL_DIR                                                                
           INFO     [94m    [0m[94m┃   [0m[94m    [0m[94m    [0m[94m    [0m[94m    [0m[94m       term_tree_maker.py:1030
                    [0m[94m    [0m[94m┃   [0m[94m    [0m[94m┃   [0m[94m┗━━ [0m[1;38;5;160m📄                            
                    cache_hex_files_paths.svh[0m    # BUILD_CACHE_PREFILL_HEX_HDR_FILE                                  
           INFO     [94m    [0m[94m┃   [0m[94m    [0m[94m    [0m[94m    [0m[94m    [0m[94m       term_tree_maker.py:1030
                    [0m[94m    [0m[94m┃   [0m[94m    [0m[94m┗━━ [0m[1;38;5;69m📂 docs/                                  
                    [0m    # BUILD_CACHE_PREFILL_DOCS_DIR                                                               
           INFO     [94m    [0m[94m┃   [0m[94m    [0m[94m    [0m[94m    [0m[94m    [0m[94m       term_tree_maker.py:1030
                    [0m[94m    [0m[94m┃   [0m[94m    [0m[94m    [0m[94m┗━━ [0m[1;38;5;160m📄                            
                    cache_readme.txt         [0m    # BUILD_CACHE_README_FILE                                           
           INFO     [94m    [0m[94m┃   [0m[94m    [0m[94m    [0m[94m    [0m[94m    [0m[94m       term_tree_maker.py:1030
                    [0m[94m    [0m[94m┗━━ [0m[1;38;5;69m📂 bootrom/                                                     
                    [0m                                                                                                 
           INFO     [94m    [0m[94m┃   [0m[94m    [0m[94m    [0m[94m    [0m[94m    [0m[94m       term_tree_maker.py:1030
                    [0m[94m    [0m[94m    [0m[94m┣━━ [0m[1;38;5;69m📂 build/                                            
                    [0m    # BUILD_FW_BOOTROM_DIR                                                                       
           INFO     [94m    [0m[94m┃   [0m[94m    [0m[94m    [0m[94m    [0m[94m    [0m[94m       term_tree_maker.py:1030
                    [0m[94m    [0m[94m    [0m[94m┃   [0m[94m┗━━ [0m[1;38;5;160m📄 bootrom.o                             
                    [0m    # BUILD_BOOTROM_OBJ_FILES                                                                    
           INFO     [94m    [0m[94m┃   [0m[94m    [0m[94m    [0m[94m    [0m[94m    [0m[94m       term_tree_maker.py:1030
                    [0m[94m    [0m[94m    [0m[94m┗━━ [0m[1;38;5;69m📂 hex-files/                                        
                    [0m    # BUILD_BOOTROM_HEX_FILES_DIR                                                                
           INFO     [94m    [0m[94m┃   [0m[94m    [0m[94m    [0m[94m    [0m[94m    [0m[94m       term_tree_maker.py:1030
                    [0m[94m    [0m[94m    [0m[94m    [0m[94m┗━━ [0m[1;38;5;160m📄 bootrom.hex                           
                    [0m    # BUILD_BOOTROM_HEX_FILES                                                                    
           INFO     [94m    [0m[94m┗━━ [0m[1;38;5;160m📄 common/                                 term_tree_maker.py:1030
                    [0m    # CURV_COMMON_DIR                                                                            
[12:59:42] INFO     [logger] configured: LoggingLevels(stderr_level=CRITICAL, file_level=DEBUG)            logger.py:171
[12:59:42] INFO     [logger] configured: LoggingLevels(stderr_level=CRITICAL, file_level=DEBUG)            logger.py:171
           INFO     [1;38;5;69m📂 CURV_REPO_DIR/                                                 term_tree_maker.py:1030
                    [0m    # root of                                                                                    
           INFO     [94m┃    [0m[1;38;5;160m                                                     term_tree_maker.py:1030
                    [0m    # curvcpu/curv                                                                               
           INFO     [94m┃    [0m[1;38;5;160m                                                     term_tree_maker.py:1030
                    [0m    # repository                                                                                 
           INFO     [94m┗━━ [0m[1;38;5;69m📂 my-designs/                                         term_tree_maker.py:1030
                    [0m                                                                                                 
           INFO     [94m    [0m[94m┣━━ [0m[1;38;5;69m📂 riscv-soc/                               term_tree_maker.py:1030
                    [0m                                                                                                 
           INFO     [94m    [0m[94m┃   [0m[94m┣━━ [0m[1;38;5;69m📂 config/                       term_tree_maker.py:1030
                    [0m    # CURV_CONFIG_DIR                                                                            
           INFO     [94m    [0m[94m┃   [0m[94m┃   [0m[94m┣━━ [0m[1;38;5;69m📂 schema/            term_tree_maker.py:1030
                    [0m    # CURV_CONFIG_SCHEMA                                                                         
           INFO     [94m    [0m[94m┃   [0m[94m┃   [0m[94m┃   [0m[94m┃    [0m[1;38;5;160m         term_tree_maker.py:1030
                    [0m    # _DIR                                                                                       
           INFO     [94m    [0m[94m┃   [0m[94m┃   [0m[94m┃   [0m[94m┣━━ [0m[1;38;5;160m📄        term_tree_maker.py:1030
                    schema.toml                                          [0m    #                                       
                    DEFAULT_SCHEMA_TOM                                                                                  
           INFO     [94m    [0m[94m┃   [0m[94m┃   [0m[94m┃   [0m[94m┃    [0m[1;38;5;160m         term_tree_maker.py:1030
                    [0m    # L_PATH                                                                                     
           INFO     [94m    [0m[94m┃   [0m[94m┃   [0m[94m┃   [0m[94m┗━━ [0m[1;38;5;160m📄        term_tree_maker.py:1030
                    tb-extras-schema.toml                                [0m    #                                       
                    DEFAULT_TB_SCHEMA_                                                                                  
           INFO     [94m    [0m[94m┃   [0m[94m┃   [0m[94m┃   [0m[94m     [0m[1;38;5;160m         term_tree_maker.py:1030
                    [0m    # TOML_PATH                                                                                  
           INFO     [94m    [0m[94m┃   [0m[94m┃   [0m[94m┣━━ [0m[1;38;5;69m📂 profiles/          term_tree_maker.py:1030
                    [0m    # CURV_CONFIG_PROFIL                                                                         
           INFO     [94m    [0m[94m┃   [0m[94m┃   [0m[94m┃   [0m[94m┃    [0m[1;38;5;160m         term_tree_maker.py:1030
                    [0m    # ES_DIR                                                                                     
           INFO     [94m    [0m[94m┃   [0m[94m┃   [0m[94m┃   [0m[94m┣━━ [0m[1;38;5;69m📂         term_tree_maker.py:1030
                    overlays/                                            [0m    #                                       
                    CURV_CONFIG_PROFIL                                                                                  
           INFO     [94m    [0m[94m┃   [0m[94m┃   [0m[94m┃   [0m[94m┃   [0m[94m┃                 term_tree_maker.py:1030
                    [0m[1;38;5;160m                                                   [0m    #                          
                    E_OVERLAYS_DIR                                                                                      
           INFO     [94m    [0m[94m┃   [0m[94m┃   [0m[94m┃   [0m[94m┃   [0m[94m┗━━               term_tree_maker.py:1030
                    [0m[1;38;5;160m📄 tb.toml                                          [0m    #                         
                    DEFAULT_TB_OVERLAY                                                                                  
           INFO     [94m    [0m[94m┃   [0m[94m┃   [0m[94m┃   [0m[94m┃   [0m[94m                  term_tree_maker.py:1030
                    [0m[1;38;5;160m                                                   [0m    #                          
                    _TOML_PATH                                                                                          
           INFO     [94m    [0m[94m┃   [0m[94m┃   [0m[94m┃   [0m[94m┗━━ [0m[1;38;5;160m📄        term_tree_maker.py:1030
                    default.toml                                         [0m    #                                       
                    DEFAULT_PROFILE_TO                                                                                  
           INFO     [94m    [0m[94m┃   [0m[94m┃   [0m[94m┃   [0m[94m     [0m[1;38;5;160m         term_tree_maker.py:1030
                    [0m    # ML_PATH                                                                                    
           INFO     [94m    [0m[94m┃   [0m[94m┃   [0m[94m┗━━ [0m[1;38;5;160m📄 memmap/           term_tree_maker.py:1030
                    [0m    # CURV_CONFIG_MEMMAP                                                                         
           INFO     [94m    [0m[94m┃   [0m[94m┃   [0m[94m     [0m[1;38;5;160m                    term_tree_maker.py:1030
                    [0m    # _DIR                                                                                       
           INFO     [94m    [0m[94m┃   [0m[94m┣━━ [0m[1;38;5;69m📂 boards/                       term_tree_maker.py:1030
                    [0m    # CURV_BOARDS_DIR                                                                            
           INFO     [94m    [0m[94m┃   [0m[94m┃   [0m[94m┗━━ [0m[1;38;5;69m📂 gcm-v1/            term_tree_maker.py:1030
                    [0m    # CURV_CONFIG_BOARD_                                                                         
           INFO     [94m    [0m[94m┃   [0m[94m┃   [0m[94m    [0m[94m┃    [0m[1;38;5;160m         term_tree_maker.py:1030
                    [0m    # DIR                                                                                        
           INFO     [94m    [0m[94m┃   [0m[94m┃   [0m[94m    [0m[94m┗━━ [0m[1;38;5;160m📄        term_tree_maker.py:1030
                    devices/                                             [0m    #                                       
                    CURV_CONFIG_DEVICE                                                                                  
           INFO     [94m    [0m[94m┃   [0m[94m┃   [0m[94m    [0m[94m     [0m[1;38;5;160m         term_tree_maker.py:1030
                    [0m    # S_DIR                                                                                      
           INFO     [94m    [0m[94m┃   [0m[94m┗━━ [0m[1;38;5;69m📂 riscv/                        term_tree_maker.py:1030
                    [0m    # CURV_RISCV_DIR                                                                             
           INFO     [94m    [0m[94m┃   [0m[94m    [0m[94m┣━━ [0m[1;38;5;69m📂 firmware/          term_tree_maker.py:1030
                    [0m    # CURV_FIRMWARE_DIR                                                                          
           INFO     [94m    [0m[94m┃   [0m[94m    [0m[94m┃   [0m[94m┗━━ [0m[1;38;5;69m📂         term_tree_maker.py:1030
                    cache-prefills/                                      [0m                                            
           INFO     [94m    [0m[94m┃   [0m[94m    [0m[94m┃   [0m[94m    [0m[94m┗━━               term_tree_maker.py:1030
                    [0m[1;38;5;160m📄 auipc-bypass/                                    [0m    #                         
                    BUILD_CACHE_PREFIL                                                                                  
           INFO     [94m    [0m[94m┃   [0m[94m    [0m[94m┃   [0m[94m    [0m[94m                  term_tree_maker.py:1030
                    [0m[1;38;5;160m                                                   [0m    #                          
                    L_INPUT_DIR                                                                                         
           INFO     [94m    [0m[94m┃   [0m[94m    [0m[94m┗━━ [0m[1;38;5;69m📂 tb/                term_tree_maker.py:1030
                    [0m                                                                                                 
           INFO     [94m    [0m[94m┃   [0m[94m    [0m[94m    [0m[94m┗━━ [0m[1;38;5;69m📂         term_tree_maker.py:1030
                    verilator/                                           [0m                                            
           INFO     [94m    [0m[94m┃   [0m[94m    [0m[94m    [0m[94m    [0m[94m┗━━               term_tree_maker.py:1030
                    [0m[1;38;5;69m📂 riscvcpu/                                        [0m                               
           INFO     [94m    [0m[94m┃   [0m[94m    [0m[94m    [0m[94m    [0m[94m    [0m[94m┗━━    term_tree_maker.py:1030
                    [0m[1;38;5;69m📂 build/                                       [0m                                   
           INFO     [94m    [0m[94m┃   [0m[94m    [0m[94m    [0m[94m    [0m[94m    [0m[94m       term_tree_maker.py:1030
                    [0m[94m┣━━ [0m[1;38;5;69m📂 generated/                               [0m                            
                    # BUILD_GENERATED_DI                                                                                
           INFO     [94m    [0m[94m┃   [0m[94m    [0m[94m    [0m[94m    [0m[94m    [0m[94m       term_tree_maker.py:1030
                    [0m[94m┃   [0m[94m┃    [0m[1;38;5;160m                                                              
                    [0m    # R                                                                                          
           INFO     [94m    [0m[94m┃   [0m[94m    [0m[94m    [0m[94m    [0m[94m    [0m[94m       term_tree_maker.py:1030
                    [0m[94m┃   [0m[94m┣━━ [0m[1;38;5;69m📂 config/                                                      
                    [0m                                                                                                 
           INFO     [94m    [0m[94m┃   [0m[94m    [0m[94m    [0m[94m    [0m[94m    [0m[94m       term_tree_maker.py:1030
                    [0m[94m┃   [0m[94m┃   [0m[94m┗━━ [0m[1;38;5;160m📄 merged.toml                                      
                    [0m    # DEFAULT_MERGED_TOM                                                                         
           INFO     [94m    [0m[94m┃   [0m[94m    [0m[94m    [0m[94m    [0m[94m    [0m[94m       term_tree_maker.py:1030
                    [0m[94m┃   [0m[94m┃   [0m[94m     [0m[1;38;5;160m                                                   
                    [0m    # L_NAME                                                                                     
           INFO     [94m    [0m[94m┃   [0m[94m    [0m[94m    [0m[94m    [0m[94m    [0m[94m       term_tree_maker.py:1030
                    [0m[94m┃   [0m[94m┣━━ [0m[1;38;5;69m📂 make/                                                        
                    [0m                                                                                                 
           INFO     [94m    [0m[94m┃   [0m[94m    [0m[94m    [0m[94m    [0m[94m    [0m[94m       term_tree_maker.py:1030
                    [0m[94m┃   [0m[94m┃   [0m[94m┣━━ [0m[1;38;5;160m📄 config.mk.d                                      
                    [0m    # DEFAULT_DEP_FILE_N                                                                         
           INFO     [94m    [0m[94m┃   [0m[94m    [0m[94m    [0m[94m    [0m[94m    [0m[94m       term_tree_maker.py:1030
                    [0m[94m┃   [0m[94m┃   [0m[94m┃    [0m[1;38;5;160m                                                   
                    [0m    # AME                                                                                        
           INFO     [94m    [0m[94m┃   [0m[94m    [0m[94m    [0m[94m    [0m[94m    [0m[94m       term_tree_maker.py:1030
                    [0m[94m┃   [0m[94m┃   [0m[94m┗━━ [0m[1;38;5;160m📄 curv.mk                                          
                    [0m    # CONFIG_MK                                                                                  
           INFO     [94m    [0m[94m┃   [0m[94m    [0m[94m    [0m[94m    [0m[94m    [0m[94m       term_tree_maker.py:1030
                    [0m[94m┃   [0m[94m┣━━ [0m[1;38;5;69m📂 hdl/                                                         
                    [0m                                                                                                 
           INFO     [94m    [0m[94m┃   [0m[94m    [0m[94m    [0m[94m    [0m[94m    [0m[94m       term_tree_maker.py:1030
                    [0m[94m┃   [0m[94m┃   [0m[94m┣━━ [0m[1;38;5;160m📄 curvcfgpkg.sv                                    
                    [0m    # CONFIG_SVPKG                                                                               
           INFO     [94m    [0m[94m┃   [0m[94m    [0m[94m    [0m[94m    [0m[94m    [0m[94m       term_tree_maker.py:1030
                    [0m[94m┃   [0m[94m┃   [0m[94m┣━━ [0m[1;38;5;160m📄 curvcfg.svh                                      
                    [0m    # CONFIG_SVH                                                                                 
           INFO     [94m    [0m[94m┃   [0m[94m    [0m[94m    [0m[94m    [0m[94m    [0m[94m       term_tree_maker.py:1030
                    [0m[94m┃   [0m[94m┃   [0m[94m┗━━ [0m[1;38;5;160m📄 memmappkg.sv                                     
                    [0m    # MEMMAP_SV                                                                                  
           INFO     [94m    [0m[94m┃   [0m[94m    [0m[94m    [0m[94m    [0m[94m    [0m[94m       term_tree_maker.py:1030
                    [0m[94m┃   [0m[94m┣━━ [0m[1;38;5;69m📂 docs/                                                        
                    [0m                                                                                                 
           INFO     [94m    [0m[94m┃   [0m[94m    [0m[94m    [0m[94m    [0m[94m    [0m[94m       term_tree_maker.py:1030
                    [0m[94m┃   [0m[94m┃   [0m[94m┗━━ [0m[1;38;5;160m📄 MEMORY_MAP.md                                    
                    [0m    # MEMMAP_MD                                                                                  
           INFO     [94m    [0m[94m┃   [0m[94m    [0m[94m    [0m[94m    [0m[94m    [0m[94m       term_tree_maker.py:1030
                    [0m[94m┃   [0m[94m┗━━ [0m[1;38;5;69m📂 shell/                                                       
                    [0m                                                                                                 
           INFO     [94m    [0m[94m┃   [0m[94m    [0m[94m    [0m[94m    [0m[94m    [0m[94m       term_tree_maker.py:1030
                    [0m[94m┃   [0m[94m    [0m[94m┗━━ [0m[1;38;5;160m📄 curv.env                                         
                    [0m    # CONFIG_ENV                                                                                 
           INFO     [94m    [0m[94m┃   [0m[94m    [0m[94m    [0m[94m    [0m[94m    [0m[94m       term_tree_maker.py:1030
                    [0m[94m┗━━ [0m[1;38;5;69m📂 fw/                                      [0m                            
                    # BUILD_FIRMWARE_DIR                                                                                
           INFO     [94m    [0m[94m┃   [0m[94m    [0m[94m    [0m[94m    [0m[94m    [0m[94m       term_tree_maker.py:1030
                    [0m[94m    [0m[94m┣━━ [0m[1;38;5;69m📂 cache-prefills/                                              
                    [0m    # BUILD_FW_CACHE_PRE                                                                         
           INFO     [94m    [0m[94m┃   [0m[94m    [0m[94m    [0m[94m    [0m[94m    [0m[94m       term_tree_maker.py:1030
                    [0m[94m    [0m[94m┃   [0m[94m┃    [0m[1;38;5;160m                                                   
                    [0m    # FILLS_DIR                                                                                  
           INFO     [94m    [0m[94m┃   [0m[94m    [0m[94m    [0m[94m    [0m[94m    [0m[94m       term_tree_maker.py:1030
                    [0m[94m    [0m[94m┃   [0m[94m┣━━ [0m[1;38;5;69m📂 build/                                            
                    [0m    # BUILD_FW_CACHE_PRE                                                                         
           INFO     [94m    [0m[94m┃   [0m[94m    [0m[94m    [0m[94m    [0m[94m    [0m[94m       term_tree_maker.py:1030
                    [0m[94m    [0m[94m┃   [0m[94m┃   [0m[94m┃    [0m[1;38;5;160m                                        
                    [0m    # FILLS_BIN_DIR                                                                              
           INFO     [94m    [0m[94m┃   [0m[94m    [0m[94m    [0m[94m    [0m[94m    [0m[94m       term_tree_maker.py:1030
                    [0m[94m    [0m[94m┃   [0m[94m┃   [0m[94m┣━━ [0m[1;38;5;160m📄 cache.hex                             
                    [0m    # BUILD_CACHE_PREFIL                                                                         
           INFO     [94m    [0m[94m┃   [0m[94m    [0m[94m    [0m[94m    [0m[94m    [0m[94m       term_tree_maker.py:1030
                    [0m[94m    [0m[94m┃   [0m[94m┃   [0m[94m┃    [0m[1;38;5;160m                                        
                    [0m    # L_HEX_OUTPUT_FILE                                                                          
           INFO     [94m    [0m[94m┃   [0m[94m    [0m[94m    [0m[94m    [0m[94m    [0m[94m       term_tree_maker.py:1030
                    [0m[94m    [0m[94m┃   [0m[94m┃   [0m[94m┣━━ [0m[1;38;5;160m📄                                       
                    text-section.hex             [0m    # BUILD_SRC_ICACHE_H                                            
           INFO     [94m    [0m[94m┃   [0m[94m    [0m[94m    [0m[94m    [0m[94m    [0m[94m       term_tree_maker.py:1030
                    [0m[94m    [0m[94m┃   [0m[94m┃   [0m[94m┃    [0m[1;38;5;160m                                        
                    [0m    # EX_FILE                                                                                    
           INFO     [94m    [0m[94m┃   [0m[94m    [0m[94m    [0m[94m    [0m[94m    [0m[94m       term_tree_maker.py:1030
                    [0m[94m    [0m[94m┃   [0m[94m┃   [0m[94m┗━━ [0m[1;38;5;160m📄                                       
                    data-section.hex             [0m    # BUILD_SRC_DCACHE_H                                            
           INFO     [94m    [0m[94m┃   [0m[94m    [0m[94m    [0m[94m    [0m[94m    [0m[94m       term_tree_maker.py:1030
                    [0m[94m    [0m[94m┃   [0m[94m┃   [0m[94m     [0m[1;38;5;160m                                        
                    [0m    # EX_FILE                                                                                    
           INFO     [94m    [0m[94m┃   [0m[94m    [0m[94m    [0m[94m    [0m[94m    [0m[94m       term_tree_maker.py:1030
                    [0m[94m    [0m[94m┃   [0m[94m┣━━ [0m[1;38;5;69m📂 hex-files/                                        
                    [0m    # BUILD_CACHE_OUTPUT                                                                         
           INFO     [94m    [0m[94m┃   [0m[94m    [0m[94m    [0m[94m    [0m[94m    [0m[94m       term_tree_maker.py:1030
                    [0m[94m    [0m[94m┃   [0m[94m┃   [0m[94m┃    [0m[1;38;5;160m                                        
                    [0m    # _HEX_FILES_ROOT_DI                                                                         
           INFO     [94m    [0m[94m┃   [0m[94m    [0m[94m    [0m[94m    [0m[94m    [0m[94m       term_tree_maker.py:1030
                    [0m[94m    [0m[94m┃   [0m[94m┃   [0m[94m┃    [0m[1;38;5;160m                                        
                    [0m    # R                                                                                          
           INFO     [94m    [0m[94m┃   [0m[94m    [0m[94m    [0m[94m    [0m[94m    [0m[94m       term_tree_maker.py:1030
                    [0m[94m    [0m[94m┃   [0m[94m┃   [0m[94m┣━━ [0m[1;38;5;69m📂 dcache/                                
                    [0m    # BUILD_DCACHE_DIR                                                                           
           INFO     [94m    [0m[94m┃   [0m[94m    [0m[94m    [0m[94m    [0m[94m    [0m[94m       term_tree_maker.py:1030
                    [0m[94m    [0m[94m┃   [0m[94m┃   [0m[94m┃   [0m[94m┣━━ [0m[1;38;5;160m📄                            
                    cachelines/              [0m    # BUILD_DCACHE_CACHE                                                
           INFO     [94m    [0m[94m┃   [0m[94m    [0m[94m    [0m[94m    [0m[94m    [0m[94m       term_tree_maker.py:1030
                    [0m[94m    [0m[94m┃   [0m[94m┃   [0m[94m┃   [0m[94m┃    [0m[1;38;5;160m                             
                    [0m    # LINES_DIR                                                                                  
           INFO     [94m    [0m[94m┃   [0m[94m    [0m[94m    [0m[94m    [0m[94m    [0m[94m       term_tree_maker.py:1030
                    [0m[94m    [0m[94m┃   [0m[94m┃   [0m[94m┃   [0m[94m┗━━ [0m[1;38;5;160m📄                            
                    tagram/                  [0m    # BUILD_DCACHE_TAGRA                                                
           INFO     [94m    [0m[94m┃   [0m[94m    [0m[94m    [0m[94m    [0m[94m    [0m[94m       term_tree_maker.py:1030
                    [0m[94m    [0m[94m┃   [0m[94m┃   [0m[94m┃   [0m[94m     [0m[1;38;5;160m                             
                    [0m    # M_DIR                                                                                      
           INFO     [94m    [0m[94m┃   [0m[94m    [0m[94m    [0m[94m    [0m[94m    [0m[94m       term_tree_maker.py:1030
                    [0m[94m    [0m[94m┃   [0m[94m┃   [0m[94m┗━━ [0m[1;38;5;69m📂 icache/                                
                    [0m    # BUILD_ICACHE_DIR                                                                           
           INFO     [94m    [0m[94m┃   [0m[94m    [0m[94m    [0m[94m    [0m[94m    [0m[94m       term_tree_maker.py:1030
                    [0m[94m    [0m[94m┃   [0m[94m┃   [0m[94m    [0m[94m┣━━ [0m[1;38;5;160m📄                            
                    cachelines/              [0m    # BUILD_ICACHE_CACHE                                                
           INFO     [94m    [0m[94m┃   [0m[94m    [0m[94m    [0m[94m    [0m[94m    [0m[94m       term_tree_maker.py:1030
                    [0m[94m    [0m[94m┃   [0m[94m┃   [0m[94m    [0m[94m┃    [0m[1;38;5;160m                             
                    [0m    # LINES_DIR                                                                                  
           INFO     [94m    [0m[94m┃   [0m[94m    [0m[94m    [0m[94m    [0m[94m    [0m[94m       term_tree_maker.py:1030
                    [0m[94m    [0m[94m┃   [0m[94m┃   [0m[94m    [0m[94m┗━━ [0m[1;38;5;160m📄                            
                    tagram/                  [0m    # BUILD_ICACHE_TAGRA                                                
           INFO     [94m    [0m[94m┃   [0m[94m    [0m[94m    [0m[94m    [0m[94m    [0m[94m       term_tree_maker.py:1030
                    [0m[94m    [0m[94m┃   [0m[94m┃   [0m[94m    [0m[94m     [0m[1;38;5;160m                             
                    [0m    # M_DIR                                                                                      
           INFO     [94m    [0m[94m┃   [0m[94m    [0m[94m    [0m[94m    [0m[94m    [0m[94m       term_tree_maker.py:1030
                    [0m[94m    [0m[94m┃   [0m[94m┗━━ [0m[1;38;5;69m📂 generated/                                        
                    [0m                                                                                                 
           INFO     [94m    [0m[94m┃   [0m[94m    [0m[94m    [0m[94m    [0m[94m    [0m[94m       term_tree_maker.py:1030
                    [0m[94m    [0m[94m┃   [0m[94m    [0m[94m┣━━ [0m[1;38;5;69m📂 hdl/                                   
                    [0m    # BUILD_CACHE_PREFIL                                                                         
           INFO     [94m    [0m[94m┃   [0m[94m    [0m[94m    [0m[94m    [0m[94m    [0m[94m       term_tree_maker.py:1030
                    [0m[94m    [0m[94m┃   [0m[94m    [0m[94m┃   [0m[94m┃    [0m[1;38;5;160m                             
                    [0m    # L_HDL_DIR                                                                                  
           INFO     [94m    [0m[94m┃   [0m[94m    [0m[94m    [0m[94m    [0m[94m    [0m[94m       term_tree_maker.py:1030
                    [0m[94m    [0m[94m┃   [0m[94m    [0m[94m┃   [0m[94m┗━━ [0m[1;38;5;160m📄                            
                    cache_hex_files_paths.svh[0m    # BUILD_CACHE_PREFIL                                                
           INFO     [94m    [0m[94m┃   [0m[94m    [0m[94m    [0m[94m    [0m[94m    [0m[94m       term_tree_maker.py:1030
                    [0m[94m    [0m[94m┃   [0m[94m    [0m[94m┃   [0m[94m     [0m[1;38;5;160m                             
                    [0m    # L_HEX_HDR_FILE                                                                             
           INFO     [94m    [0m[94m┃   [0m[94m    [0m[94m    [0m[94m    [0m[94m    [0m[94m       term_tree_maker.py:1030
                    [0m[94m    [0m[94m┃   [0m[94m    [0m[94m┗━━ [0m[1;38;5;69m📂 docs/                                  
                    [0m    # BUILD_CACHE_PREFIL                                                                         
           INFO     [94m    [0m[94m┃   [0m[94m    [0m[94m    [0m[94m    [0m[94m    [0m[94m       term_tree_maker.py:1030
                    [0m[94m    [0m[94m┃   [0m[94m    [0m[94m    [0m[94m┃    [0m[1;38;5;160m                             
                    [0m    # L_DOCS_DIR                                                                                 
           INFO     [94m    [0m[94m┃   [0m[94m    [0m[94m    [0m[94m    [0m[94m    [0m[94m       term_tree_maker.py:1030
                    [0m[94m    [0m[94m┃   [0m[94m    [0m[94m    [0m[94m┗━━ [0m[1;38;5;160m📄                            
                    cache_readme.txt         [0m    # BUILD_CACHE_README                                                
           INFO     [94m    [0m[94m┃   [0m[94m    [0m[94m    [0m[94m    [0m[94m    [0m[94m       term_tree_maker.py:1030
                    [0m[94m    [0m[94m┃   [0m[94m    [0m[94m    [0m[94m     [0m[1;38;5;160m                             
                    [0m    # _FILE                                                                                      
           INFO     [94m    [0m[94m┃   [0m[94m    [0m[94m    [0m[94m    [0m[94m    [0m[94m       term_tree_maker.py:1030
                    [0m[94m    [0m[94m┗━━ [0m[1;38;5;69m📂 bootrom/                                                     
                    [0m                                                                                                 
           INFO     [94m    [0m[94m┃   [0m[94m    [0m[94m    [0m[94m    [0m[94m    [0m[94m       term_tree_maker.py:1030
                    [0m[94m    [0m[94m    [0m[94m┣━━ [0m[1;38;5;69m📂 build/                                            
                    [0m    # BUILD_FW_BOOTROM_D                                                                         
           INFO     [94m    [0m[94m┃   [0m[94m    [0m[94m    [0m[94m    [0m[94m    [0m[94m       term_tree_maker.py:1030
                    [0m[94m    [0m[94m    [0m[94m┃   [0m[94m┃    [0m[1;38;5;160m                                        
                    [0m    # IR                                                                                         
           INFO     [94m    [0m[94m┃   [0m[94m    [0m[94m    [0m[94m    [0m[94m    [0m[94m       term_tree_maker.py:1030
                    [0m[94m    [0m[94m    [0m[94m┃   [0m[94m┗━━ [0m[1;38;5;160m📄 bootrom.o                             
                    [0m    # BUILD_BOOTROM_OBJ_                                                                         
           INFO     [94m    [0m[94m┃   [0m[94m    [0m[94m    [0m[94m    [0m[94m    [0m[94m       term_tree_maker.py:1030
                    [0m[94m    [0m[94m    [0m[94m┃   [0m[94m     [0m[1;38;5;160m                                        
                    [0m    # FILES                                                                                      
           INFO     [94m    [0m[94m┃   [0m[94m    [0m[94m    [0m[94m    [0m[94m    [0m[94m       term_tree_maker.py:1030
                    [0m[94m    [0m[94m    [0m[94m┗━━ [0m[1;38;5;69m📂 hex-files/                                        
                    [0m    # BUILD_BOOTROM_HEX_                                                                         
           INFO     [94m    [0m[94m┃   [0m[94m    [0m[94m    [0m[94m    [0m[94m    [0m[94m       term_tree_maker.py:1030
                    [0m[94m    [0m[94m    [0m[94m    [0m[94m┃    [0m[1;38;5;160m                                        
                    [0m    # FILES_DIR                                                                                  
           INFO     [94m    [0m[94m┃   [0m[94m    [0m[94m    [0m[94m    [0m[94m    [0m[94m       term_tree_maker.py:1030
                    [0m[94m    [0m[94m    [0m[94m    [0m[94m┗━━ [0m[1;38;5;160m📄 bootrom.hex                           
                    [0m    # BUILD_BOOTROM_HEX_                                                                         
           INFO     [94m    [0m[94m┃   [0m[94m    [0m[94m    [0m[94m    [0m[94m    [0m[94m       term_tree_maker.py:1030
                    [0m[94m    [0m[94m    [0m[94m    [0m[94m     [0m[1;38;5;160m                                        
                    [0m    # FILES                                                                                      
           INFO     [94m    [0m[94m┗━━ [0m[1;38;5;160m📄 common/                                 term_tree_maker.py:1030
                    [0m    # CURV_COMMON_DIR                                                                            
